pattern_id,sql_template,slots_schema,usage_count,example_question
PAT_009e99e51e83,"SELECT 'EP1K100FC484-3N' AS part_number, SUM(sale_quantity) AS total_qty, SUM(sale_quantity*actual_selling_price) AS total_amount FROM sales_orders WHERE part_number={{part_number}} AND strftime('%Y', sale_date)={{year}};","part_number, year",3,2023년 EP1K100FC484-3N의 총 판매 수량과 판매 금액은?
PAT_00ff3f7bdc86,"SELECT 'BCM7241BRKFEBA01G' AS part_number, SUM(purchase_quantity) AS total_qty, SUM(purchase_quantity*actual_unit_cost) AS total_amount FROM purchase_orders WHERE part_number={{part_number}} AND strftime('%Y', purchase_date)={{year}};","part_number, year",3,2023년 BCM7241BRKFEBA01G의 총 구매 수량과 구매 금액은?
PAT_013777ecb617,"SELECT 'AG64BB1N' AS part_number, COALESCE((SELECT SUM(sale_quantity*actual_selling_price) FROM sales_orders WHERE part_number={{part_number}} AND strftime('%Y', sale_date)={{year}}), 0) AS total_sales, COALESCE((SELECT SUM(purchase_quantity*actual_unit_cost) FROM purchase_orders WHERE part_number={{part_number}} AND strftime('%Y', purchase_date)={{year}}), 0) AS total_purchase, COALESCE((SELECT SUM(sale_quantity*actual_selling_price) FROM sales_orders WHERE part_number={{part_number}} AND strftime('%Y', sale_date)={{year}}), 0) - COALESCE((SELECT SUM(purchase_quantity*actual_unit_cost) FROM purchase_orders WHERE part_number={{part_number}} AND strftime('%Y', purchase_date)={{year}}), 0) AS profit;","part_number, year",3,"2023년 AG64BB1N의 총매출, 총매입, 순이익(흑자/적자)은?"
PAT_019e839d1f15,"SELECT 'CS5916AA' AS part_number, SUM(purchase_quantity) AS total_qty, SUM(purchase_quantity*actual_unit_cost) AS total_amount FROM purchase_orders WHERE part_number={{part_number}} AND strftime('%Y', purchase_date)={{year}};","part_number, year",3,2023년 CS5916AA의 총 구매 수량과 구매 금액은?
PAT_01b3f4966271,"SELECT 'ETRAX100LX' AS part_number, COALESCE((SELECT SUM(sale_quantity*actual_selling_price) FROM sales_orders WHERE part_number={{part_number}} AND strftime('%Y', sale_date)={{year}}), 0) AS total_sales, COALESCE((SELECT SUM(purchase_quantity*actual_unit_cost) FROM purchase_orders WHERE part_number={{part_number}} AND strftime('%Y', purchase_date)={{year}}), 0) AS total_purchase, COALESCE((SELECT SUM(sale_quantity*actual_selling_price) FROM sales_orders WHERE part_number={{part_number}} AND strftime('%Y', sale_date)={{year}}), 0) - COALESCE((SELECT SUM(purchase_quantity*actual_unit_cost) FROM purchase_orders WHERE part_number={{part_number}} AND strftime('%Y', purchase_date)={{year}}), 0) AS profit;","part_number, year",3,"2023년 ETRAX100LX의 총매출, 총매입, 순이익(흑자/적자)은?"
PAT_01ecf4f70b6f,"SELECT 'AR9132-BC1E' AS part_number, SUM(purchase_quantity) AS total_qty, SUM(purchase_quantity*actual_unit_cost) AS total_amount FROM purchase_orders WHERE part_number={{part_number}} AND strftime('%Y', purchase_date)={{year}};","part_number, year",3,2023년 AR9132-BC1E의 총 구매 수량과 구매 금액은?
PAT_021a8e775c63,"SELECT 'BCM6522IPBG' AS part_number, COALESCE((SELECT SUM(sale_quantity*actual_selling_price) FROM sales_orders WHERE part_number={{part_number}} AND strftime('%Y', sale_date)={{year}}), 0) AS total_sales, COALESCE((SELECT SUM(purchase_quantity*actual_unit_cost) FROM purchase_orders WHERE part_number={{part_number}} AND strftime('%Y', purchase_date)={{year}}), 0) AS total_purchase, COALESCE((SELECT SUM(sale_quantity*actual_selling_price) FROM sales_orders WHERE part_number={{part_number}} AND strftime('%Y', sale_date)={{year}}), 0) - COALESCE((SELECT SUM(purchase_quantity*actual_unit_cost) FROM purchase_orders WHERE part_number={{part_number}} AND strftime('%Y', purchase_date)={{year}}), 0) AS profit;","part_number, year",3,"2023년 BCM6522IPBG의 총매출, 총매입, 순이익(흑자/적자)은?"
PAT_023ff5208ef1,"SELECT 'EP1S25F672C7' AS part_number, COALESCE((SELECT SUM(sale_quantity*actual_selling_price) FROM sales_orders WHERE part_number={{part_number}} AND strftime('%Y', sale_date)={{year}}), 0) AS total_sales, COALESCE((SELECT SUM(purchase_quantity*actual_unit_cost) FROM purchase_orders WHERE part_number={{part_number}} AND strftime('%Y', purchase_date)={{year}}), 0) AS total_purchase, COALESCE((SELECT SUM(sale_quantity*actual_selling_price) FROM sales_orders WHERE part_number={{part_number}} AND strftime('%Y', sale_date)={{year}}), 0) - COALESCE((SELECT SUM(purchase_quantity*actual_unit_cost) FROM purchase_orders WHERE part_number={{part_number}} AND strftime('%Y', purchase_date)={{year}}), 0) AS profit;","part_number, year",3,"2023년 EP1S25F672C7의 총매출, 총매입, 순이익(흑자/적자)은?"
PAT_0246f36b40fb,"SELECT 'A54SX32A-FG144' AS part_number, SUM(purchase_quantity) AS total_qty, SUM(purchase_quantity*actual_unit_cost) AS total_amount FROM purchase_orders WHERE part_number={{part_number}} AND strftime('%Y', purchase_date)={{year}};","part_number, year",3,2023년 A54SX32A-FG144의 총 구매 수량과 구매 금액은?
PAT_025c33786a70,"SELECT '25LC160BT-I/ST' AS part_number, COALESCE((SELECT SUM(sale_quantity*actual_selling_price) FROM sales_orders WHERE part_number={{part_number}} AND strftime('%Y', sale_date)={{year}}), 0) AS total_sales, COALESCE((SELECT SUM(purchase_quantity*actual_unit_cost) FROM purchase_orders WHERE part_number={{part_number}} AND strftime('%Y', purchase_date)={{year}}), 0) AS total_purchase, COALESCE((SELECT SUM(sale_quantity*actual_selling_price) FROM sales_orders WHERE part_number={{part_number}} AND strftime('%Y', sale_date)={{year}}), 0) - COALESCE((SELECT SUM(purchase_quantity*actual_unit_cost) FROM purchase_orders WHERE part_number={{part_number}} AND strftime('%Y', purchase_date)={{year}}), 0) AS profit;","part_number, year",3,"2023년 25LC160BT-I/ST의 총매출, 총매입, 순이익(흑자/적자)은?"
PAT_02bce8075c9e,"SELECT 'EP1C4F324C8N' AS part_number, COALESCE((SELECT SUM(sale_quantity*actual_selling_price) FROM sales_orders WHERE part_number={{part_number}} AND strftime('%Y', sale_date)={{year}}), 0) AS total_sales, COALESCE((SELECT SUM(purchase_quantity*actual_unit_cost) FROM purchase_orders WHERE part_number={{part_number}} AND strftime('%Y', purchase_date)={{year}}), 0) AS total_purchase, COALESCE((SELECT SUM(sale_quantity*actual_selling_price) FROM sales_orders WHERE part_number={{part_number}} AND strftime('%Y', sale_date)={{year}}), 0) - COALESCE((SELECT SUM(purchase_quantity*actual_unit_cost) FROM purchase_orders WHERE part_number={{part_number}} AND strftime('%Y', purchase_date)={{year}}), 0) AS profit;","part_number, year",3,"2023년 EP1C4F324C8N의 총매출, 총매입, 순이익(흑자/적자)은?"
PAT_031b1a2c9312,"SELECT '5J29902A' AS part_number, SUM(purchase_quantity) AS total_qty, SUM(purchase_quantity*actual_unit_cost) AS total_amount FROM purchase_orders WHERE part_number={{part_number}} AND strftime('%Y', purchase_date)={{year}};","part_number, year",3,2023년 5J29902A의 총 구매 수량과 구매 금액은?
PAT_033b27484e3c,"SELECT 'EP1C6F256C8' AS part_number, SUM(purchase_quantity) AS total_qty, SUM(purchase_quantity*actual_unit_cost) AS total_amount FROM purchase_orders WHERE part_number={{part_number}} AND strftime('%Y', purchase_date)={{year}};","part_number, year",3,2023년 EP1C6F256C8의 총 구매 수량과 구매 금액은?
PAT_0340d50068de,"SELECT m.name AS manufacturer_name, SUM(p.purchase_quantity*p.actual_unit_cost) AS total_amount FROM purchase_orders p JOIN manufacturers m ON p.manufacturer_id=m.manufacturer_id WHERE strftime('%Y', p.purchase_date)='2025' AND strftime('%m', p.purchase_date)='04' GROUP BY m.name ORDER BY total_amount DESC LIMIT 10;",,1,2025년 04월 제조사별 구매 금액 TOP 10은?
PAT_0343b1a9b7d3,"SELECT 'FLI75LX-EHBB' AS part_number, SUM(purchase_quantity) AS total_qty, SUM(purchase_quantity*actual_unit_cost) AS total_amount FROM purchase_orders WHERE part_number={{part_number}} AND strftime('%Y', purchase_date)={{year}};","part_number, year",3,2023년 FLI75LX-EHBB의 총 구매 수량과 구매 금액은?
PAT_040beef11534,"SELECT 'ATXMEGA16D4-MH' AS part_number, COALESCE((SELECT SUM(sale_quantity*actual_selling_price) FROM sales_orders WHERE part_number={{part_number}} AND strftime('%Y', sale_date)={{year}}), 0) AS total_sales, COALESCE((SELECT SUM(purchase_quantity*actual_unit_cost) FROM purchase_orders WHERE part_number={{part_number}} AND strftime('%Y', purchase_date)={{year}}), 0) AS total_purchase, COALESCE((SELECT SUM(sale_quantity*actual_selling_price) FROM sales_orders WHERE part_number={{part_number}} AND strftime('%Y', sale_date)={{year}}), 0) - COALESCE((SELECT SUM(purchase_quantity*actual_unit_cost) FROM purchase_orders WHERE part_number={{part_number}} AND strftime('%Y', purchase_date)={{year}}), 0) AS profit;","part_number, year",3,"2023년 ATXMEGA16D4-MH의 총매출, 총매입, 순이익(흑자/적자)은?"
PAT_047239b69c03,"SELECT 'EDENESP8000' AS part_number, COALESCE((SELECT SUM(sale_quantity*actual_selling_price) FROM sales_orders WHERE part_number={{part_number}} AND strftime('%Y', sale_date)={{year}}), 0) AS total_sales, COALESCE((SELECT SUM(purchase_quantity*actual_unit_cost) FROM purchase_orders WHERE part_number={{part_number}} AND strftime('%Y', purchase_date)={{year}}), 0) AS total_purchase, COALESCE((SELECT SUM(sale_quantity*actual_selling_price) FROM sales_orders WHERE part_number={{part_number}} AND strftime('%Y', sale_date)={{year}}), 0) - COALESCE((SELECT SUM(purchase_quantity*actual_unit_cost) FROM purchase_orders WHERE part_number={{part_number}} AND strftime('%Y', purchase_date)={{year}}), 0) AS profit;","part_number, year",3,"2023년 EDENESP8000의 총매출, 총매입, 순이익(흑자/적자)은?"
PAT_0477d2867054,"SELECT m.name AS manufacturer_name, SUM(p.purchase_quantity*p.actual_unit_cost) AS total_amount FROM purchase_orders p JOIN manufacturers m ON p.manufacturer_id=m.manufacturer_id WHERE strftime('%Y', p.purchase_date)='2025' AND strftime('%m', p.purchase_date)='09' GROUP BY m.name ORDER BY total_amount DESC LIMIT 10;",,1,2025년 09월 제조사별 구매 금액 TOP 10은?
PAT_049d962a52b7,"SELECT 'CY7C1318AV18-167BZC' AS part_number, COALESCE((SELECT SUM(sale_quantity*actual_selling_price) FROM sales_orders WHERE part_number={{part_number}} AND strftime('%Y', sale_date)={{year}}), 0) AS total_sales, COALESCE((SELECT SUM(purchase_quantity*actual_unit_cost) FROM purchase_orders WHERE part_number={{part_number}} AND strftime('%Y', purchase_date)={{year}}), 0) AS total_purchase, COALESCE((SELECT SUM(sale_quantity*actual_selling_price) FROM sales_orders WHERE part_number={{part_number}} AND strftime('%Y', sale_date)={{year}}), 0) - COALESCE((SELECT SUM(purchase_quantity*actual_unit_cost) FROM purchase_orders WHERE part_number={{part_number}} AND strftime('%Y', purchase_date)={{year}}), 0) AS profit;","part_number, year",3,"2023년 CY7C1318AV18-167BZC의 총매출, 총매입, 순이익(흑자/적자)은?"
PAT_04b55f0d2190,"SELECT p.part_number, p.description, SUM(s.sale_quantity) AS total_qty FROM sales_orders s JOIN products p ON s.part_number=p.part_number WHERE strftime('%Y', s.sale_date)='2025' GROUP BY p.part_number, p.description ORDER BY total_qty DESC LIMIT 20;",,1,2025년 제품 설명 기준 판매 수량 TOP 20은?
PAT_04be919db67a,"SELECT '216TQA6AVA12FG' AS part_number, COALESCE((SELECT SUM(sale_quantity*actual_selling_price) FROM sales_orders WHERE part_number={{part_number}} AND strftime('%Y', sale_date)={{year}}), 0) AS total_sales, COALESCE((SELECT SUM(purchase_quantity*actual_unit_cost) FROM purchase_orders WHERE part_number={{part_number}} AND strftime('%Y', purchase_date)={{year}}), 0) AS total_purchase, COALESCE((SELECT SUM(sale_quantity*actual_selling_price) FROM sales_orders WHERE part_number={{part_number}} AND strftime('%Y', sale_date)={{year}}), 0) - COALESCE((SELECT SUM(purchase_quantity*actual_unit_cost) FROM purchase_orders WHERE part_number={{part_number}} AND strftime('%Y', purchase_date)={{year}}), 0) AS profit;","part_number, year",3,"2023년 216TQA6AVA12FG의 총매출, 총매입, 순이익(흑자/적자)은?"
PAT_04c9aaa1c3dc,"SELECT 'EPIC20F3247N' AS part_number, SUM(purchase_quantity) AS total_qty, SUM(purchase_quantity*actual_unit_cost) AS total_amount FROM purchase_orders WHERE part_number={{part_number}} AND strftime('%Y', purchase_date)={{year}};","part_number, year",3,2023년 EPIC20F3247N의 총 구매 수량과 구매 금액은?
PAT_05213744fe54,"SELECT 'EP1C6F256C7N' AS part_number, COALESCE((SELECT SUM(sale_quantity*actual_selling_price) FROM sales_orders WHERE part_number={{part_number}} AND strftime('%Y', sale_date)={{year}}), 0) AS total_sales, COALESCE((SELECT SUM(purchase_quantity*actual_unit_cost) FROM purchase_orders WHERE part_number={{part_number}} AND strftime('%Y', purchase_date)={{year}}), 0) AS total_purchase, COALESCE((SELECT SUM(sale_quantity*actual_selling_price) FROM sales_orders WHERE part_number={{part_number}} AND strftime('%Y', sale_date)={{year}}), 0) - COALESCE((SELECT SUM(purchase_quantity*actual_unit_cost) FROM purchase_orders WHERE part_number={{part_number}} AND strftime('%Y', purchase_date)={{year}}), 0) AS profit;","part_number, year",3,"2023년 EP1C6F256C7N의 총매출, 총매입, 순이익(흑자/적자)은?"
PAT_053d0df5e773,"SELECT 'ALT6300-C0' AS part_number, SUM(sale_quantity) AS total_qty, SUM(sale_quantity*actual_selling_price) AS total_amount FROM sales_orders WHERE part_number={{part_number}} AND strftime('%Y', sale_date)={{year}};","part_number, year",3,2023년 ALT6300-C0의 총 판매 수량과 판매 금액은?
PAT_056375ca15d5,"SELECT 'EPM240M100C4NGA' AS part_number, COALESCE((SELECT SUM(sale_quantity*actual_selling_price) FROM sales_orders WHERE part_number={{part_number}} AND strftime('%Y', sale_date)={{year}}), 0) AS total_sales, COALESCE((SELECT SUM(purchase_quantity*actual_unit_cost) FROM purchase_orders WHERE part_number={{part_number}} AND strftime('%Y', purchase_date)={{year}}), 0) AS total_purchase, COALESCE((SELECT SUM(sale_quantity*actual_selling_price) FROM sales_orders WHERE part_number={{part_number}} AND strftime('%Y', sale_date)={{year}}), 0) - COALESCE((SELECT SUM(purchase_quantity*actual_unit_cost) FROM purchase_orders WHERE part_number={{part_number}} AND strftime('%Y', purchase_date)={{year}}), 0) AS profit;","part_number, year",3,"2023년 EPM240M100C4NGA의 총매출, 총매입, 순이익(흑자/적자)은?"
PAT_0567392aa30a,"SELECT 'CY37256VP256-66BBI' AS part_number, SUM(purchase_quantity) AS total_qty, SUM(purchase_quantity*actual_unit_cost) AS total_amount FROM purchase_orders WHERE part_number={{part_number}} AND strftime('%Y', purchase_date)={{year}};","part_number, year",3,2023년 CY37256VP256-66BBI의 총 구매 수량과 구매 금액은?
PAT_0574a391cbe5,"SELECT 'DS3641B+' AS part_number, COALESCE((SELECT SUM(sale_quantity*actual_selling_price) FROM sales_orders WHERE part_number={{part_number}} AND strftime('%Y', sale_date)={{year}}), 0) AS total_sales, COALESCE((SELECT SUM(purchase_quantity*actual_unit_cost) FROM purchase_orders WHERE part_number={{part_number}} AND strftime('%Y', purchase_date)={{year}}), 0) AS total_purchase, COALESCE((SELECT SUM(sale_quantity*actual_selling_price) FROM sales_orders WHERE part_number={{part_number}} AND strftime('%Y', sale_date)={{year}}), 0) - COALESCE((SELECT SUM(purchase_quantity*actual_unit_cost) FROM purchase_orders WHERE part_number={{part_number}} AND strftime('%Y', purchase_date)={{year}}), 0) AS profit;","part_number, year",3,"2023년 DS3641B+의 총매출, 총매입, 순이익(흑자/적자)은?"
PAT_05807613079c,"SELECT 'EP2SGXF1152AA' AS part_number, COALESCE((SELECT SUM(sale_quantity*actual_selling_price) FROM sales_orders WHERE part_number={{part_number}} AND strftime('%Y', sale_date)={{year}}), 0) AS total_sales, COALESCE((SELECT SUM(purchase_quantity*actual_unit_cost) FROM purchase_orders WHERE part_number={{part_number}} AND strftime('%Y', purchase_date)={{year}}), 0) AS total_purchase, COALESCE((SELECT SUM(sale_quantity*actual_selling_price) FROM sales_orders WHERE part_number={{part_number}} AND strftime('%Y', sale_date)={{year}}), 0) - COALESCE((SELECT SUM(purchase_quantity*actual_unit_cost) FROM purchase_orders WHERE part_number={{part_number}} AND strftime('%Y', purchase_date)={{year}}), 0) AS profit;","part_number, year",3,"2023년 EP2SGXF1152AA의 총매출, 총매입, 순이익(흑자/적자)은?"
PAT_058f5ae4fd84,"SELECT 'CY7C1512V18-200BZXC' AS part_number, SUM(purchase_quantity) AS total_qty, SUM(purchase_quantity*actual_unit_cost) AS total_amount FROM purchase_orders WHERE part_number={{part_number}} AND strftime('%Y', purchase_date)={{year}};","part_number, year",3,2023년 CY7C1512V18-200BZXC의 총 구매 수량과 구매 금액은?
PAT_0670db3ad6fd,"SELECT 'EPCQL1024F24IN' AS part_number, SUM(purchase_quantity) AS total_qty, SUM(purchase_quantity*actual_unit_cost) AS total_amount FROM purchase_orders WHERE part_number={{part_number}} AND strftime('%Y', purchase_date)={{year}};","part_number, year",3,2023년 EPCQL1024F24IN의 총 구매 수량과 구매 금액은?
PAT_068aae10c457,"SELECT 'CY62157DV30LL-55BVXI' AS part_number, SUM(purchase_quantity) AS total_qty, SUM(purchase_quantity*actual_unit_cost) AS total_amount FROM purchase_orders WHERE part_number={{part_number}} AND strftime('%Y', purchase_date)={{year}};","part_number, year",3,2023년 CY62157DV30LL-55BVXI의 총 구매 수량과 구매 금액은?
PAT_075e209d3b9b,"SELECT 'DS21455N+' AS part_number, COALESCE((SELECT SUM(sale_quantity*actual_selling_price) FROM sales_orders WHERE part_number={{part_number}} AND strftime('%Y', sale_date)={{year}}), 0) AS total_sales, COALESCE((SELECT SUM(purchase_quantity*actual_unit_cost) FROM purchase_orders WHERE part_number={{part_number}} AND strftime('%Y', purchase_date)={{year}}), 0) AS total_purchase, COALESCE((SELECT SUM(sale_quantity*actual_selling_price) FROM sales_orders WHERE part_number={{part_number}} AND strftime('%Y', sale_date)={{year}}), 0) - COALESCE((SELECT SUM(purchase_quantity*actual_unit_cost) FROM purchase_orders WHERE part_number={{part_number}} AND strftime('%Y', purchase_date)={{year}}), 0) AS profit;","part_number, year",3,"2023년 DS21455N+의 총매출, 총매입, 순이익(흑자/적자)은?"
PAT_0795bda7a69a,"SELECT 'LC4032ZE-7TN48I-P018' AS part_number, COALESCE((SELECT SUM(sale_quantity*actual_selling_price) FROM sales_orders WHERE part_number={{part_number}} AND strftime('%Y', sale_date)={{year}}), 0) AS total_sales, COALESCE((SELECT SUM(purchase_quantity*actual_unit_cost) FROM purchase_orders WHERE part_number={{part_number}} AND strftime('%Y', purchase_date)={{year}}), 0) AS total_purchase, COALESCE((SELECT SUM(sale_quantity*actual_selling_price) FROM sales_orders WHERE part_number={{part_number}} AND strftime('%Y', sale_date)={{year}}), 0) - COALESCE((SELECT SUM(purchase_quantity*actual_unit_cost) FROM purchase_orders WHERE part_number={{part_number}} AND strftime('%Y', purchase_date)={{year}}), 0) AS profit;","part_number, year",3,"2023년 LC4032ZE-7TN48I-P018의 총매출, 총매입, 순이익(흑자/적자)은?"
PAT_07b2c1152fc5,"SELECT 'CY7C1312BV18-167BZC' AS part_number, SUM(purchase_quantity) AS total_qty, SUM(purchase_quantity*actual_unit_cost) AS total_amount FROM purchase_orders WHERE part_number={{part_number}} AND strftime('%Y', purchase_date)={{year}};","part_number, year",3,2023년 CY7C1312BV18-167BZC의 총 구매 수량과 구매 금액은?
PAT_07d815400349,"SELECT '5CGTFD5C5F23I7N' AS part_number, SUM(purchase_quantity) AS total_qty, SUM(purchase_quantity*actual_unit_cost) AS total_amount FROM purchase_orders WHERE part_number={{part_number}} AND strftime('%Y', purchase_date)={{year}};","part_number, year",3,2023년 5CGTFD5C5F23I7N의 총 구매 수량과 구매 금액은?
PAT_083c228facb0,"SELECT 'EDB8064B2PB-8D-F' AS part_number, SUM(purchase_quantity) AS total_qty, SUM(purchase_quantity*actual_unit_cost) AS total_amount FROM purchase_orders WHERE part_number={{part_number}} AND strftime('%Y', purchase_date)={{year}};","part_number, year",3,2023년 EDB8064B2PB-8D-F의 총 구매 수량과 구매 금액은?
PAT_083c4c1c4949,"SELECT 'CYP15G0401DXB-BGXI' AS part_number, SUM(purchase_quantity) AS total_qty, SUM(purchase_quantity*actual_unit_cost) AS total_amount FROM purchase_orders WHERE part_number={{part_number}} AND strftime('%Y', purchase_date)={{year}};","part_number, year",3,2023년 CYP15G0401DXB-BGXI의 총 구매 수량과 구매 금액은?
PAT_08b625625e42,"SELECT 'ADS5409IZAY' AS part_number, SUM(purchase_quantity) AS total_qty, SUM(purchase_quantity*actual_unit_cost) AS total_amount FROM purchase_orders WHERE part_number={{part_number}} AND strftime('%Y', purchase_date)={{year}};","part_number, year",3,2023년 ADS5409IZAY의 총 구매 수량과 구매 금액은?
PAT_091d4266c6f4,"SELECT v.vendor_name, SUM(s.sale_quantity*s.actual_selling_price) AS total_amount FROM sales_orders s JOIN vendors v ON s.vendor_id=v.vendor_id WHERE strftime('%Y', s.sale_date)='2023' AND strftime('%m', s.sale_date)='08' GROUP BY v.vendor_name ORDER BY total_amount DESC LIMIT 10;",,1,2023년 08월 벤더별 판매 금액 TOP 10은?
PAT_0945d07611f2,"SELECT '215H48BGA21HG' AS part_number, SUM(purchase_quantity) AS total_qty, SUM(purchase_quantity*actual_unit_cost) AS total_amount FROM purchase_orders WHERE part_number={{part_number}} AND strftime('%Y', purchase_date)={{year}};","part_number, year",3,2023년 215H48BGA21HG의 총 구매 수량과 구매 금액은?
PAT_09e2fcd69cab,"SELECT 'CYUSB3014-BZXC' AS part_number, COALESCE((SELECT SUM(sale_quantity*actual_selling_price) FROM sales_orders WHERE part_number={{part_number}} AND strftime('%Y', sale_date)={{year}}), 0) AS total_sales, COALESCE((SELECT SUM(purchase_quantity*actual_unit_cost) FROM purchase_orders WHERE part_number={{part_number}} AND strftime('%Y', purchase_date)={{year}}), 0) AS total_purchase, COALESCE((SELECT SUM(sale_quantity*actual_selling_price) FROM sales_orders WHERE part_number={{part_number}} AND strftime('%Y', sale_date)={{year}}), 0) - COALESCE((SELECT SUM(purchase_quantity*actual_unit_cost) FROM purchase_orders WHERE part_number={{part_number}} AND strftime('%Y', purchase_date)={{year}}), 0) AS profit;","part_number, year",3,"2023년 CYUSB3014-BZXC의 총매출, 총매입, 순이익(흑자/적자)은?"
PAT_0a1756fa7974,"SELECT m.name AS manufacturer_name, SUM(p.purchase_quantity*p.actual_unit_cost) AS total_amount FROM purchase_orders p JOIN manufacturers m ON p.manufacturer_id=m.manufacturer_id WHERE strftime('%Y', p.purchase_date)='2024' AND strftime('%m', p.purchase_date)='04' GROUP BY m.name ORDER BY total_amount DESC LIMIT 10;",,1,2024년 04월 제조사별 구매 금액 TOP 10은?
PAT_0a2c0d83c839,"SELECT 'EP1S80F1020C6N' AS part_number, COALESCE((SELECT SUM(sale_quantity*actual_selling_price) FROM sales_orders WHERE part_number={{part_number}} AND strftime('%Y', sale_date)={{year}}), 0) AS total_sales, COALESCE((SELECT SUM(purchase_quantity*actual_unit_cost) FROM purchase_orders WHERE part_number={{part_number}} AND strftime('%Y', purchase_date)={{year}}), 0) AS total_purchase, COALESCE((SELECT SUM(sale_quantity*actual_selling_price) FROM sales_orders WHERE part_number={{part_number}} AND strftime('%Y', sale_date)={{year}}), 0) - COALESCE((SELECT SUM(purchase_quantity*actual_unit_cost) FROM purchase_orders WHERE part_number={{part_number}} AND strftime('%Y', purchase_date)={{year}}), 0) AS profit;","part_number, year",3,"2023년 EP1S80F1020C6N의 총매출, 총매입, 순이익(흑자/적자)은?"
PAT_0a69a7a79eb6,"SELECT pr.part_number, pr.description, SUM(p.purchase_quantity) AS total_qty FROM purchase_orders p JOIN products pr ON p.part_number=pr.part_number WHERE strftime('%Y', p.purchase_date)='2023' GROUP BY pr.part_number, pr.description ORDER BY total_qty DESC LIMIT 20;",,1,2023년 제품 설명 기준 구매 수량 TOP 20은?
PAT_0abea0710b57,"SELECT 'EDB1332BDBH-1DAAT' AS part_number, SUM(purchase_quantity) AS total_qty, SUM(purchase_quantity*actual_unit_cost) AS total_amount FROM purchase_orders WHERE part_number={{part_number}} AND strftime('%Y', purchase_date)={{year}};","part_number, year",3,2023년 EDB1332BDBH-1DAAT의 총 구매 수량과 구매 금액은?
PAT_0b14d0ea822d,"SELECT 'AU80586GE025D' AS part_number, SUM(sale_quantity) AS total_qty, SUM(sale_quantity*actual_selling_price) AS total_amount FROM sales_orders WHERE part_number={{part_number}} AND strftime('%Y', sale_date)={{year}};","part_number, year",3,2023년 AU80586GE025D의 총 판매 수량과 판매 금액은?
PAT_0b859b39fb55,"SELECT 'BCM54616SC0KFBG' AS part_number, SUM(sale_quantity) AS total_qty, SUM(sale_quantity*actual_selling_price) AS total_amount FROM sales_orders WHERE part_number={{part_number}} AND strftime('%Y', sale_date)={{year}};","part_number, year",3,2023년 BCM54616SC0KFBG의 총 판매 수량과 판매 금액은?
PAT_0b99a59a8c9d,"SELECT 'BCM3556FKFSB5G' AS part_number, SUM(sale_quantity) AS total_qty, SUM(sale_quantity*actual_selling_price) AS total_amount FROM sales_orders WHERE part_number={{part_number}} AND strftime('%Y', sale_date)={{year}};","part_number, year",3,2023년 BCM3556FKFSB5G의 총 판매 수량과 판매 금액은?
PAT_0ba0ce3ae2fc,"SELECT v.vendor_name, SUM(s.sale_quantity*s.actual_selling_price) AS total_amount FROM sales_orders s JOIN vendors v ON s.vendor_id=v.vendor_id WHERE strftime('%Y', s.sale_date)='2023' AND strftime('%m', s.sale_date)='04' GROUP BY v.vendor_name ORDER BY total_amount DESC LIMIT 10;",,1,2023년 04월 벤더별 판매 금액 TOP 10은?
PAT_0c2590dfe915,"SELECT 'EDENESP8000' AS part_number, SUM(sale_quantity) AS total_qty, SUM(sale_quantity*actual_selling_price) AS total_amount FROM sales_orders WHERE part_number={{part_number}} AND strftime('%Y', sale_date)={{year}};","part_number, year",3,2023년 EDENESP8000의 총 판매 수량과 판매 금액은?
PAT_0cf230052fff,"SELECT 'EP20K400EFC672-1X' AS part_number, SUM(purchase_quantity) AS total_qty, SUM(purchase_quantity*actual_unit_cost) AS total_amount FROM purchase_orders WHERE part_number={{part_number}} AND strftime('%Y', purchase_date)={{year}};","part_number, year",3,2023년 EP20K400EFC672-1X의 총 구매 수량과 구매 금액은?
PAT_0e29b33412ed,"SELECT part_number, std_unit_cost FROM products ORDER BY std_unit_cost DESC LIMIT 1;",,1,products에서 std_unit_cost 최댓값 제품은?
PAT_0e37b6b2fa9b,"SELECT '88AP320-C0-BGR2C806-TN31' AS part_number, COALESCE((SELECT SUM(sale_quantity*actual_selling_price) FROM sales_orders WHERE part_number={{part_number}} AND strftime('%Y', sale_date)={{year}}), 0) AS total_sales, COALESCE((SELECT SUM(purchase_quantity*actual_unit_cost) FROM purchase_orders WHERE part_number={{part_number}} AND strftime('%Y', purchase_date)={{year}}), 0) AS total_purchase, COALESCE((SELECT SUM(sale_quantity*actual_selling_price) FROM sales_orders WHERE part_number={{part_number}} AND strftime('%Y', sale_date)={{year}}), 0) - COALESCE((SELECT SUM(purchase_quantity*actual_unit_cost) FROM purchase_orders WHERE part_number={{part_number}} AND strftime('%Y', purchase_date)={{year}}), 0) AS profit;","part_number, year",3,"2023년 88AP320-C0-BGR2C806-TN31의 총매출, 총매입, 순이익(흑자/적자)은?"
PAT_0e6b566cd451,"SELECT 'FW21154BE' AS part_number, SUM(purchase_quantity) AS total_qty, SUM(purchase_quantity*actual_unit_cost) AS total_amount FROM purchase_orders WHERE part_number={{part_number}} AND strftime('%Y', purchase_date)={{year}};","part_number, year",3,2023년 FW21154BE의 총 구매 수량과 구매 금액은?
PAT_0e6ead786181,"SELECT 'ETRAX100LX' AS part_number, SUM(sale_quantity) AS total_qty, SUM(sale_quantity*actual_selling_price) AS total_amount FROM sales_orders WHERE part_number={{part_number}} AND strftime('%Y', sale_date)={{year}};","part_number, year",3,2023년 ETRAX100LX의 총 판매 수량과 판매 금액은?
PAT_0e797e4db344,"SELECT 'BCM63138DVKFSBG' AS part_number, COALESCE((SELECT SUM(sale_quantity*actual_selling_price) FROM sales_orders WHERE part_number={{part_number}} AND strftime('%Y', sale_date)={{year}}), 0) AS total_sales, COALESCE((SELECT SUM(purchase_quantity*actual_unit_cost) FROM purchase_orders WHERE part_number={{part_number}} AND strftime('%Y', purchase_date)={{year}}), 0) AS total_purchase, COALESCE((SELECT SUM(sale_quantity*actual_selling_price) FROM sales_orders WHERE part_number={{part_number}} AND strftime('%Y', sale_date)={{year}}), 0) - COALESCE((SELECT SUM(purchase_quantity*actual_unit_cost) FROM purchase_orders WHERE part_number={{part_number}} AND strftime('%Y', purchase_date)={{year}}), 0) AS profit;","part_number, year",3,"2023년 BCM63138DVKFSBG의 총매출, 총매입, 순이익(흑자/적자)은?"
PAT_0e8111e4a501,"SELECT v.vendor_name, SUM(s.sale_quantity*s.actual_selling_price) AS total_amount FROM sales_orders s JOIN vendors v ON s.vendor_id=v.vendor_id WHERE strftime('%Y', s.sale_date)='2023' AND strftime('%m', s.sale_date)='01' GROUP BY v.vendor_name ORDER BY total_amount DESC LIMIT 10;",,1,2023년 01월 벤더별 판매 금액 TOP 10은?
PAT_0e9b4c42e100,"SELECT 'EP3SE80F780I3N' AS part_number, SUM(sale_quantity) AS total_qty, SUM(sale_quantity*actual_selling_price) AS total_amount FROM sales_orders WHERE part_number={{part_number}} AND strftime('%Y', sale_date)={{year}};","part_number, year",3,2023년 EP3SE80F780I3N의 총 판매 수량과 판매 금액은?
PAT_0eb72d20a91f,"SELECT 'A54SX32A-FG144' AS part_number, SUM(sale_quantity) AS total_qty, SUM(sale_quantity*actual_selling_price) AS total_amount FROM sales_orders WHERE part_number={{part_number}} AND strftime('%Y', sale_date)={{year}};","part_number, year",3,2023년 A54SX32A-FG144의 총 판매 수량과 판매 금액은?
PAT_0ed14f15c525,"SELECT 'BCM5389KFB' AS part_number, COALESCE((SELECT SUM(sale_quantity*actual_selling_price) FROM sales_orders WHERE part_number={{part_number}} AND strftime('%Y', sale_date)={{year}}), 0) AS total_sales, COALESCE((SELECT SUM(purchase_quantity*actual_unit_cost) FROM purchase_orders WHERE part_number={{part_number}} AND strftime('%Y', purchase_date)={{year}}), 0) AS total_purchase, COALESCE((SELECT SUM(sale_quantity*actual_selling_price) FROM sales_orders WHERE part_number={{part_number}} AND strftime('%Y', sale_date)={{year}}), 0) - COALESCE((SELECT SUM(purchase_quantity*actual_unit_cost) FROM purchase_orders WHERE part_number={{part_number}} AND strftime('%Y', purchase_date)={{year}}), 0) AS profit;","part_number, year",3,"2023년 BCM5389KFB의 총매출, 총매입, 순이익(흑자/적자)은?"
PAT_0f1e9babb1dd,"SELECT 'XG4C-3031' AS part_number, COALESCE((SELECT SUM(sale_quantity*actual_selling_price) FROM sales_orders WHERE part_number={{part_number}} AND strftime('%Y', sale_date)={{year}}), 0) AS total_sales, COALESCE((SELECT SUM(purchase_quantity*actual_unit_cost) FROM purchase_orders WHERE part_number={{part_number}} AND strftime('%Y', purchase_date)={{year}}), 0) AS total_purchase, COALESCE((SELECT SUM(sale_quantity*actual_selling_price) FROM sales_orders WHERE part_number={{part_number}} AND strftime('%Y', sale_date)={{year}}), 0) - COALESCE((SELECT SUM(purchase_quantity*actual_unit_cost) FROM purchase_orders WHERE part_number={{part_number}} AND strftime('%Y', purchase_date)={{year}}), 0) AS profit;","part_number, year",3,"2023년 XG4C-3031의 총매출, 총매입, 순이익(흑자/적자)은?"
PAT_0f274557da17,"SELECT 'AT91FR40162SB-CI' AS part_number, COALESCE((SELECT SUM(sale_quantity*actual_selling_price) FROM sales_orders WHERE part_number={{part_number}} AND strftime('%Y', sale_date)={{year}}), 0) AS total_sales, COALESCE((SELECT SUM(purchase_quantity*actual_unit_cost) FROM purchase_orders WHERE part_number={{part_number}} AND strftime('%Y', purchase_date)={{year}}), 0) AS total_purchase, COALESCE((SELECT SUM(sale_quantity*actual_selling_price) FROM sales_orders WHERE part_number={{part_number}} AND strftime('%Y', sale_date)={{year}}), 0) - COALESCE((SELECT SUM(purchase_quantity*actual_unit_cost) FROM purchase_orders WHERE part_number={{part_number}} AND strftime('%Y', purchase_date)={{year}}), 0) AS profit;","part_number, year",3,"2023년 AT91FR40162SB-CI의 총매출, 총매입, 순이익(흑자/적자)은?"
PAT_102798c0b9ef,"SELECT 'EP2S30F672I4N' AS part_number, COALESCE((SELECT SUM(sale_quantity*actual_selling_price) FROM sales_orders WHERE part_number={{part_number}} AND strftime('%Y', sale_date)={{year}}), 0) AS total_sales, COALESCE((SELECT SUM(purchase_quantity*actual_unit_cost) FROM purchase_orders WHERE part_number={{part_number}} AND strftime('%Y', purchase_date)={{year}}), 0) AS total_purchase, COALESCE((SELECT SUM(sale_quantity*actual_selling_price) FROM sales_orders WHERE part_number={{part_number}} AND strftime('%Y', sale_date)={{year}}), 0) - COALESCE((SELECT SUM(purchase_quantity*actual_unit_cost) FROM purchase_orders WHERE part_number={{part_number}} AND strftime('%Y', purchase_date)={{year}}), 0) AS profit;","part_number, year",3,"2023년 EP2S30F672I4N의 총매출, 총매입, 순이익(흑자/적자)은?"
PAT_105b126af2d4,"SELECT '81-GCM188R71H104KA7D' AS part_number, SUM(purchase_quantity) AS total_qty, SUM(purchase_quantity*actual_unit_cost) AS total_amount FROM purchase_orders WHERE part_number={{part_number}} AND strftime('%Y', purchase_date)={{year}};","part_number, year",3,2023년 81-GCM188R71H104KA7D의 총 구매 수량과 구매 금액은?
PAT_106766729432,"SELECT 'ADSP-TS101SAB1Z-100' AS part_number, COALESCE((SELECT SUM(sale_quantity*actual_selling_price) FROM sales_orders WHERE part_number={{part_number}} AND strftime('%Y', sale_date)={{year}}), 0) AS total_sales, COALESCE((SELECT SUM(purchase_quantity*actual_unit_cost) FROM purchase_orders WHERE part_number={{part_number}} AND strftime('%Y', purchase_date)={{year}}), 0) AS total_purchase, COALESCE((SELECT SUM(sale_quantity*actual_selling_price) FROM sales_orders WHERE part_number={{part_number}} AND strftime('%Y', sale_date)={{year}}), 0) - COALESCE((SELECT SUM(purchase_quantity*actual_unit_cost) FROM purchase_orders WHERE part_number={{part_number}} AND strftime('%Y', purchase_date)={{year}}), 0) AS profit;","part_number, year",3,"2023년 ADSP-TS101SAB1Z-100의 총매출, 총매입, 순이익(흑자/적자)은?"
PAT_107772dd39f4,"SELECT '5AGTFD3H3F35I3NAA' AS part_number, SUM(sale_quantity) AS total_qty, SUM(sale_quantity*actual_selling_price) AS total_amount FROM sales_orders WHERE part_number={{part_number}} AND strftime('%Y', sale_date)={{year}};","part_number, year",3,2023년 5AGTFD3H3F35I3NAA의 총 판매 수량과 판매 금액은?
PAT_10b875f50cdf,"SELECT 'EP1S25F1020C7N' AS part_number, COALESCE((SELECT SUM(sale_quantity*actual_selling_price) FROM sales_orders WHERE part_number={{part_number}} AND strftime('%Y', sale_date)={{year}}), 0) AS total_sales, COALESCE((SELECT SUM(purchase_quantity*actual_unit_cost) FROM purchase_orders WHERE part_number={{part_number}} AND strftime('%Y', purchase_date)={{year}}), 0) AS total_purchase, COALESCE((SELECT SUM(sale_quantity*actual_selling_price) FROM sales_orders WHERE part_number={{part_number}} AND strftime('%Y', sale_date)={{year}}), 0) - COALESCE((SELECT SUM(purchase_quantity*actual_unit_cost) FROM purchase_orders WHERE part_number={{part_number}} AND strftime('%Y', purchase_date)={{year}}), 0) AS profit;","part_number, year",3,"2023년 EP1S25F1020C7N의 총매출, 총매입, 순이익(흑자/적자)은?"
PAT_11a85f5f9657,"SELECT v.vendor_name, SUM(s.sale_quantity*s.actual_selling_price) AS total_amount FROM sales_orders s JOIN vendors v ON s.vendor_id=v.vendor_id WHERE strftime('%Y', s.sale_date)='2025' AND strftime('%m', s.sale_date)='07' GROUP BY v.vendor_name ORDER BY total_amount DESC LIMIT 10;",,1,2025년 07월 벤더별 판매 금액 TOP 10은?
PAT_126b6ccfa496,"SELECT 'BCM5266A0KFBG' AS part_number, COALESCE((SELECT SUM(sale_quantity*actual_selling_price) FROM sales_orders WHERE part_number={{part_number}} AND strftime('%Y', sale_date)={{year}}), 0) AS total_sales, COALESCE((SELECT SUM(purchase_quantity*actual_unit_cost) FROM purchase_orders WHERE part_number={{part_number}} AND strftime('%Y', purchase_date)={{year}}), 0) AS total_purchase, COALESCE((SELECT SUM(sale_quantity*actual_selling_price) FROM sales_orders WHERE part_number={{part_number}} AND strftime('%Y', sale_date)={{year}}), 0) - COALESCE((SELECT SUM(purchase_quantity*actual_unit_cost) FROM purchase_orders WHERE part_number={{part_number}} AND strftime('%Y', purchase_date)={{year}}), 0) AS profit;","part_number, year",3,"2023년 BCM5266A0KFBG의 총매출, 총매입, 순이익(흑자/적자)은?"
PAT_12fe1350bfec,"SELECT 'CYDM256B16-55BVXI' AS part_number, COALESCE((SELECT SUM(sale_quantity*actual_selling_price) FROM sales_orders WHERE part_number={{part_number}} AND strftime('%Y', sale_date)={{year}}), 0) AS total_sales, COALESCE((SELECT SUM(purchase_quantity*actual_unit_cost) FROM purchase_orders WHERE part_number={{part_number}} AND strftime('%Y', purchase_date)={{year}}), 0) AS total_purchase, COALESCE((SELECT SUM(sale_quantity*actual_selling_price) FROM sales_orders WHERE part_number={{part_number}} AND strftime('%Y', sale_date)={{year}}), 0) - COALESCE((SELECT SUM(purchase_quantity*actual_unit_cost) FROM purchase_orders WHERE part_number={{part_number}} AND strftime('%Y', purchase_date)={{year}}), 0) AS profit;","part_number, year",3,"2023년 CYDM256B16-55BVXI의 총매출, 총매입, 순이익(흑자/적자)은?"
PAT_13357aeb1905,"SELECT 'CY7C1318KV18-250BZXC' AS part_number, SUM(sale_quantity) AS total_qty, SUM(sale_quantity*actual_selling_price) AS total_amount FROM sales_orders WHERE part_number={{part_number}} AND strftime('%Y', sale_date)={{year}};","part_number, year",3,2023년 CY7C1318KV18-250BZXC의 총 판매 수량과 판매 금액은?
PAT_1343ed1cce8d,"SELECT 'CY7C1314CV18-200BZI' AS part_number, COALESCE((SELECT SUM(sale_quantity*actual_selling_price) FROM sales_orders WHERE part_number={{part_number}} AND strftime('%Y', sale_date)={{year}}), 0) AS total_sales, COALESCE((SELECT SUM(purchase_quantity*actual_unit_cost) FROM purchase_orders WHERE part_number={{part_number}} AND strftime('%Y', purchase_date)={{year}}), 0) AS total_purchase, COALESCE((SELECT SUM(sale_quantity*actual_selling_price) FROM sales_orders WHERE part_number={{part_number}} AND strftime('%Y', sale_date)={{year}}), 0) - COALESCE((SELECT SUM(purchase_quantity*actual_unit_cost) FROM purchase_orders WHERE part_number={{part_number}} AND strftime('%Y', purchase_date)={{year}}), 0) AS profit;","part_number, year",3,"2023년 CY7C1314CV18-200BZI의 총매출, 총매입, 순이익(흑자/적자)은?"
PAT_134aef9818ee,"SELECT 'EP3C40F780C8N' AS part_number, SUM(purchase_quantity) AS total_qty, SUM(purchase_quantity*actual_unit_cost) AS total_amount FROM purchase_orders WHERE part_number={{part_number}} AND strftime('%Y', purchase_date)={{year}};","part_number, year",3,2023년 EP3C40F780C8N의 총 구매 수량과 구매 금액은?
PAT_134b3d4e0496,"SELECT 'BCM3556FKFSB5G' AS part_number, SUM(purchase_quantity) AS total_qty, SUM(purchase_quantity*actual_unit_cost) AS total_amount FROM purchase_orders WHERE part_number={{part_number}} AND strftime('%Y', purchase_date)={{year}};","part_number, year",3,2023년 BCM3556FKFSB5G의 총 구매 수량과 구매 금액은?
PAT_13fdcac3b2b2,"SELECT 'DSP56321FC240' AS part_number, SUM(sale_quantity) AS total_qty, SUM(sale_quantity*actual_selling_price) AS total_amount FROM sales_orders WHERE part_number={{part_number}} AND strftime('%Y', sale_date)={{year}};","part_number, year",3,2023년 DSP56321FC240의 총 판매 수량과 판매 금액은?
PAT_149601ac5a55,"SELECT '88AP320-C0-BGR2C806-TN31' AS part_number, SUM(sale_quantity) AS total_qty, SUM(sale_quantity*actual_selling_price) AS total_amount FROM sales_orders WHERE part_number={{part_number}} AND strftime('%Y', sale_date)={{year}};","part_number, year",3,2023년 88AP320-C0-BGR2C806-TN31의 총 판매 수량과 판매 금액은?
PAT_14a28b27785f,"SELECT 'EP2S60F1020C4N' AS part_number, SUM(purchase_quantity) AS total_qty, SUM(purchase_quantity*actual_unit_cost) AS total_amount FROM purchase_orders WHERE part_number={{part_number}} AND strftime('%Y', purchase_date)={{year}};","part_number, year",3,2023년 EP2S60F1020C4N의 총 구매 수량과 구매 금액은?
PAT_14c24602dcbe,"SELECT 'EDE5132AABG-6E-F' AS part_number, SUM(sale_quantity) AS total_qty, SUM(sale_quantity*actual_selling_price) AS total_amount FROM sales_orders WHERE part_number={{part_number}} AND strftime('%Y', sale_date)={{year}};","part_number, year",3,2023년 EDE5132AABG-6E-F의 총 판매 수량과 판매 금액은?
PAT_14c4aa26e310,"SELECT 'EP1S40F1020C6' AS part_number, SUM(purchase_quantity) AS total_qty, SUM(purchase_quantity*actual_unit_cost) AS total_amount FROM purchase_orders WHERE part_number={{part_number}} AND strftime('%Y', purchase_date)={{year}};","part_number, year",3,2023년 EP1S40F1020C6의 총 구매 수량과 구매 금액은?
PAT_14e7952e6777,"SELECT 'EP1C20F324C8N' AS part_number, SUM(sale_quantity) AS total_qty, SUM(sale_quantity*actual_selling_price) AS total_amount FROM sales_orders WHERE part_number={{part_number}} AND strftime('%Y', sale_date)={{year}};","part_number, year",3,2023년 EP1C20F324C8N의 총 판매 수량과 판매 금액은?
PAT_1514baca2dea,"SELECT 'BCM5389IFB' AS part_number, SUM(purchase_quantity) AS total_qty, SUM(purchase_quantity*actual_unit_cost) AS total_amount FROM purchase_orders WHERE part_number={{part_number}} AND strftime('%Y', purchase_date)={{year}};","part_number, year",3,2023년 BCM5389IFB의 총 구매 수량과 구매 금액은?
PAT_15b09538b483,"SELECT v.vendor_name, SUM(s.sale_quantity*s.actual_selling_price) AS total_amount FROM sales_orders s JOIN vendors v ON s.vendor_id=v.vendor_id WHERE strftime('%Y', s.sale_date)='2024' AND strftime('%m', s.sale_date)='07' GROUP BY v.vendor_name ORDER BY total_amount DESC LIMIT 10;",,1,2024년 07월 벤더별 판매 금액 TOP 10은?
PAT_16225c9ea843,"SELECT 'AD6657BBCZ' AS part_number, SUM(purchase_quantity) AS total_qty, SUM(purchase_quantity*actual_unit_cost) AS total_amount FROM purchase_orders WHERE part_number={{part_number}} AND strftime('%Y', purchase_date)={{year}};","part_number, year",3,2023년 AD6657BBCZ의 총 구매 수량과 구매 금액은?
PAT_167bd6a5d1bf,"SELECT 'BCM53312SB0KPBG' AS part_number, SUM(sale_quantity) AS total_qty, SUM(sale_quantity*actual_selling_price) AS total_amount FROM sales_orders WHERE part_number={{part_number}} AND strftime('%Y', sale_date)={{year}};","part_number, year",3,2023년 BCM53312SB0KPBG의 총 판매 수량과 판매 금액은?
PAT_16940b817e9f,"SELECT 'CY7C1347G-133BGXC' AS part_number, COALESCE((SELECT SUM(sale_quantity*actual_selling_price) FROM sales_orders WHERE part_number={{part_number}} AND strftime('%Y', sale_date)={{year}}), 0) AS total_sales, COALESCE((SELECT SUM(purchase_quantity*actual_unit_cost) FROM purchase_orders WHERE part_number={{part_number}} AND strftime('%Y', purchase_date)={{year}}), 0) AS total_purchase, COALESCE((SELECT SUM(sale_quantity*actual_selling_price) FROM sales_orders WHERE part_number={{part_number}} AND strftime('%Y', sale_date)={{year}}), 0) - COALESCE((SELECT SUM(purchase_quantity*actual_unit_cost) FROM purchase_orders WHERE part_number={{part_number}} AND strftime('%Y', purchase_date)={{year}}), 0) AS profit;","part_number, year",3,"2023년 CY7C1347G-133BGXC의 총매출, 총매입, 순이익(흑자/적자)은?"
PAT_16c519bfce78,"SELECT 'FW21154BE' AS part_number, SUM(sale_quantity) AS total_qty, SUM(sale_quantity*actual_selling_price) AS total_amount FROM sales_orders WHERE part_number={{part_number}} AND strftime('%Y', sale_date)={{year}};","part_number, year",3,2023년 FW21154BE의 총 판매 수량과 판매 금액은?
PAT_17fd1cc46ac6,"SELECT 'AM29LV800BB-90WBCT' AS part_number, SUM(sale_quantity) AS total_qty, SUM(sale_quantity*actual_selling_price) AS total_amount FROM sales_orders WHERE part_number={{part_number}} AND strftime('%Y', sale_date)={{year}};","part_number, year",3,2023년 AM29LV800BB-90WBCT의 총 판매 수량과 판매 금액은?
PAT_1855b1b1792d,"SELECT 'EPF10K130EFI484-2' AS part_number, SUM(purchase_quantity) AS total_qty, SUM(purchase_quantity*actual_unit_cost) AS total_amount FROM purchase_orders WHERE part_number={{part_number}} AND strftime('%Y', purchase_date)={{year}};","part_number, year",3,2023년 EPF10K130EFI484-2의 총 구매 수량과 구매 금액은?
PAT_185dcf7c3905,"SELECT 'BCM5482A1KFBG' AS part_number, COALESCE((SELECT SUM(sale_quantity*actual_selling_price) FROM sales_orders WHERE part_number={{part_number}} AND strftime('%Y', sale_date)={{year}}), 0) AS total_sales, COALESCE((SELECT SUM(purchase_quantity*actual_unit_cost) FROM purchase_orders WHERE part_number={{part_number}} AND strftime('%Y', purchase_date)={{year}}), 0) AS total_purchase, COALESCE((SELECT SUM(sale_quantity*actual_selling_price) FROM sales_orders WHERE part_number={{part_number}} AND strftime('%Y', sale_date)={{year}}), 0) - COALESCE((SELECT SUM(purchase_quantity*actual_unit_cost) FROM purchase_orders WHERE part_number={{part_number}} AND strftime('%Y', purchase_date)={{year}}), 0) AS profit;","part_number, year",3,"2023년 BCM5482A1KFBG의 총매출, 총매입, 순이익(흑자/적자)은?"
PAT_186c82679539,"SELECT 'EDENESP8000' AS part_number, SUM(purchase_quantity) AS total_qty, SUM(purchase_quantity*actual_unit_cost) AS total_amount FROM purchase_orders WHERE part_number={{part_number}} AND strftime('%Y', purchase_date)={{year}};","part_number, year",3,2023년 EDENESP8000의 총 구매 수량과 구매 금액은?
PAT_18d2c39b1ca1,"SELECT 'XG4C-3031' AS part_number, SUM(purchase_quantity) AS total_qty, SUM(purchase_quantity*actual_unit_cost) AS total_amount FROM purchase_orders WHERE part_number={{part_number}} AND strftime('%Y', purchase_date)={{year}};","part_number, year",3,2023년 XG4C-3031의 총 구매 수량과 구매 금액은?
PAT_19101065a29d,"SELECT 'AT24C256U2-10UI-2.7' AS part_number, SUM(sale_quantity) AS total_qty, SUM(sale_quantity*actual_selling_price) AS total_amount FROM sales_orders WHERE part_number={{part_number}} AND strftime('%Y', sale_date)={{year}};","part_number, year",3,2023년 AT24C256U2-10UI-2.7의 총 판매 수량과 판매 금액은?
PAT_19142dd71168,"SELECT 'EN2011-A1' AS part_number, COALESCE((SELECT SUM(sale_quantity*actual_selling_price) FROM sales_orders WHERE part_number={{part_number}} AND strftime('%Y', sale_date)={{year}}), 0) AS total_sales, COALESCE((SELECT SUM(purchase_quantity*actual_unit_cost) FROM purchase_orders WHERE part_number={{part_number}} AND strftime('%Y', purchase_date)={{year}}), 0) AS total_purchase, COALESCE((SELECT SUM(sale_quantity*actual_selling_price) FROM sales_orders WHERE part_number={{part_number}} AND strftime('%Y', sale_date)={{year}}), 0) - COALESCE((SELECT SUM(purchase_quantity*actual_unit_cost) FROM purchase_orders WHERE part_number={{part_number}} AND strftime('%Y', purchase_date)={{year}}), 0) AS profit;","part_number, year",3,"2023년 EN2011-A1의 총매출, 총매입, 순이익(흑자/적자)은?"
PAT_19583cc9206f,"SELECT 'EP20K200EFC484-1' AS part_number, SUM(purchase_quantity) AS total_qty, SUM(purchase_quantity*actual_unit_cost) AS total_amount FROM purchase_orders WHERE part_number={{part_number}} AND strftime('%Y', purchase_date)={{year}};","part_number, year",3,2023년 EP20K200EFC484-1의 총 구매 수량과 구매 금액은?
PAT_19d43a6508ce,"SELECT 'EPM240M100C4NGA' AS part_number, SUM(purchase_quantity) AS total_qty, SUM(purchase_quantity*actual_unit_cost) AS total_amount FROM purchase_orders WHERE part_number={{part_number}} AND strftime('%Y', purchase_date)={{year}};","part_number, year",3,2023년 EPM240M100C4NGA의 총 구매 수량과 구매 금액은?
PAT_1a95b28ec5a6,"SELECT 'CY62167DV30LL-70BVI' AS part_number, COALESCE((SELECT SUM(sale_quantity*actual_selling_price) FROM sales_orders WHERE part_number={{part_number}} AND strftime('%Y', sale_date)={{year}}), 0) AS total_sales, COALESCE((SELECT SUM(purchase_quantity*actual_unit_cost) FROM purchase_orders WHERE part_number={{part_number}} AND strftime('%Y', purchase_date)={{year}}), 0) AS total_purchase, COALESCE((SELECT SUM(sale_quantity*actual_selling_price) FROM sales_orders WHERE part_number={{part_number}} AND strftime('%Y', sale_date)={{year}}), 0) - COALESCE((SELECT SUM(purchase_quantity*actual_unit_cost) FROM purchase_orders WHERE part_number={{part_number}} AND strftime('%Y', purchase_date)={{year}}), 0) AS profit;","part_number, year",3,"2023년 CY62167DV30LL-70BVI의 총매출, 총매입, 순이익(흑자/적자)은?"
PAT_1af00fc83926,"SELECT 'EP1K50FI256-2N' AS part_number, SUM(sale_quantity) AS total_qty, SUM(sale_quantity*actual_selling_price) AS total_amount FROM sales_orders WHERE part_number={{part_number}} AND strftime('%Y', sale_date)={{year}};","part_number, year",3,2023년 EP1K50FI256-2N의 총 판매 수량과 판매 금액은?
PAT_1b683ad5ea56,"SELECT 'EPC16UI88' AS part_number, SUM(sale_quantity) AS total_qty, SUM(sale_quantity*actual_selling_price) AS total_amount FROM sales_orders WHERE part_number={{part_number}} AND strftime('%Y', sale_date)={{year}};","part_number, year",3,2023년 EPC16UI88의 총 판매 수량과 판매 금액은?
PAT_1b918df0ec72,"SELECT 'EP2S30F672I4N' AS part_number, SUM(purchase_quantity) AS total_qty, SUM(purchase_quantity*actual_unit_cost) AS total_amount FROM purchase_orders WHERE part_number={{part_number}} AND strftime('%Y', purchase_date)={{year}};","part_number, year",3,2023년 EP2S30F672I4N의 총 구매 수량과 구매 금액은?
PAT_1c2ef549cf96,"SELECT 'AGXD533EEXF0BD' AS part_number, COALESCE((SELECT SUM(sale_quantity*actual_selling_price) FROM sales_orders WHERE part_number={{part_number}} AND strftime('%Y', sale_date)={{year}}), 0) AS total_sales, COALESCE((SELECT SUM(purchase_quantity*actual_unit_cost) FROM purchase_orders WHERE part_number={{part_number}} AND strftime('%Y', purchase_date)={{year}}), 0) AS total_purchase, COALESCE((SELECT SUM(sale_quantity*actual_selling_price) FROM sales_orders WHERE part_number={{part_number}} AND strftime('%Y', sale_date)={{year}}), 0) - COALESCE((SELECT SUM(purchase_quantity*actual_unit_cost) FROM purchase_orders WHERE part_number={{part_number}} AND strftime('%Y', purchase_date)={{year}}), 0) AS profit;","part_number, year",3,"2023년 AGXD533EEXF0BD의 총매출, 총매입, 순이익(흑자/적자)은?"
PAT_1c67405e729a,"SELECT 'AT91SAM7SE32-CU-999' AS part_number, SUM(purchase_quantity) AS total_qty, SUM(purchase_quantity*actual_unit_cost) AS total_amount FROM purchase_orders WHERE part_number={{part_number}} AND strftime('%Y', purchase_date)={{year}};","part_number, year",3,2023년 AT91SAM7SE32-CU-999의 총 구매 수량과 구매 금액은?
PAT_1ccc9fc113f0,"SELECT 'AD9974BBCZ' AS part_number, SUM(sale_quantity) AS total_qty, SUM(sale_quantity*actual_selling_price) AS total_amount FROM sales_orders WHERE part_number={{part_number}} AND strftime('%Y', sale_date)={{year}};","part_number, year",3,2023년 AD9974BBCZ의 총 판매 수량과 판매 금액은?
PAT_1ce5aa10e4cc,"SELECT 'EP3C55F780C6N' AS part_number, SUM(sale_quantity) AS total_qty, SUM(sale_quantity*actual_selling_price) AS total_amount FROM sales_orders WHERE part_number={{part_number}} AND strftime('%Y', sale_date)={{year}};","part_number, year",3,2023년 EP3C55F780C6N의 총 판매 수량과 판매 금액은?
PAT_1d068ee9dc10,"SELECT 'CX95580-00Z' AS part_number, COALESCE((SELECT SUM(sale_quantity*actual_selling_price) FROM sales_orders WHERE part_number={{part_number}} AND strftime('%Y', sale_date)={{year}}), 0) AS total_sales, COALESCE((SELECT SUM(purchase_quantity*actual_unit_cost) FROM purchase_orders WHERE part_number={{part_number}} AND strftime('%Y', purchase_date)={{year}}), 0) AS total_purchase, COALESCE((SELECT SUM(sale_quantity*actual_selling_price) FROM sales_orders WHERE part_number={{part_number}} AND strftime('%Y', sale_date)={{year}}), 0) - COALESCE((SELECT SUM(purchase_quantity*actual_unit_cost) FROM purchase_orders WHERE part_number={{part_number}} AND strftime('%Y', purchase_date)={{year}}), 0) AS profit;","part_number, year",3,"2023년 CX95580-00Z의 총매출, 총매입, 순이익(흑자/적자)은?"
PAT_1d349b9d0321,"SELECT 'EPF10K50SFC256-3' AS part_number, SUM(purchase_quantity) AS total_qty, SUM(purchase_quantity*actual_unit_cost) AS total_amount FROM purchase_orders WHERE part_number={{part_number}} AND strftime('%Y', purchase_date)={{year}};","part_number, year",3,2023년 EPF10K50SFC256-3의 총 구매 수량과 구매 금액은?
PAT_1d5ab67e1f66,"SELECT 'EPM7128SQC100-7N' AS part_number, SUM(sale_quantity) AS total_qty, SUM(sale_quantity*actual_selling_price) AS total_amount FROM sales_orders WHERE part_number={{part_number}} AND strftime('%Y', sale_date)={{year}};","part_number, year",3,2023년 EPM7128SQC100-7N의 총 판매 수량과 판매 금액은?
PAT_1d8104c3a65a,"SELECT 'ADSP-BF533SBBZ500' AS part_number, SUM(sale_quantity) AS total_qty, SUM(sale_quantity*actual_selling_price) AS total_amount FROM sales_orders WHERE part_number={{part_number}} AND strftime('%Y', sale_date)={{year}};","part_number, year",3,2023년 ADSP-BF533SBBZ500의 총 판매 수량과 판매 금액은?
PAT_1dc62f815374,"SELECT 'A1028AOF' AS part_number, COALESCE((SELECT SUM(sale_quantity*actual_selling_price) FROM sales_orders WHERE part_number={{part_number}} AND strftime('%Y', sale_date)={{year}}), 0) AS total_sales, COALESCE((SELECT SUM(purchase_quantity*actual_unit_cost) FROM purchase_orders WHERE part_number={{part_number}} AND strftime('%Y', purchase_date)={{year}}), 0) AS total_purchase, COALESCE((SELECT SUM(sale_quantity*actual_selling_price) FROM sales_orders WHERE part_number={{part_number}} AND strftime('%Y', sale_date)={{year}}), 0) - COALESCE((SELECT SUM(purchase_quantity*actual_unit_cost) FROM purchase_orders WHERE part_number={{part_number}} AND strftime('%Y', purchase_date)={{year}}), 0) AS profit;","part_number, year",3,"2023년 A1028AOF의 총매출, 총매입, 순이익(흑자/적자)은?"
PAT_1e2eadd1ec95,"SELECT 'EP20K200EFC484-1' AS part_number, COALESCE((SELECT SUM(sale_quantity*actual_selling_price) FROM sales_orders WHERE part_number={{part_number}} AND strftime('%Y', sale_date)={{year}}), 0) AS total_sales, COALESCE((SELECT SUM(purchase_quantity*actual_unit_cost) FROM purchase_orders WHERE part_number={{part_number}} AND strftime('%Y', purchase_date)={{year}}), 0) AS total_purchase, COALESCE((SELECT SUM(sale_quantity*actual_selling_price) FROM sales_orders WHERE part_number={{part_number}} AND strftime('%Y', sale_date)={{year}}), 0) - COALESCE((SELECT SUM(purchase_quantity*actual_unit_cost) FROM purchase_orders WHERE part_number={{part_number}} AND strftime('%Y', purchase_date)={{year}}), 0) AS profit;","part_number, year",3,"2023년 EP20K200EFC484-1의 총매출, 총매입, 순이익(흑자/적자)은?"
PAT_1e430a945e81,"SELECT 'EP1S25F780C7' AS part_number, SUM(sale_quantity) AS total_qty, SUM(sale_quantity*actual_selling_price) AS total_amount FROM sales_orders WHERE part_number={{part_number}} AND strftime('%Y', sale_date)={{year}};","part_number, year",3,2023년 EP1S25F780C7의 총 판매 수량과 판매 금액은?
PAT_1e4b54f67388,"SELECT p.part_number, p.description, SUM(s.sale_quantity) AS total_qty FROM sales_orders s JOIN products p ON s.part_number=p.part_number WHERE strftime('%Y', s.sale_date)='2024' GROUP BY p.part_number, p.description ORDER BY total_qty DESC LIMIT 20;",,1,2024년 제품 설명 기준 판매 수량 TOP 20은?
PAT_1e85653bf34f,"SELECT 'AT91SAM7SE32-CU-999' AS part_number, COALESCE((SELECT SUM(sale_quantity*actual_selling_price) FROM sales_orders WHERE part_number={{part_number}} AND strftime('%Y', sale_date)={{year}}), 0) AS total_sales, COALESCE((SELECT SUM(purchase_quantity*actual_unit_cost) FROM purchase_orders WHERE part_number={{part_number}} AND strftime('%Y', purchase_date)={{year}}), 0) AS total_purchase, COALESCE((SELECT SUM(sale_quantity*actual_selling_price) FROM sales_orders WHERE part_number={{part_number}} AND strftime('%Y', sale_date)={{year}}), 0) - COALESCE((SELECT SUM(purchase_quantity*actual_unit_cost) FROM purchase_orders WHERE part_number={{part_number}} AND strftime('%Y', purchase_date)={{year}}), 0) AS profit;","part_number, year",3,"2023년 AT91SAM7SE32-CU-999의 총매출, 총매입, 순이익(흑자/적자)은?"
PAT_1e8f7de372ed,"SELECT 'AC82GL40-SLGGM' AS part_number, SUM(purchase_quantity) AS total_qty, SUM(purchase_quantity*actual_unit_cost) AS total_amount FROM purchase_orders WHERE part_number={{part_number}} AND strftime('%Y', purchase_date)={{year}};","part_number, year",3,2023년 AC82GL40-SLGGM의 총 구매 수량과 구매 금액은?
PAT_1ebccf762c57,"SELECT 'BCM7019ZKFEB03G' AS part_number, SUM(sale_quantity) AS total_qty, SUM(sale_quantity*actual_selling_price) AS total_amount FROM sales_orders WHERE part_number={{part_number}} AND strftime('%Y', sale_date)={{year}};","part_number, year",3,2023년 BCM7019ZKFEB03G의 총 판매 수량과 판매 금액은?
PAT_1eeca73dca11,"SELECT '10M16SAU169I7G' AS part_number, COALESCE((SELECT SUM(sale_quantity*actual_selling_price) FROM sales_orders WHERE part_number={{part_number}} AND strftime('%Y', sale_date)={{year}}), 0) AS total_sales, COALESCE((SELECT SUM(purchase_quantity*actual_unit_cost) FROM purchase_orders WHERE part_number={{part_number}} AND strftime('%Y', purchase_date)={{year}}), 0) AS total_purchase, COALESCE((SELECT SUM(sale_quantity*actual_selling_price) FROM sales_orders WHERE part_number={{part_number}} AND strftime('%Y', sale_date)={{year}}), 0) - COALESCE((SELECT SUM(purchase_quantity*actual_unit_cost) FROM purchase_orders WHERE part_number={{part_number}} AND strftime('%Y', purchase_date)={{year}}), 0) AS profit;","part_number, year",3,"2023년 10M16SAU169I7G의 총매출, 총매입, 순이익(흑자/적자)은?"
PAT_1f1fa346bb7e,"SELECT 'EP4CGX30CF23C8N' AS part_number, COALESCE((SELECT SUM(sale_quantity*actual_selling_price) FROM sales_orders WHERE part_number={{part_number}} AND strftime('%Y', sale_date)={{year}}), 0) AS total_sales, COALESCE((SELECT SUM(purchase_quantity*actual_unit_cost) FROM purchase_orders WHERE part_number={{part_number}} AND strftime('%Y', purchase_date)={{year}}), 0) AS total_purchase, COALESCE((SELECT SUM(sale_quantity*actual_selling_price) FROM sales_orders WHERE part_number={{part_number}} AND strftime('%Y', sale_date)={{year}}), 0) - COALESCE((SELECT SUM(purchase_quantity*actual_unit_cost) FROM purchase_orders WHERE part_number={{part_number}} AND strftime('%Y', purchase_date)={{year}}), 0) AS profit;","part_number, year",3,"2023년 EP4CGX30CF23C8N의 총매출, 총매입, 순이익(흑자/적자)은?"
PAT_1f3341313a82,"SELECT 'CX82310-14' AS part_number, SUM(sale_quantity) AS total_qty, SUM(sale_quantity*actual_selling_price) AS total_amount FROM sales_orders WHERE part_number={{part_number}} AND strftime('%Y', sale_date)={{year}};","part_number, year",3,2023년 CX82310-14의 총 판매 수량과 판매 금액은?
PAT_1f4d3247c35c,"SELECT 'A3P250-FGG144' AS part_number, SUM(purchase_quantity) AS total_qty, SUM(purchase_quantity*actual_unit_cost) AS total_amount FROM purchase_orders WHERE part_number={{part_number}} AND strftime('%Y', purchase_date)={{year}};","part_number, year",3,2023년 A3P250-FGG144의 총 구매 수량과 구매 금액은?
PAT_1f7c06008ff5,"SELECT 'CYDMX256A16-65BVXI' AS part_number, SUM(sale_quantity) AS total_qty, SUM(sale_quantity*actual_selling_price) AS total_amount FROM sales_orders WHERE part_number={{part_number}} AND strftime('%Y', sale_date)={{year}};","part_number, year",3,2023년 CYDMX256A16-65BVXI의 총 판매 수량과 판매 금액은?
PAT_1f8d66204192,"SELECT '5CGTFD5C5F23I7N' AS part_number, SUM(sale_quantity) AS total_qty, SUM(sale_quantity*actual_selling_price) AS total_amount FROM sales_orders WHERE part_number={{part_number}} AND strftime('%Y', sale_date)={{year}};","part_number, year",3,2023년 5CGTFD5C5F23I7N의 총 판매 수량과 판매 금액은?
PAT_201058f98e11,"SELECT 'EP3C55F484C8N' AS part_number, SUM(purchase_quantity) AS total_qty, SUM(purchase_quantity*actual_unit_cost) AS total_amount FROM purchase_orders WHERE part_number={{part_number}} AND strftime('%Y', purchase_date)={{year}};","part_number, year",3,2023년 EP3C55F484C8N의 총 구매 수량과 구매 금액은?
PAT_2015386dcb49,"SELECT 'BCM56842LA1IFRBG' AS part_number, SUM(sale_quantity) AS total_qty, SUM(sale_quantity*actual_selling_price) AS total_amount FROM sales_orders WHERE part_number={{part_number}} AND strftime('%Y', sale_date)={{year}};","part_number, year",3,2023년 BCM56842LA1IFRBG의 총 판매 수량과 판매 금액은?
PAT_20497b218b32,"SELECT 'FLLXT384BE.B1' AS part_number, SUM(purchase_quantity) AS total_qty, SUM(purchase_quantity*actual_unit_cost) AS total_amount FROM purchase_orders WHERE part_number={{part_number}} AND strftime('%Y', purchase_date)={{year}};","part_number, year",3,2023년 FLLXT384BE.B1의 총 구매 수량과 구매 금액은?
PAT_2078944f0955,"SELECT 'BCM5646B0KPB' AS part_number, SUM(purchase_quantity) AS total_qty, SUM(purchase_quantity*actual_unit_cost) AS total_amount FROM purchase_orders WHERE part_number={{part_number}} AND strftime('%Y', purchase_date)={{year}};","part_number, year",3,2023년 BCM5646B0KPB의 총 구매 수량과 구매 금액은?
PAT_20b251d9bba3,"SELECT 'AT49HBV010-90TC' AS part_number, SUM(purchase_quantity) AS total_qty, SUM(purchase_quantity*actual_unit_cost) AS total_amount FROM purchase_orders WHERE part_number={{part_number}} AND strftime('%Y', purchase_date)={{year}};","part_number, year",3,2023년 AT49HBV010-90TC의 총 구매 수량과 구매 금액은?
PAT_20c65c47ee64,"SELECT 'BCM3380DKFSBG' AS part_number, COALESCE((SELECT SUM(sale_quantity*actual_selling_price) FROM sales_orders WHERE part_number={{part_number}} AND strftime('%Y', sale_date)={{year}}), 0) AS total_sales, COALESCE((SELECT SUM(purchase_quantity*actual_unit_cost) FROM purchase_orders WHERE part_number={{part_number}} AND strftime('%Y', purchase_date)={{year}}), 0) AS total_purchase, COALESCE((SELECT SUM(sale_quantity*actual_selling_price) FROM sales_orders WHERE part_number={{part_number}} AND strftime('%Y', sale_date)={{year}}), 0) - COALESCE((SELECT SUM(purchase_quantity*actual_unit_cost) FROM purchase_orders WHERE part_number={{part_number}} AND strftime('%Y', purchase_date)={{year}}), 0) AS profit;","part_number, year",3,"2023년 BCM3380DKFSBG의 총매출, 총매입, 순이익(흑자/적자)은?"
PAT_21b8dd5f3e10,"SELECT 'EP10K100ABC600-1' AS part_number, SUM(sale_quantity) AS total_qty, SUM(sale_quantity*actual_selling_price) AS total_amount FROM sales_orders WHERE part_number={{part_number}} AND strftime('%Y', sale_date)={{year}};","part_number, year",3,2023년 EP10K100ABC600-1의 총 판매 수량과 판매 금액은?
PAT_22196d30be75,"SELECT 'EP1C20F324C7' AS part_number, SUM(purchase_quantity) AS total_qty, SUM(purchase_quantity*actual_unit_cost) AS total_amount FROM purchase_orders WHERE part_number={{part_number}} AND strftime('%Y', purchase_date)={{year}};","part_number, year",3,2023년 EP1C20F324C7의 총 구매 수량과 구매 금액은?
PAT_22356e73c3be,"SELECT '64M29EWL' AS part_number, COALESCE((SELECT SUM(sale_quantity*actual_selling_price) FROM sales_orders WHERE part_number={{part_number}} AND strftime('%Y', sale_date)={{year}}), 0) AS total_sales, COALESCE((SELECT SUM(purchase_quantity*actual_unit_cost) FROM purchase_orders WHERE part_number={{part_number}} AND strftime('%Y', purchase_date)={{year}}), 0) AS total_purchase, COALESCE((SELECT SUM(sale_quantity*actual_selling_price) FROM sales_orders WHERE part_number={{part_number}} AND strftime('%Y', sale_date)={{year}}), 0) - COALESCE((SELECT SUM(purchase_quantity*actual_unit_cost) FROM purchase_orders WHERE part_number={{part_number}} AND strftime('%Y', purchase_date)={{year}}), 0) AS profit;","part_number, year",3,"2023년 64M29EWL의 총매출, 총매입, 순이익(흑자/적자)은?"
PAT_2244b8e3796e,"SELECT 'BCM5324MKPB' AS part_number, COALESCE((SELECT SUM(sale_quantity*actual_selling_price) FROM sales_orders WHERE part_number={{part_number}} AND strftime('%Y', sale_date)={{year}}), 0) AS total_sales, COALESCE((SELECT SUM(purchase_quantity*actual_unit_cost) FROM purchase_orders WHERE part_number={{part_number}} AND strftime('%Y', purchase_date)={{year}}), 0) AS total_purchase, COALESCE((SELECT SUM(sale_quantity*actual_selling_price) FROM sales_orders WHERE part_number={{part_number}} AND strftime('%Y', sale_date)={{year}}), 0) - COALESCE((SELECT SUM(purchase_quantity*actual_unit_cost) FROM purchase_orders WHERE part_number={{part_number}} AND strftime('%Y', purchase_date)={{year}}), 0) AS profit;","part_number, year",3,"2023년 BCM5324MKPB의 총매출, 총매입, 순이익(흑자/적자)은?"
PAT_224cbe567b8d,"SELECT 'BCM5389IFB' AS part_number, COALESCE((SELECT SUM(sale_quantity*actual_selling_price) FROM sales_orders WHERE part_number={{part_number}} AND strftime('%Y', sale_date)={{year}}), 0) AS total_sales, COALESCE((SELECT SUM(purchase_quantity*actual_unit_cost) FROM purchase_orders WHERE part_number={{part_number}} AND strftime('%Y', purchase_date)={{year}}), 0) AS total_purchase, COALESCE((SELECT SUM(sale_quantity*actual_selling_price) FROM sales_orders WHERE part_number={{part_number}} AND strftime('%Y', sale_date)={{year}}), 0) - COALESCE((SELECT SUM(purchase_quantity*actual_unit_cost) FROM purchase_orders WHERE part_number={{part_number}} AND strftime('%Y', purchase_date)={{year}}), 0) AS profit;","part_number, year",3,"2023년 BCM5389IFB의 총매출, 총매입, 순이익(흑자/적자)은?"
PAT_226ceebdec4d,"SELECT 'CNW5302-250BG624-SCP-G' AS part_number, COALESCE((SELECT SUM(sale_quantity*actual_selling_price) FROM sales_orders WHERE part_number={{part_number}} AND strftime('%Y', sale_date)={{year}}), 0) AS total_sales, COALESCE((SELECT SUM(purchase_quantity*actual_unit_cost) FROM purchase_orders WHERE part_number={{part_number}} AND strftime('%Y', purchase_date)={{year}}), 0) AS total_purchase, COALESCE((SELECT SUM(sale_quantity*actual_selling_price) FROM sales_orders WHERE part_number={{part_number}} AND strftime('%Y', sale_date)={{year}}), 0) - COALESCE((SELECT SUM(purchase_quantity*actual_unit_cost) FROM purchase_orders WHERE part_number={{part_number}} AND strftime('%Y', purchase_date)={{year}}), 0) AS profit;","part_number, year",3,"2023년 CNW5302-250BG624-SCP-G의 총매출, 총매입, 순이익(흑자/적자)은?"
PAT_2338322f63cf,"SELECT 'EP4CE30F29C8' AS part_number, SUM(purchase_quantity) AS total_qty, SUM(purchase_quantity*actual_unit_cost) AS total_amount FROM purchase_orders WHERE part_number={{part_number}} AND strftime('%Y', purchase_date)={{year}};","part_number, year",3,2023년 EP4CE30F29C8의 총 구매 수량과 구매 금액은?
PAT_238ebe7f3d7e,"SELECT 'EP2C20F484C8N' AS part_number, COALESCE((SELECT SUM(sale_quantity*actual_selling_price) FROM sales_orders WHERE part_number={{part_number}} AND strftime('%Y', sale_date)={{year}}), 0) AS total_sales, COALESCE((SELECT SUM(purchase_quantity*actual_unit_cost) FROM purchase_orders WHERE part_number={{part_number}} AND strftime('%Y', purchase_date)={{year}}), 0) AS total_purchase, COALESCE((SELECT SUM(sale_quantity*actual_selling_price) FROM sales_orders WHERE part_number={{part_number}} AND strftime('%Y', sale_date)={{year}}), 0) - COALESCE((SELECT SUM(purchase_quantity*actual_unit_cost) FROM purchase_orders WHERE part_number={{part_number}} AND strftime('%Y', purchase_date)={{year}}), 0) AS profit;","part_number, year",3,"2023년 EP2C20F484C8N의 총매출, 총매입, 순이익(흑자/적자)은?"
PAT_239dde9d3ed2,"SELECT 'EPF10K100ABC356-2' AS part_number, SUM(sale_quantity) AS total_qty, SUM(sale_quantity*actual_selling_price) AS total_amount FROM sales_orders WHERE part_number={{part_number}} AND strftime('%Y', sale_date)={{year}};","part_number, year",3,2023년 EPF10K100ABC356-2의 총 판매 수량과 판매 금액은?
PAT_23b105890303,"SELECT part_number, initial_quantity, stock_date FROM initial_inventory WHERE part_number={{part_number}};",part_number,300,10AX115H3F34E2SG의 초기 재고 수량은?
PAT_23bc4e5e5d7b,"SELECT 'CS92288-CB' AS part_number, SUM(sale_quantity) AS total_qty, SUM(sale_quantity*actual_selling_price) AS total_amount FROM sales_orders WHERE part_number={{part_number}} AND strftime('%Y', sale_date)={{year}};","part_number, year",3,2023년 CS92288-CB의 총 판매 수량과 판매 금액은?
PAT_23d45068db99,"SELECT 'DL-165' AS part_number, SUM(sale_quantity) AS total_qty, SUM(sale_quantity*actual_selling_price) AS total_amount FROM sales_orders WHERE part_number={{part_number}} AND strftime('%Y', sale_date)={{year}};","part_number, year",3,2023년 DL-165의 총 판매 수량과 판매 금액은?
PAT_23de2860ae1f,"SELECT 'BCM7241BRKFEBA01G' AS part_number, COALESCE((SELECT SUM(sale_quantity*actual_selling_price) FROM sales_orders WHERE part_number={{part_number}} AND strftime('%Y', sale_date)={{year}}), 0) AS total_sales, COALESCE((SELECT SUM(purchase_quantity*actual_unit_cost) FROM purchase_orders WHERE part_number={{part_number}} AND strftime('%Y', purchase_date)={{year}}), 0) AS total_purchase, COALESCE((SELECT SUM(sale_quantity*actual_selling_price) FROM sales_orders WHERE part_number={{part_number}} AND strftime('%Y', sale_date)={{year}}), 0) - COALESCE((SELECT SUM(purchase_quantity*actual_unit_cost) FROM purchase_orders WHERE part_number={{part_number}} AND strftime('%Y', purchase_date)={{year}}), 0) AS profit;","part_number, year",3,"2023년 BCM7241BRKFEBA01G의 총매출, 총매입, 순이익(흑자/적자)은?"
PAT_23edb6915035,"SELECT 'XG4C-3031' AS part_number, SUM(sale_quantity) AS total_qty, SUM(sale_quantity*actual_selling_price) AS total_amount FROM sales_orders WHERE part_number={{part_number}} AND strftime('%Y', sale_date)={{year}};","part_number, year",3,2023년 XG4C-3031의 총 판매 수량과 판매 금액은?
PAT_23f382f4d048,"SELECT 'CX82310-14' AS part_number, SUM(purchase_quantity) AS total_qty, SUM(purchase_quantity*actual_unit_cost) AS total_amount FROM purchase_orders WHERE part_number={{part_number}} AND strftime('%Y', purchase_date)={{year}};","part_number, year",3,2023년 CX82310-14의 총 구매 수량과 구매 금액은?
PAT_242dd220efd5,"SELECT 'CY7C1318KV18-250BZXC' AS part_number, COALESCE((SELECT SUM(sale_quantity*actual_selling_price) FROM sales_orders WHERE part_number={{part_number}} AND strftime('%Y', sale_date)={{year}}), 0) AS total_sales, COALESCE((SELECT SUM(purchase_quantity*actual_unit_cost) FROM purchase_orders WHERE part_number={{part_number}} AND strftime('%Y', purchase_date)={{year}}), 0) AS total_purchase, COALESCE((SELECT SUM(sale_quantity*actual_selling_price) FROM sales_orders WHERE part_number={{part_number}} AND strftime('%Y', sale_date)={{year}}), 0) - COALESCE((SELECT SUM(purchase_quantity*actual_unit_cost) FROM purchase_orders WHERE part_number={{part_number}} AND strftime('%Y', purchase_date)={{year}}), 0) AS profit;","part_number, year",3,"2023년 CY7C1318KV18-250BZXC의 총매출, 총매입, 순이익(흑자/적자)은?"
PAT_247d3431ff40,"SELECT '10AX115H3F34E2SG' AS part_number, SUM(sale_quantity) AS total_qty, SUM(sale_quantity*actual_selling_price) AS total_amount FROM sales_orders WHERE part_number={{part_number}} AND strftime('%Y', sale_date)={{year}};","part_number, year",3,2023년 10AX115H3F34E2SG의 총 판매 수량과 판매 금액은?
PAT_248797c8b611,"SELECT m.name AS manufacturer_name, SUM(p.purchase_quantity*p.actual_unit_cost) AS total_amount FROM purchase_orders p JOIN manufacturers m ON p.manufacturer_id=m.manufacturer_id WHERE strftime('%Y', p.purchase_date)='2023' AND strftime('%m', p.purchase_date)='01' GROUP BY m.name ORDER BY total_amount DESC LIMIT 10;",,1,2023년 01월 제조사별 구매 금액 TOP 10은?
PAT_24c0cf3060af,"SELECT 'APA075-FG144' AS part_number, COALESCE((SELECT SUM(sale_quantity*actual_selling_price) FROM sales_orders WHERE part_number={{part_number}} AND strftime('%Y', sale_date)={{year}}), 0) AS total_sales, COALESCE((SELECT SUM(purchase_quantity*actual_unit_cost) FROM purchase_orders WHERE part_number={{part_number}} AND strftime('%Y', purchase_date)={{year}}), 0) AS total_purchase, COALESCE((SELECT SUM(sale_quantity*actual_selling_price) FROM sales_orders WHERE part_number={{part_number}} AND strftime('%Y', sale_date)={{year}}), 0) - COALESCE((SELECT SUM(purchase_quantity*actual_unit_cost) FROM purchase_orders WHERE part_number={{part_number}} AND strftime('%Y', purchase_date)={{year}}), 0) AS profit;","part_number, year",3,"2023년 APA075-FG144의 총매출, 총매입, 순이익(흑자/적자)은?"
PAT_24efd0a3c695,"SELECT 'CY7C1347G-133BGXC' AS part_number, SUM(purchase_quantity) AS total_qty, SUM(purchase_quantity*actual_unit_cost) AS total_amount FROM purchase_orders WHERE part_number={{part_number}} AND strftime('%Y', purchase_date)={{year}};","part_number, year",3,2023년 CY7C1347G-133BGXC의 총 구매 수량과 구매 금액은?
PAT_250c2ad52333,"SELECT v.vendor_name, SUM(s.sale_quantity*s.actual_selling_price) AS total_amount FROM sales_orders s JOIN vendors v ON s.vendor_id=v.vendor_id WHERE strftime('%Y', s.sale_date)='2023' AND strftime('%m', s.sale_date)='12' GROUP BY v.vendor_name ORDER BY total_amount DESC LIMIT 10;",,1,2023년 12월 벤더별 판매 금액 TOP 10은?
PAT_2512d37daf6e,"SELECT 'CY7C1320CV18-250BZXC' AS part_number, COALESCE((SELECT SUM(sale_quantity*actual_selling_price) FROM sales_orders WHERE part_number={{part_number}} AND strftime('%Y', sale_date)={{year}}), 0) AS total_sales, COALESCE((SELECT SUM(purchase_quantity*actual_unit_cost) FROM purchase_orders WHERE part_number={{part_number}} AND strftime('%Y', purchase_date)={{year}}), 0) AS total_purchase, COALESCE((SELECT SUM(sale_quantity*actual_selling_price) FROM sales_orders WHERE part_number={{part_number}} AND strftime('%Y', sale_date)={{year}}), 0) - COALESCE((SELECT SUM(purchase_quantity*actual_unit_cost) FROM purchase_orders WHERE part_number={{part_number}} AND strftime('%Y', purchase_date)={{year}}), 0) AS profit;","part_number, year",3,"2023년 CY7C1320CV18-250BZXC의 총매출, 총매입, 순이익(흑자/적자)은?"
PAT_25196fb834b3,"SELECT 'TLF50201EL' AS part_number, SUM(sale_quantity) AS total_qty, SUM(sale_quantity*actual_selling_price) AS total_amount FROM sales_orders WHERE part_number={{part_number}} AND strftime('%Y', sale_date)={{year}};","part_number, year",3,2023년 TLF50201EL의 총 판매 수량과 판매 금액은?
PAT_25eef20f6a0d,"SELECT 'DS21455N+' AS part_number, SUM(purchase_quantity) AS total_qty, SUM(purchase_quantity*actual_unit_cost) AS total_amount FROM purchase_orders WHERE part_number={{part_number}} AND strftime('%Y', purchase_date)={{year}};","part_number, year",3,2023년 DS21455N+의 총 구매 수량과 구매 금액은?
PAT_25f0a9908242,"SELECT 'ADSP-BF533SBBZ500' AS part_number, SUM(purchase_quantity) AS total_qty, SUM(purchase_quantity*actual_unit_cost) AS total_amount FROM purchase_orders WHERE part_number={{part_number}} AND strftime('%Y', purchase_date)={{year}};","part_number, year",3,2023년 ADSP-BF533SBBZ500의 총 구매 수량과 구매 금액은?
PAT_264ebf8d5e43,"SELECT 'EP1C20F324C8N' AS part_number, SUM(purchase_quantity) AS total_qty, SUM(purchase_quantity*actual_unit_cost) AS total_amount FROM purchase_orders WHERE part_number={{part_number}} AND strftime('%Y', purchase_date)={{year}};","part_number, year",3,2023년 EP1C20F324C8N의 총 구매 수량과 구매 금액은?
PAT_269f18400ed7,"SELECT v.vendor_name, SUM(s.sale_quantity*s.actual_selling_price) AS total_amount FROM sales_orders s JOIN vendors v ON s.vendor_id=v.vendor_id WHERE strftime('%Y', s.sale_date)='2024' AND strftime('%m', s.sale_date)='02' GROUP BY v.vendor_name ORDER BY total_amount DESC LIMIT 10;",,1,2024년 02월 벤더별 판매 금액 TOP 10은?
PAT_26a784720731,"SELECT 'AM29DL323DT-90WDI' AS part_number, COALESCE((SELECT SUM(sale_quantity*actual_selling_price) FROM sales_orders WHERE part_number={{part_number}} AND strftime('%Y', sale_date)={{year}}), 0) AS total_sales, COALESCE((SELECT SUM(purchase_quantity*actual_unit_cost) FROM purchase_orders WHERE part_number={{part_number}} AND strftime('%Y', purchase_date)={{year}}), 0) AS total_purchase, COALESCE((SELECT SUM(sale_quantity*actual_selling_price) FROM sales_orders WHERE part_number={{part_number}} AND strftime('%Y', sale_date)={{year}}), 0) - COALESCE((SELECT SUM(purchase_quantity*actual_unit_cost) FROM purchase_orders WHERE part_number={{part_number}} AND strftime('%Y', purchase_date)={{year}}), 0) AS profit;","part_number, year",3,"2023년 AM29DL323DT-90WDI의 총매출, 총매입, 순이익(흑자/적자)은?"
PAT_26e54a7c3526,"SELECT 'EP20K400EFC672-1X' AS part_number, SUM(sale_quantity) AS total_qty, SUM(sale_quantity*actual_selling_price) AS total_amount FROM sales_orders WHERE part_number={{part_number}} AND strftime('%Y', sale_date)={{year}};","part_number, year",3,2023년 EP20K400EFC672-1X의 총 판매 수량과 판매 금액은?
PAT_27459dd0fd6c,"SELECT 'CXD4150AGG' AS part_number, SUM(sale_quantity) AS total_qty, SUM(sale_quantity*actual_selling_price) AS total_amount FROM sales_orders WHERE part_number={{part_number}} AND strftime('%Y', sale_date)={{year}};","part_number, year",3,2023년 CXD4150AGG의 총 판매 수량과 판매 금액은?
PAT_27ca9c21df2e,"SELECT 'EP1K50FC256-1' AS part_number, COALESCE((SELECT SUM(sale_quantity*actual_selling_price) FROM sales_orders WHERE part_number={{part_number}} AND strftime('%Y', sale_date)={{year}}), 0) AS total_sales, COALESCE((SELECT SUM(purchase_quantity*actual_unit_cost) FROM purchase_orders WHERE part_number={{part_number}} AND strftime('%Y', purchase_date)={{year}}), 0) AS total_purchase, COALESCE((SELECT SUM(sale_quantity*actual_selling_price) FROM sales_orders WHERE part_number={{part_number}} AND strftime('%Y', sale_date)={{year}}), 0) - COALESCE((SELECT SUM(purchase_quantity*actual_unit_cost) FROM purchase_orders WHERE part_number={{part_number}} AND strftime('%Y', purchase_date)={{year}}), 0) AS profit;","part_number, year",3,"2023년 EP1K50FC256-1의 총매출, 총매입, 순이익(흑자/적자)은?"
PAT_27e17386b71d,"SELECT 'BCM7405XKFEBB01G' AS part_number, SUM(sale_quantity) AS total_qty, SUM(sale_quantity*actual_selling_price) AS total_amount FROM sales_orders WHERE part_number={{part_number}} AND strftime('%Y', sale_date)={{year}};","part_number, year",3,2023년 BCM7405XKFEBB01G의 총 판매 수량과 판매 금액은?
PAT_293a50266ca1,"SELECT 'CY7C1515KV18-250BZC' AS part_number, COALESCE((SELECT SUM(sale_quantity*actual_selling_price) FROM sales_orders WHERE part_number={{part_number}} AND strftime('%Y', sale_date)={{year}}), 0) AS total_sales, COALESCE((SELECT SUM(purchase_quantity*actual_unit_cost) FROM purchase_orders WHERE part_number={{part_number}} AND strftime('%Y', purchase_date)={{year}}), 0) AS total_purchase, COALESCE((SELECT SUM(sale_quantity*actual_selling_price) FROM sales_orders WHERE part_number={{part_number}} AND strftime('%Y', sale_date)={{year}}), 0) - COALESCE((SELECT SUM(purchase_quantity*actual_unit_cost) FROM purchase_orders WHERE part_number={{part_number}} AND strftime('%Y', purchase_date)={{year}}), 0) AS profit;","part_number, year",3,"2023년 CY7C1515KV18-250BZC의 총매출, 총매입, 순이익(흑자/적자)은?"
PAT_29937ac8eca0,"SELECT '216TQA6AVA12FG' AS part_number, SUM(sale_quantity) AS total_qty, SUM(sale_quantity*actual_selling_price) AS total_amount FROM sales_orders WHERE part_number={{part_number}} AND strftime('%Y', sale_date)={{year}};","part_number, year",3,2023년 216TQA6AVA12FG의 총 판매 수량과 판매 금액은?
PAT_2a289c20717c,"SELECT '64M29EWL' AS part_number, SUM(purchase_quantity) AS total_qty, SUM(purchase_quantity*actual_unit_cost) AS total_amount FROM purchase_orders WHERE part_number={{part_number}} AND strftime('%Y', purchase_date)={{year}};","part_number, year",3,2023년 64M29EWL의 총 구매 수량과 구매 금액은?
PAT_2a6d7cb2ad98,"SELECT 'AX1000-2FG676I' AS part_number, SUM(sale_quantity) AS total_qty, SUM(sale_quantity*actual_selling_price) AS total_amount FROM sales_orders WHERE part_number={{part_number}} AND strftime('%Y', sale_date)={{year}};","part_number, year",3,2023년 AX1000-2FG676I의 총 판매 수량과 판매 금액은?
PAT_2a74c2ac795e,"SELECT 'BCM5464SRA1KFBG' AS part_number, COALESCE((SELECT SUM(sale_quantity*actual_selling_price) FROM sales_orders WHERE part_number={{part_number}} AND strftime('%Y', sale_date)={{year}}), 0) AS total_sales, COALESCE((SELECT SUM(purchase_quantity*actual_unit_cost) FROM purchase_orders WHERE part_number={{part_number}} AND strftime('%Y', purchase_date)={{year}}), 0) AS total_purchase, COALESCE((SELECT SUM(sale_quantity*actual_selling_price) FROM sales_orders WHERE part_number={{part_number}} AND strftime('%Y', sale_date)={{year}}), 0) - COALESCE((SELECT SUM(purchase_quantity*actual_unit_cost) FROM purchase_orders WHERE part_number={{part_number}} AND strftime('%Y', purchase_date)={{year}}), 0) AS profit;","part_number, year",3,"2023년 BCM5464SRA1KFBG의 총매출, 총매입, 순이익(흑자/적자)은?"
PAT_2a7b6295a961,"SELECT 'AT91SAM9260' AS part_number, COALESCE((SELECT SUM(sale_quantity*actual_selling_price) FROM sales_orders WHERE part_number={{part_number}} AND strftime('%Y', sale_date)={{year}}), 0) AS total_sales, COALESCE((SELECT SUM(purchase_quantity*actual_unit_cost) FROM purchase_orders WHERE part_number={{part_number}} AND strftime('%Y', purchase_date)={{year}}), 0) AS total_purchase, COALESCE((SELECT SUM(sale_quantity*actual_selling_price) FROM sales_orders WHERE part_number={{part_number}} AND strftime('%Y', sale_date)={{year}}), 0) - COALESCE((SELECT SUM(purchase_quantity*actual_unit_cost) FROM purchase_orders WHERE part_number={{part_number}} AND strftime('%Y', purchase_date)={{year}}), 0) AS profit;","part_number, year",3,"2023년 AT91SAM9260의 총매출, 총매입, 순이익(흑자/적자)은?"
PAT_2aca25c4a5b7,"SELECT 'BCM5352KPBG' AS part_number, SUM(sale_quantity) AS total_qty, SUM(sale_quantity*actual_selling_price) AS total_amount FROM sales_orders WHERE part_number={{part_number}} AND strftime('%Y', sale_date)={{year}};","part_number, year",3,2023년 BCM5352KPBG의 총 판매 수량과 판매 금액은?
PAT_2b04bf84e6ae,"SELECT '10CX105YF780E6G' AS part_number, COALESCE((SELECT SUM(sale_quantity*actual_selling_price) FROM sales_orders WHERE part_number={{part_number}} AND strftime('%Y', sale_date)={{year}}), 0) AS total_sales, COALESCE((SELECT SUM(purchase_quantity*actual_unit_cost) FROM purchase_orders WHERE part_number={{part_number}} AND strftime('%Y', purchase_date)={{year}}), 0) AS total_purchase, COALESCE((SELECT SUM(sale_quantity*actual_selling_price) FROM sales_orders WHERE part_number={{part_number}} AND strftime('%Y', sale_date)={{year}}), 0) - COALESCE((SELECT SUM(purchase_quantity*actual_unit_cost) FROM purchase_orders WHERE part_number={{part_number}} AND strftime('%Y', purchase_date)={{year}}), 0) AS profit;","part_number, year",3,"2023년 10CX105YF780E6G의 총매출, 총매입, 순이익(흑자/적자)은?"
PAT_2b4443664297,"SELECT 'CYDMX256A16-65BVXI' AS part_number, SUM(purchase_quantity) AS total_qty, SUM(purchase_quantity*actual_unit_cost) AS total_amount FROM purchase_orders WHERE part_number={{part_number}} AND strftime('%Y', purchase_date)={{year}};","part_number, year",3,2023년 CYDMX256A16-65BVXI의 총 구매 수량과 구매 금액은?
PAT_2b900e612495,"SELECT 'CY7C1305TV25-167BZC' AS part_number, COALESCE((SELECT SUM(sale_quantity*actual_selling_price) FROM sales_orders WHERE part_number={{part_number}} AND strftime('%Y', sale_date)={{year}}), 0) AS total_sales, COALESCE((SELECT SUM(purchase_quantity*actual_unit_cost) FROM purchase_orders WHERE part_number={{part_number}} AND strftime('%Y', purchase_date)={{year}}), 0) AS total_purchase, COALESCE((SELECT SUM(sale_quantity*actual_selling_price) FROM sales_orders WHERE part_number={{part_number}} AND strftime('%Y', sale_date)={{year}}), 0) - COALESCE((SELECT SUM(purchase_quantity*actual_unit_cost) FROM purchase_orders WHERE part_number={{part_number}} AND strftime('%Y', purchase_date)={{year}}), 0) AS profit;","part_number, year",3,"2023년 CY7C1305TV25-167BZC의 총매출, 총매입, 순이익(흑자/적자)은?"
PAT_2b9d821a01b4,"SELECT 'CYPCY7C1314BV18-250BZXC' AS part_number, COALESCE((SELECT SUM(sale_quantity*actual_selling_price) FROM sales_orders WHERE part_number={{part_number}} AND strftime('%Y', sale_date)={{year}}), 0) AS total_sales, COALESCE((SELECT SUM(purchase_quantity*actual_unit_cost) FROM purchase_orders WHERE part_number={{part_number}} AND strftime('%Y', purchase_date)={{year}}), 0) AS total_purchase, COALESCE((SELECT SUM(sale_quantity*actual_selling_price) FROM sales_orders WHERE part_number={{part_number}} AND strftime('%Y', sale_date)={{year}}), 0) - COALESCE((SELECT SUM(purchase_quantity*actual_unit_cost) FROM purchase_orders WHERE part_number={{part_number}} AND strftime('%Y', purchase_date)={{year}}), 0) AS profit;","part_number, year",3,"2023년 CYPCY7C1314BV18-250BZXC의 총매출, 총매입, 순이익(흑자/적자)은?"
PAT_2ba6cab2ebe5,"SELECT 'ADSP-21160M' AS part_number, SUM(sale_quantity) AS total_qty, SUM(sale_quantity*actual_selling_price) AS total_amount FROM sales_orders WHERE part_number={{part_number}} AND strftime('%Y', sale_date)={{year}};","part_number, year",3,2023년 ADSP-21160M의 총 판매 수량과 판매 금액은?
PAT_2c2937971c6a,"SELECT 'EN2210-BG1' AS part_number, COALESCE((SELECT SUM(sale_quantity*actual_selling_price) FROM sales_orders WHERE part_number={{part_number}} AND strftime('%Y', sale_date)={{year}}), 0) AS total_sales, COALESCE((SELECT SUM(purchase_quantity*actual_unit_cost) FROM purchase_orders WHERE part_number={{part_number}} AND strftime('%Y', purchase_date)={{year}}), 0) AS total_purchase, COALESCE((SELECT SUM(sale_quantity*actual_selling_price) FROM sales_orders WHERE part_number={{part_number}} AND strftime('%Y', sale_date)={{year}}), 0) - COALESCE((SELECT SUM(purchase_quantity*actual_unit_cost) FROM purchase_orders WHERE part_number={{part_number}} AND strftime('%Y', purchase_date)={{year}}), 0) AS profit;","part_number, year",3,"2023년 EN2210-BG1의 총매출, 총매입, 순이익(흑자/적자)은?"
PAT_2c68e6c62157,"SELECT COALESCE((SELECT SUM(sale_quantity*actual_selling_price) FROM sales_orders WHERE part_number={{part_number}} AND strftime('%Y', sale_date)={{year}} AND strftime('%m', sale_date)={{month}}), 0) - COALESCE((SELECT SUM(purchase_quantity*actual_unit_cost) FROM purchase_orders WHERE part_number={{part_number}} AND strftime('%Y', purchase_date)={{year}} AND strftime('%m', purchase_date)={{month}}), 0) AS profit;","month, part_number, year",3046,2023년 01월 DN-FE6001DVA0-ES의 월 순이익은?
PAT_2cb8e2b054c9,"SELECT 'DS21455N+' AS part_number, SUM(sale_quantity) AS total_qty, SUM(sale_quantity*actual_selling_price) AS total_amount FROM sales_orders WHERE part_number={{part_number}} AND strftime('%Y', sale_date)={{year}};","part_number, year",3,2023년 DS21455N+의 총 판매 수량과 판매 금액은?
PAT_2cbdc6927dbb,"SELECT 'EP2C20F484C8N' AS part_number, SUM(sale_quantity) AS total_qty, SUM(sale_quantity*actual_selling_price) AS total_amount FROM sales_orders WHERE part_number={{part_number}} AND strftime('%Y', sale_date)={{year}};","part_number, year",3,2023년 EP2C20F484C8N의 총 판매 수량과 판매 금액은?
PAT_2d1b66719a91,"SELECT 'AD6636BBCZ' AS part_number, SUM(sale_quantity) AS total_qty, SUM(sale_quantity*actual_selling_price) AS total_amount FROM sales_orders WHERE part_number={{part_number}} AND strftime('%Y', sale_date)={{year}};","part_number, year",3,2023년 AD6636BBCZ의 총 판매 수량과 판매 금액은?
PAT_2d1c20b6a297,"SELECT 'BCM5464SRA1KFBG' AS part_number, SUM(sale_quantity) AS total_qty, SUM(sale_quantity*actual_selling_price) AS total_amount FROM sales_orders WHERE part_number={{part_number}} AND strftime('%Y', sale_date)={{year}};","part_number, year",3,2023년 BCM5464SRA1KFBG의 총 판매 수량과 판매 금액은?
PAT_2d2ab92ae1ae,"SELECT '98DX-BHA1' AS part_number, SUM(purchase_quantity) AS total_qty, SUM(purchase_quantity*actual_unit_cost) AS total_amount FROM purchase_orders WHERE part_number={{part_number}} AND strftime('%Y', purchase_date)={{year}};","part_number, year",3,2023년 98DX-BHA1의 총 구매 수량과 구매 금액은?
PAT_2d51a33a34d8,"SELECT 'BCM5650IPB' AS part_number, SUM(sale_quantity) AS total_qty, SUM(sale_quantity*actual_selling_price) AS total_amount FROM sales_orders WHERE part_number={{part_number}} AND strftime('%Y', sale_date)={{year}};","part_number, year",3,2023년 BCM5650IPB의 총 판매 수량과 판매 금액은?
PAT_2d68b84f58d3,"SELECT '213X4VCAA21' AS part_number, COALESCE((SELECT SUM(sale_quantity*actual_selling_price) FROM sales_orders WHERE part_number={{part_number}} AND strftime('%Y', sale_date)={{year}}), 0) AS total_sales, COALESCE((SELECT SUM(purchase_quantity*actual_unit_cost) FROM purchase_orders WHERE part_number={{part_number}} AND strftime('%Y', purchase_date)={{year}}), 0) AS total_purchase, COALESCE((SELECT SUM(sale_quantity*actual_selling_price) FROM sales_orders WHERE part_number={{part_number}} AND strftime('%Y', sale_date)={{year}}), 0) - COALESCE((SELECT SUM(purchase_quantity*actual_unit_cost) FROM purchase_orders WHERE part_number={{part_number}} AND strftime('%Y', purchase_date)={{year}}), 0) AS profit;","part_number, year",3,"2023년 213X4VCAA21의 총매출, 총매입, 순이익(흑자/적자)은?"
PAT_2dc62ae26477,"SELECT 'A3P060-FGG144' AS part_number, SUM(purchase_quantity) AS total_qty, SUM(purchase_quantity*actual_unit_cost) AS total_amount FROM purchase_orders WHERE part_number={{part_number}} AND strftime('%Y', purchase_date)={{year}};","part_number, year",3,2023년 A3P060-FGG144의 총 구매 수량과 구매 금액은?
PAT_2ddec9e09d06,"SELECT 'CS82TPCF' AS part_number, SUM(purchase_quantity) AS total_qty, SUM(purchase_quantity*actual_unit_cost) AS total_amount FROM purchase_orders WHERE part_number={{part_number}} AND strftime('%Y', purchase_date)={{year}};","part_number, year",3,2023년 CS82TPCF의 총 구매 수량과 구매 금액은?
PAT_2e23516aeef0,"SELECT 'AM29LV800BB-120WBC' AS part_number, SUM(purchase_quantity) AS total_qty, SUM(purchase_quantity*actual_unit_cost) AS total_amount FROM purchase_orders WHERE part_number={{part_number}} AND strftime('%Y', purchase_date)={{year}};","part_number, year",3,2023년 AM29LV800BB-120WBC의 총 구매 수량과 구매 금액은?
PAT_2eae09a46ae6,"SELECT 'CY7C1370DV25-200BZCT' AS part_number, SUM(purchase_quantity) AS total_qty, SUM(purchase_quantity*actual_unit_cost) AS total_amount FROM purchase_orders WHERE part_number={{part_number}} AND strftime('%Y', purchase_date)={{year}};","part_number, year",3,2023년 CY7C1370DV25-200BZCT의 총 구매 수량과 구매 금액은?
PAT_2f1a844a6ee9,"SELECT 'CY7C1320CV18-250BZXC' AS part_number, SUM(purchase_quantity) AS total_qty, SUM(purchase_quantity*actual_unit_cost) AS total_amount FROM purchase_orders WHERE part_number={{part_number}} AND strftime('%Y', purchase_date)={{year}};","part_number, year",3,2023년 CY7C1320CV18-250BZXC의 총 구매 수량과 구매 금액은?
PAT_2fec0e9dc3fe,"SELECT 'BCM4752IUB2G' AS part_number, SUM(sale_quantity) AS total_qty, SUM(sale_quantity*actual_selling_price) AS total_amount FROM sales_orders WHERE part_number={{part_number}} AND strftime('%Y', sale_date)={{year}};","part_number, year",3,2023년 BCM4752IUB2G의 총 판매 수량과 판매 금액은?
PAT_2fee4f17b43d,"SELECT 'BCM3341A0KPBG' AS part_number, SUM(sale_quantity) AS total_qty, SUM(sale_quantity*actual_selling_price) AS total_amount FROM sales_orders WHERE part_number={{part_number}} AND strftime('%Y', sale_date)={{year}};","part_number, year",3,2023년 BCM3341A0KPBG의 총 판매 수량과 판매 금액은?
PAT_303ac2636374,"SELECT 'DSP56321VF240' AS part_number, SUM(purchase_quantity) AS total_qty, SUM(purchase_quantity*actual_unit_cost) AS total_amount FROM purchase_orders WHERE part_number={{part_number}} AND strftime('%Y', purchase_date)={{year}};","part_number, year",3,2023년 DSP56321VF240의 총 구매 수량과 구매 금액은?
PAT_30ad6c03f473,"SELECT 'BCM5709SC0KPBG' AS part_number, SUM(purchase_quantity) AS total_qty, SUM(purchase_quantity*actual_unit_cost) AS total_amount FROM purchase_orders WHERE part_number={{part_number}} AND strftime('%Y', purchase_date)={{year}};","part_number, year",3,2023년 BCM5709SC0KPBG의 총 구매 수량과 구매 금액은?
PAT_30c21a4cb8c9,"SELECT 'CY62167DV30LL-70BVI' AS part_number, SUM(sale_quantity) AS total_qty, SUM(sale_quantity*actual_selling_price) AS total_amount FROM sales_orders WHERE part_number={{part_number}} AND strftime('%Y', sale_date)={{year}};","part_number, year",3,2023년 CY62167DV30LL-70BVI의 총 판매 수량과 판매 금액은?
PAT_30dc0c816ddd,"SELECT 'BCSB5200-3' AS part_number, COALESCE((SELECT SUM(sale_quantity*actual_selling_price) FROM sales_orders WHERE part_number={{part_number}} AND strftime('%Y', sale_date)={{year}}), 0) AS total_sales, COALESCE((SELECT SUM(purchase_quantity*actual_unit_cost) FROM purchase_orders WHERE part_number={{part_number}} AND strftime('%Y', purchase_date)={{year}}), 0) AS total_purchase, COALESCE((SELECT SUM(sale_quantity*actual_selling_price) FROM sales_orders WHERE part_number={{part_number}} AND strftime('%Y', sale_date)={{year}}), 0) - COALESCE((SELECT SUM(purchase_quantity*actual_unit_cost) FROM purchase_orders WHERE part_number={{part_number}} AND strftime('%Y', purchase_date)={{year}}), 0) AS profit;","part_number, year",3,"2023년 BCSB5200-3의 총매출, 총매입, 순이익(흑자/적자)은?"
PAT_30dcb86ae4fd,"SELECT 'EP4CE115F29C8N' AS part_number, SUM(purchase_quantity) AS total_qty, SUM(purchase_quantity*actual_unit_cost) AS total_amount FROM purchase_orders WHERE part_number={{part_number}} AND strftime('%Y', purchase_date)={{year}};","part_number, year",3,2023년 EP4CE115F29C8N의 총 구매 수량과 구매 금액은?
PAT_30f29502e988,"SELECT v.vendor_name, SUM(s.sale_quantity*s.actual_selling_price) AS total_amount FROM sales_orders s JOIN vendors v ON s.vendor_id=v.vendor_id WHERE strftime('%Y', s.sale_date)='2025' AND strftime('%m', s.sale_date)='10' GROUP BY v.vendor_name ORDER BY total_amount DESC LIMIT 10;",,1,2025년 10월 벤더별 판매 금액 TOP 10은?
PAT_310469a5fc04,"SELECT 'BCM54640EB2IFBG' AS part_number, COALESCE((SELECT SUM(sale_quantity*actual_selling_price) FROM sales_orders WHERE part_number={{part_number}} AND strftime('%Y', sale_date)={{year}}), 0) AS total_sales, COALESCE((SELECT SUM(purchase_quantity*actual_unit_cost) FROM purchase_orders WHERE part_number={{part_number}} AND strftime('%Y', purchase_date)={{year}}), 0) AS total_purchase, COALESCE((SELECT SUM(sale_quantity*actual_selling_price) FROM sales_orders WHERE part_number={{part_number}} AND strftime('%Y', sale_date)={{year}}), 0) - COALESCE((SELECT SUM(purchase_quantity*actual_unit_cost) FROM purchase_orders WHERE part_number={{part_number}} AND strftime('%Y', purchase_date)={{year}}), 0) AS profit;","part_number, year",3,"2023년 BCM54640EB2IFBG의 총매출, 총매입, 순이익(흑자/적자)은?"
PAT_315ccb513c30,"SELECT 'CY7C1515KV18-250BZC' AS part_number, SUM(purchase_quantity) AS total_qty, SUM(purchase_quantity*actual_unit_cost) AS total_amount FROM purchase_orders WHERE part_number={{part_number}} AND strftime('%Y', purchase_date)={{year}};","part_number, year",3,2023년 CY7C1515KV18-250BZC의 총 구매 수량과 구매 금액은?
PAT_3164f53b013f,"SELECT m.name AS manufacturer_name, SUM(p.purchase_quantity*p.actual_unit_cost) AS total_amount FROM purchase_orders p JOIN manufacturers m ON p.manufacturer_id=m.manufacturer_id WHERE strftime('%Y', p.purchase_date)='2025' AND strftime('%m', p.purchase_date)='07' GROUP BY m.name ORDER BY total_amount DESC LIMIT 10;",,1,2025년 07월 제조사별 구매 금액 TOP 10은?
PAT_317124e650df,"SELECT 'BCM5248XA2KFB' AS part_number, COALESCE((SELECT SUM(sale_quantity*actual_selling_price) FROM sales_orders WHERE part_number={{part_number}} AND strftime('%Y', sale_date)={{year}}), 0) AS total_sales, COALESCE((SELECT SUM(purchase_quantity*actual_unit_cost) FROM purchase_orders WHERE part_number={{part_number}} AND strftime('%Y', purchase_date)={{year}}), 0) AS total_purchase, COALESCE((SELECT SUM(sale_quantity*actual_selling_price) FROM sales_orders WHERE part_number={{part_number}} AND strftime('%Y', sale_date)={{year}}), 0) - COALESCE((SELECT SUM(purchase_quantity*actual_unit_cost) FROM purchase_orders WHERE part_number={{part_number}} AND strftime('%Y', purchase_date)={{year}}), 0) AS profit;","part_number, year",3,"2023년 BCM5248XA2KFB의 총매출, 총매입, 순이익(흑자/적자)은?"
PAT_3184f8693f17,"SELECT 'CXD4130GG' AS part_number, COALESCE((SELECT SUM(sale_quantity*actual_selling_price) FROM sales_orders WHERE part_number={{part_number}} AND strftime('%Y', sale_date)={{year}}), 0) AS total_sales, COALESCE((SELECT SUM(purchase_quantity*actual_unit_cost) FROM purchase_orders WHERE part_number={{part_number}} AND strftime('%Y', purchase_date)={{year}}), 0) AS total_purchase, COALESCE((SELECT SUM(sale_quantity*actual_selling_price) FROM sales_orders WHERE part_number={{part_number}} AND strftime('%Y', sale_date)={{year}}), 0) - COALESCE((SELECT SUM(purchase_quantity*actual_unit_cost) FROM purchase_orders WHERE part_number={{part_number}} AND strftime('%Y', purchase_date)={{year}}), 0) AS profit;","part_number, year",3,"2023년 CXD4130GG의 총매출, 총매입, 순이익(흑자/적자)은?"
PAT_3255bf612b1f,"SELECT 'ADSP-BF527KBCZ-6A' AS part_number, COALESCE((SELECT SUM(sale_quantity*actual_selling_price) FROM sales_orders WHERE part_number={{part_number}} AND strftime('%Y', sale_date)={{year}}), 0) AS total_sales, COALESCE((SELECT SUM(purchase_quantity*actual_unit_cost) FROM purchase_orders WHERE part_number={{part_number}} AND strftime('%Y', purchase_date)={{year}}), 0) AS total_purchase, COALESCE((SELECT SUM(sale_quantity*actual_selling_price) FROM sales_orders WHERE part_number={{part_number}} AND strftime('%Y', sale_date)={{year}}), 0) - COALESCE((SELECT SUM(purchase_quantity*actual_unit_cost) FROM purchase_orders WHERE part_number={{part_number}} AND strftime('%Y', purchase_date)={{year}}), 0) AS profit;","part_number, year",3,"2023년 ADSP-BF527KBCZ-6A의 총매출, 총매입, 순이익(흑자/적자)은?"
PAT_32d0096596d2,"SELECT 'CN5020-400BG564-SCP' AS part_number, COALESCE((SELECT SUM(sale_quantity*actual_selling_price) FROM sales_orders WHERE part_number={{part_number}} AND strftime('%Y', sale_date)={{year}}), 0) AS total_sales, COALESCE((SELECT SUM(purchase_quantity*actual_unit_cost) FROM purchase_orders WHERE part_number={{part_number}} AND strftime('%Y', purchase_date)={{year}}), 0) AS total_purchase, COALESCE((SELECT SUM(sale_quantity*actual_selling_price) FROM sales_orders WHERE part_number={{part_number}} AND strftime('%Y', sale_date)={{year}}), 0) - COALESCE((SELECT SUM(purchase_quantity*actual_unit_cost) FROM purchase_orders WHERE part_number={{part_number}} AND strftime('%Y', purchase_date)={{year}}), 0) AS profit;","part_number, year",3,"2023년 CN5020-400BG564-SCP의 총매출, 총매입, 순이익(흑자/적자)은?"
PAT_3345ee1d27ca,"SELECT 'LE87402MQCT' AS part_number, COALESCE((SELECT SUM(sale_quantity*actual_selling_price) FROM sales_orders WHERE part_number={{part_number}} AND strftime('%Y', sale_date)={{year}}), 0) AS total_sales, COALESCE((SELECT SUM(purchase_quantity*actual_unit_cost) FROM purchase_orders WHERE part_number={{part_number}} AND strftime('%Y', purchase_date)={{year}}), 0) AS total_purchase, COALESCE((SELECT SUM(sale_quantity*actual_selling_price) FROM sales_orders WHERE part_number={{part_number}} AND strftime('%Y', sale_date)={{year}}), 0) - COALESCE((SELECT SUM(purchase_quantity*actual_unit_cost) FROM purchase_orders WHERE part_number={{part_number}} AND strftime('%Y', purchase_date)={{year}}), 0) AS profit;","part_number, year",3,"2023년 LE87402MQCT의 총매출, 총매입, 순이익(흑자/적자)은?"
PAT_33842f2b6602,"SELECT '88E111-CAA' AS part_number, COALESCE((SELECT SUM(sale_quantity*actual_selling_price) FROM sales_orders WHERE part_number={{part_number}} AND strftime('%Y', sale_date)={{year}}), 0) AS total_sales, COALESCE((SELECT SUM(purchase_quantity*actual_unit_cost) FROM purchase_orders WHERE part_number={{part_number}} AND strftime('%Y', purchase_date)={{year}}), 0) AS total_purchase, COALESCE((SELECT SUM(sale_quantity*actual_selling_price) FROM sales_orders WHERE part_number={{part_number}} AND strftime('%Y', sale_date)={{year}}), 0) - COALESCE((SELECT SUM(purchase_quantity*actual_unit_cost) FROM purchase_orders WHERE part_number={{part_number}} AND strftime('%Y', purchase_date)={{year}}), 0) AS profit;","part_number, year",3,"2023년 88E111-CAA의 총매출, 총매입, 순이익(흑자/적자)은?"
PAT_33e0ee137e72,"SELECT 'EP3C55F484C8N' AS part_number, COALESCE((SELECT SUM(sale_quantity*actual_selling_price) FROM sales_orders WHERE part_number={{part_number}} AND strftime('%Y', sale_date)={{year}}), 0) AS total_sales, COALESCE((SELECT SUM(purchase_quantity*actual_unit_cost) FROM purchase_orders WHERE part_number={{part_number}} AND strftime('%Y', purchase_date)={{year}}), 0) AS total_purchase, COALESCE((SELECT SUM(sale_quantity*actual_selling_price) FROM sales_orders WHERE part_number={{part_number}} AND strftime('%Y', sale_date)={{year}}), 0) - COALESCE((SELECT SUM(purchase_quantity*actual_unit_cost) FROM purchase_orders WHERE part_number={{part_number}} AND strftime('%Y', purchase_date)={{year}}), 0) AS profit;","part_number, year",3,"2023년 EP3C55F484C8N의 총매출, 총매입, 순이익(흑자/적자)은?"
PAT_33f5d4ef256a,"SELECT 'CY7C1318AV18-167BZC' AS part_number, SUM(sale_quantity) AS total_qty, SUM(sale_quantity*actual_selling_price) AS total_amount FROM sales_orders WHERE part_number={{part_number}} AND strftime('%Y', sale_date)={{year}};","part_number, year",3,2023년 CY7C1318AV18-167BZC의 총 판매 수량과 판매 금액은?
PAT_3416b3888222,"SELECT 'CXD4150AGG' AS part_number, COALESCE((SELECT SUM(sale_quantity*actual_selling_price) FROM sales_orders WHERE part_number={{part_number}} AND strftime('%Y', sale_date)={{year}}), 0) AS total_sales, COALESCE((SELECT SUM(purchase_quantity*actual_unit_cost) FROM purchase_orders WHERE part_number={{part_number}} AND strftime('%Y', purchase_date)={{year}}), 0) AS total_purchase, COALESCE((SELECT SUM(sale_quantity*actual_selling_price) FROM sales_orders WHERE part_number={{part_number}} AND strftime('%Y', sale_date)={{year}}), 0) - COALESCE((SELECT SUM(purchase_quantity*actual_unit_cost) FROM purchase_orders WHERE part_number={{part_number}} AND strftime('%Y', purchase_date)={{year}}), 0) AS profit;","part_number, year",3,"2023년 CXD4150AGG의 총매출, 총매입, 순이익(흑자/적자)은?"
PAT_3420344d0727,"SELECT 'CXD4150AGG' AS part_number, SUM(purchase_quantity) AS total_qty, SUM(purchase_quantity*actual_unit_cost) AS total_amount FROM purchase_orders WHERE part_number={{part_number}} AND strftime('%Y', purchase_date)={{year}};","part_number, year",3,2023년 CXD4150AGG의 총 구매 수량과 구매 금액은?
PAT_343525a31006,"SELECT 'BCM54610KFBG' AS part_number, COALESCE((SELECT SUM(sale_quantity*actual_selling_price) FROM sales_orders WHERE part_number={{part_number}} AND strftime('%Y', sale_date)={{year}}), 0) AS total_sales, COALESCE((SELECT SUM(purchase_quantity*actual_unit_cost) FROM purchase_orders WHERE part_number={{part_number}} AND strftime('%Y', purchase_date)={{year}}), 0) AS total_purchase, COALESCE((SELECT SUM(sale_quantity*actual_selling_price) FROM sales_orders WHERE part_number={{part_number}} AND strftime('%Y', sale_date)={{year}}), 0) - COALESCE((SELECT SUM(purchase_quantity*actual_unit_cost) FROM purchase_orders WHERE part_number={{part_number}} AND strftime('%Y', purchase_date)={{year}}), 0) AS profit;","part_number, year",3,"2023년 BCM54610KFBG의 총매출, 총매입, 순이익(흑자/적자)은?"
PAT_34419f2fdab7,"SELECT 'EP2C35F672I8N' AS part_number, COALESCE((SELECT SUM(sale_quantity*actual_selling_price) FROM sales_orders WHERE part_number={{part_number}} AND strftime('%Y', sale_date)={{year}}), 0) AS total_sales, COALESCE((SELECT SUM(purchase_quantity*actual_unit_cost) FROM purchase_orders WHERE part_number={{part_number}} AND strftime('%Y', purchase_date)={{year}}), 0) AS total_purchase, COALESCE((SELECT SUM(sale_quantity*actual_selling_price) FROM sales_orders WHERE part_number={{part_number}} AND strftime('%Y', sale_date)={{year}}), 0) - COALESCE((SELECT SUM(purchase_quantity*actual_unit_cost) FROM purchase_orders WHERE part_number={{part_number}} AND strftime('%Y', purchase_date)={{year}}), 0) AS profit;","part_number, year",3,"2023년 EP2C35F672I8N의 총매출, 총매입, 순이익(흑자/적자)은?"
PAT_34767a1fa71a,"SELECT 'BCM7405XKFEBB01G' AS part_number, COALESCE((SELECT SUM(sale_quantity*actual_selling_price) FROM sales_orders WHERE part_number={{part_number}} AND strftime('%Y', sale_date)={{year}}), 0) AS total_sales, COALESCE((SELECT SUM(purchase_quantity*actual_unit_cost) FROM purchase_orders WHERE part_number={{part_number}} AND strftime('%Y', purchase_date)={{year}}), 0) AS total_purchase, COALESCE((SELECT SUM(sale_quantity*actual_selling_price) FROM sales_orders WHERE part_number={{part_number}} AND strftime('%Y', sale_date)={{year}}), 0) - COALESCE((SELECT SUM(purchase_quantity*actual_unit_cost) FROM purchase_orders WHERE part_number={{part_number}} AND strftime('%Y', purchase_date)={{year}}), 0) AS profit;","part_number, year",3,"2023년 BCM7405XKFEBB01G의 총매출, 총매입, 순이익(흑자/적자)은?"
PAT_34dd75a33f7f,"SELECT 'DSP56321FC240' AS part_number, SUM(purchase_quantity) AS total_qty, SUM(purchase_quantity*actual_unit_cost) AS total_amount FROM purchase_orders WHERE part_number={{part_number}} AND strftime('%Y', purchase_date)={{year}};","part_number, year",3,2023년 DSP56321FC240의 총 구매 수량과 구매 금액은?
PAT_350dee447424,"SELECT 'BCM5709SC0KPBG' AS part_number, SUM(sale_quantity) AS total_qty, SUM(sale_quantity*actual_selling_price) AS total_amount FROM sales_orders WHERE part_number={{part_number}} AND strftime('%Y', sale_date)={{year}};","part_number, year",3,2023년 BCM5709SC0KPBG의 총 판매 수량과 판매 금액은?
PAT_35e4c2cb45ae,"SELECT 'BSZ15DC02KDH' AS part_number, COALESCE((SELECT SUM(sale_quantity*actual_selling_price) FROM sales_orders WHERE part_number={{part_number}} AND strftime('%Y', sale_date)={{year}}), 0) AS total_sales, COALESCE((SELECT SUM(purchase_quantity*actual_unit_cost) FROM purchase_orders WHERE part_number={{part_number}} AND strftime('%Y', purchase_date)={{year}}), 0) AS total_purchase, COALESCE((SELECT SUM(sale_quantity*actual_selling_price) FROM sales_orders WHERE part_number={{part_number}} AND strftime('%Y', sale_date)={{year}}), 0) - COALESCE((SELECT SUM(purchase_quantity*actual_unit_cost) FROM purchase_orders WHERE part_number={{part_number}} AND strftime('%Y', purchase_date)={{year}}), 0) AS profit;","part_number, year",3,"2023년 BSZ15DC02KDH의 총매출, 총매입, 순이익(흑자/적자)은?"
PAT_35f0fe51f7e9,"SELECT 'CY7C1460AV25-167BZCT' AS part_number, SUM(sale_quantity) AS total_qty, SUM(sale_quantity*actual_selling_price) AS total_amount FROM sales_orders WHERE part_number={{part_number}} AND strftime('%Y', sale_date)={{year}};","part_number, year",3,2023년 CY7C1460AV25-167BZCT의 총 판매 수량과 판매 금액은?
PAT_35f12c19522d,"SELECT 'EP1C12F324C7N' AS part_number, SUM(sale_quantity) AS total_qty, SUM(sale_quantity*actual_selling_price) AS total_amount FROM sales_orders WHERE part_number={{part_number}} AND strftime('%Y', sale_date)={{year}};","part_number, year",3,2023년 EP1C12F324C7N의 총 판매 수량과 판매 금액은?
PAT_363f9a0bac20,"SELECT 'BCM7401RKPB33G' AS part_number, COALESCE((SELECT SUM(sale_quantity*actual_selling_price) FROM sales_orders WHERE part_number={{part_number}} AND strftime('%Y', sale_date)={{year}}), 0) AS total_sales, COALESCE((SELECT SUM(purchase_quantity*actual_unit_cost) FROM purchase_orders WHERE part_number={{part_number}} AND strftime('%Y', purchase_date)={{year}}), 0) AS total_purchase, COALESCE((SELECT SUM(sale_quantity*actual_selling_price) FROM sales_orders WHERE part_number={{part_number}} AND strftime('%Y', sale_date)={{year}}), 0) - COALESCE((SELECT SUM(purchase_quantity*actual_unit_cost) FROM purchase_orders WHERE part_number={{part_number}} AND strftime('%Y', purchase_date)={{year}}), 0) AS profit;","part_number, year",3,"2023년 BCM7401RKPB33G의 총매출, 총매입, 순이익(흑자/적자)은?"
PAT_367bcfd39210,"SELECT '64M29EWB' AS part_number, SUM(purchase_quantity) AS total_qty, SUM(purchase_quantity*actual_unit_cost) AS total_amount FROM purchase_orders WHERE part_number={{part_number}} AND strftime('%Y', purchase_date)={{year}};","part_number, year",3,2023년 64M29EWB의 총 구매 수량과 구매 금액은?
PAT_36eb66f1583b,"SELECT 'CXD4130GG' AS part_number, SUM(sale_quantity) AS total_qty, SUM(sale_quantity*actual_selling_price) AS total_amount FROM sales_orders WHERE part_number={{part_number}} AND strftime('%Y', sale_date)={{year}};","part_number, year",3,2023년 CXD4130GG의 총 판매 수량과 판매 금액은?
PAT_370672f89b4a,"SELECT 'CY7C1314CV18-200BZI' AS part_number, SUM(purchase_quantity) AS total_qty, SUM(purchase_quantity*actual_unit_cost) AS total_amount FROM purchase_orders WHERE part_number={{part_number}} AND strftime('%Y', purchase_date)={{year}};","part_number, year",3,2023년 CY7C1314CV18-200BZI의 총 구매 수량과 구매 금액은?
PAT_37a8ce38ef9b,"SELECT 'A54SX08A-2FG144I' AS part_number, SUM(sale_quantity) AS total_qty, SUM(sale_quantity*actual_selling_price) AS total_amount FROM sales_orders WHERE part_number={{part_number}} AND strftime('%Y', sale_date)={{year}};","part_number, year",3,2023년 A54SX08A-2FG144I의 총 판매 수량과 판매 금액은?
PAT_38be68c36749,"SELECT '213X4VCAA21' AS part_number, SUM(sale_quantity) AS total_qty, SUM(sale_quantity*actual_selling_price) AS total_amount FROM sales_orders WHERE part_number={{part_number}} AND strftime('%Y', sale_date)={{year}};","part_number, year",3,2023년 213X4VCAA21의 총 판매 수량과 판매 금액은?
PAT_38dc33a73f7a,"SELECT 'EP2SGXF1152AA' AS part_number, SUM(sale_quantity) AS total_qty, SUM(sale_quantity*actual_selling_price) AS total_amount FROM sales_orders WHERE part_number={{part_number}} AND strftime('%Y', sale_date)={{year}};","part_number, year",3,2023년 EP2SGXF1152AA의 총 판매 수량과 판매 금액은?
PAT_38f8bd962651,"SELECT 'CY7C1515KV18-300BZXI' AS part_number, SUM(sale_quantity) AS total_qty, SUM(sale_quantity*actual_selling_price) AS total_amount FROM sales_orders WHERE part_number={{part_number}} AND strftime('%Y', sale_date)={{year}};","part_number, year",3,2023년 CY7C1515KV18-300BZXI의 총 판매 수량과 판매 금액은?
PAT_3ab0b50d3515,"SELECT '88F6282-A1-BKI2C160' AS part_number, SUM(purchase_quantity) AS total_qty, SUM(purchase_quantity*actual_unit_cost) AS total_amount FROM purchase_orders WHERE part_number={{part_number}} AND strftime('%Y', purchase_date)={{year}};","part_number, year",3,2023년 88F6282-A1-BKI2C160의 총 구매 수량과 구매 금액은?
PAT_3ac382ec07f0,"SELECT 'AGS756KCA-050B-PFF-T' AS part_number, SUM(purchase_quantity) AS total_qty, SUM(purchase_quantity*actual_unit_cost) AS total_amount FROM purchase_orders WHERE part_number={{part_number}} AND strftime('%Y', purchase_date)={{year}};","part_number, year",3,2023년 AGS756KCA-050B-PFF-T의 총 구매 수량과 구매 금액은?
PAT_3acfd2c1fbf9,"SELECT 'AR2313A-00' AS part_number, SUM(sale_quantity) AS total_qty, SUM(sale_quantity*actual_selling_price) AS total_amount FROM sales_orders WHERE part_number={{part_number}} AND strftime('%Y', sale_date)={{year}};","part_number, year",3,2023년 AR2313A-00의 총 판매 수량과 판매 금액은?
PAT_3b9896b1cb51,"SELECT 'EPIC20F3247N' AS part_number, COALESCE((SELECT SUM(sale_quantity*actual_selling_price) FROM sales_orders WHERE part_number={{part_number}} AND strftime('%Y', sale_date)={{year}}), 0) AS total_sales, COALESCE((SELECT SUM(purchase_quantity*actual_unit_cost) FROM purchase_orders WHERE part_number={{part_number}} AND strftime('%Y', purchase_date)={{year}}), 0) AS total_purchase, COALESCE((SELECT SUM(sale_quantity*actual_selling_price) FROM sales_orders WHERE part_number={{part_number}} AND strftime('%Y', sale_date)={{year}}), 0) - COALESCE((SELECT SUM(purchase_quantity*actual_unit_cost) FROM purchase_orders WHERE part_number={{part_number}} AND strftime('%Y', purchase_date)={{year}}), 0) AS profit;","part_number, year",3,"2023년 EPIC20F3247N의 총매출, 총매입, 순이익(흑자/적자)은?"
PAT_3bf3a5b031c2,"SELECT 'BCM7405XKFEBB01G' AS part_number, SUM(purchase_quantity) AS total_qty, SUM(purchase_quantity*actual_unit_cost) AS total_amount FROM purchase_orders WHERE part_number={{part_number}} AND strftime('%Y', purchase_date)={{year}};","part_number, year",3,2023년 BCM7405XKFEBB01G의 총 구매 수량과 구매 금액은?
PAT_3c49946039e9,"SELECT 'BCM7313SKPB8G' AS part_number, SUM(purchase_quantity) AS total_qty, SUM(purchase_quantity*actual_unit_cost) AS total_amount FROM purchase_orders WHERE part_number={{part_number}} AND strftime('%Y', purchase_date)={{year}};","part_number, year",3,2023년 BCM7313SKPB8G의 총 구매 수량과 구매 금액은?
PAT_3c5065cdea5a,"SELECT 'EP1C12F324I7' AS part_number, SUM(purchase_quantity) AS total_qty, SUM(purchase_quantity*actual_unit_cost) AS total_amount FROM purchase_orders WHERE part_number={{part_number}} AND strftime('%Y', purchase_date)={{year}};","part_number, year",3,2023년 EP1C12F324I7의 총 구매 수량과 구매 금액은?
PAT_3ca92823b120,"SELECT 'EP3C16F256C7N' AS part_number, COALESCE((SELECT SUM(sale_quantity*actual_selling_price) FROM sales_orders WHERE part_number={{part_number}} AND strftime('%Y', sale_date)={{year}}), 0) AS total_sales, COALESCE((SELECT SUM(purchase_quantity*actual_unit_cost) FROM purchase_orders WHERE part_number={{part_number}} AND strftime('%Y', purchase_date)={{year}}), 0) AS total_purchase, COALESCE((SELECT SUM(sale_quantity*actual_selling_price) FROM sales_orders WHERE part_number={{part_number}} AND strftime('%Y', sale_date)={{year}}), 0) - COALESCE((SELECT SUM(purchase_quantity*actual_unit_cost) FROM purchase_orders WHERE part_number={{part_number}} AND strftime('%Y', purchase_date)={{year}}), 0) AS profit;","part_number, year",3,"2023년 EP3C16F256C7N의 총매출, 총매입, 순이익(흑자/적자)은?"
PAT_3cdfe873fa55,"SELECT m.name AS manufacturer_name, SUM(p.purchase_quantity*p.actual_unit_cost) AS total_amount FROM purchase_orders p JOIN manufacturers m ON p.manufacturer_id=m.manufacturer_id WHERE strftime('%Y', p.purchase_date)='2024' AND strftime('%m', p.purchase_date)='05' GROUP BY m.name ORDER BY total_amount DESC LIMIT 10;",,1,2024년 05월 제조사별 구매 금액 TOP 10은?
PAT_3d083a6f3e1f,"SELECT 'CS61884-IB' AS part_number, COALESCE((SELECT SUM(sale_quantity*actual_selling_price) FROM sales_orders WHERE part_number={{part_number}} AND strftime('%Y', sale_date)={{year}}), 0) AS total_sales, COALESCE((SELECT SUM(purchase_quantity*actual_unit_cost) FROM purchase_orders WHERE part_number={{part_number}} AND strftime('%Y', purchase_date)={{year}}), 0) AS total_purchase, COALESCE((SELECT SUM(sale_quantity*actual_selling_price) FROM sales_orders WHERE part_number={{part_number}} AND strftime('%Y', sale_date)={{year}}), 0) - COALESCE((SELECT SUM(purchase_quantity*actual_unit_cost) FROM purchase_orders WHERE part_number={{part_number}} AND strftime('%Y', purchase_date)={{year}}), 0) AS profit;","part_number, year",3,"2023년 CS61884-IB의 총매출, 총매입, 순이익(흑자/적자)은?"
PAT_3d548de785a9,"SELECT 'AR9130-BC1E' AS part_number, SUM(purchase_quantity) AS total_qty, SUM(purchase_quantity*actual_unit_cost) AS total_amount FROM purchase_orders WHERE part_number={{part_number}} AND strftime('%Y', purchase_date)={{year}};","part_number, year",3,2023년 AR9130-BC1E의 총 구매 수량과 구매 금액은?
PAT_3df4e06ea382,"SELECT 'AR9130-BC1E' AS part_number, SUM(sale_quantity) AS total_qty, SUM(sale_quantity*actual_selling_price) AS total_amount FROM sales_orders WHERE part_number={{part_number}} AND strftime('%Y', sale_date)={{year}};","part_number, year",3,2023년 AR9130-BC1E의 총 판매 수량과 판매 금액은?
PAT_3e0a67744139,"SELECT 'AU1000-266MCC' AS part_number, SUM(sale_quantity) AS total_qty, SUM(sale_quantity*actual_selling_price) AS total_amount FROM sales_orders WHERE part_number={{part_number}} AND strftime('%Y', sale_date)={{year}};","part_number, year",3,2023년 AU1000-266MCC의 총 판매 수량과 판매 금액은?
PAT_3e777e62461a,"SELECT m.name AS manufacturer_name, SUM(p.purchase_quantity*p.actual_unit_cost) AS total_amount FROM purchase_orders p JOIN manufacturers m ON p.manufacturer_id=m.manufacturer_id WHERE strftime('%Y', p.purchase_date)='2025' AND strftime('%m', p.purchase_date)='11' GROUP BY m.name ORDER BY total_amount DESC LIMIT 10;",,1,2025년 11월 제조사별 구매 금액 TOP 10은?
PAT_3effb35c68ed,"SELECT 'BCM5680B2KTB' AS part_number, COALESCE((SELECT SUM(sale_quantity*actual_selling_price) FROM sales_orders WHERE part_number={{part_number}} AND strftime('%Y', sale_date)={{year}}), 0) AS total_sales, COALESCE((SELECT SUM(purchase_quantity*actual_unit_cost) FROM purchase_orders WHERE part_number={{part_number}} AND strftime('%Y', purchase_date)={{year}}), 0) AS total_purchase, COALESCE((SELECT SUM(sale_quantity*actual_selling_price) FROM sales_orders WHERE part_number={{part_number}} AND strftime('%Y', sale_date)={{year}}), 0) - COALESCE((SELECT SUM(purchase_quantity*actual_unit_cost) FROM purchase_orders WHERE part_number={{part_number}} AND strftime('%Y', purchase_date)={{year}}), 0) AS profit;","part_number, year",3,"2023년 BCM5680B2KTB의 총매출, 총매입, 순이익(흑자/적자)은?"
PAT_3f8db6a7babb,"SELECT m.name AS manufacturer_name, SUM(p.purchase_quantity*p.actual_unit_cost) AS total_amount FROM purchase_orders p JOIN manufacturers m ON p.manufacturer_id=m.manufacturer_id WHERE strftime('%Y', p.purchase_date)='2024' AND strftime('%m', p.purchase_date)='03' GROUP BY m.name ORDER BY total_amount DESC LIMIT 10;",,1,2024년 03월 제조사별 구매 금액 TOP 10은?
PAT_3fcc6d4c32e6,"SELECT '10M02SCU169C8G' AS part_number, COALESCE((SELECT SUM(sale_quantity*actual_selling_price) FROM sales_orders WHERE part_number={{part_number}} AND strftime('%Y', sale_date)={{year}}), 0) AS total_sales, COALESCE((SELECT SUM(purchase_quantity*actual_unit_cost) FROM purchase_orders WHERE part_number={{part_number}} AND strftime('%Y', purchase_date)={{year}}), 0) AS total_purchase, COALESCE((SELECT SUM(sale_quantity*actual_selling_price) FROM sales_orders WHERE part_number={{part_number}} AND strftime('%Y', sale_date)={{year}}), 0) - COALESCE((SELECT SUM(purchase_quantity*actual_unit_cost) FROM purchase_orders WHERE part_number={{part_number}} AND strftime('%Y', purchase_date)={{year}}), 0) AS profit;","part_number, year",3,"2023년 10M02SCU169C8G의 총매출, 총매입, 순이익(흑자/적자)은?"
PAT_3fde5145869a,"SELECT v.vendor_name, SUM(s.sale_quantity*s.actual_selling_price) AS total_amount FROM sales_orders s JOIN vendors v ON s.vendor_id=v.vendor_id WHERE strftime('%Y', s.sale_date)='2023' AND strftime('%m', s.sale_date)='07' GROUP BY v.vendor_name ORDER BY total_amount DESC LIMIT 10;",,1,2023년 07월 벤더별 판매 금액 TOP 10은?
PAT_3fe55af3258f,"SELECT 'AM29DL323DT-90WDI' AS part_number, SUM(sale_quantity) AS total_qty, SUM(sale_quantity*actual_selling_price) AS total_amount FROM sales_orders WHERE part_number={{part_number}} AND strftime('%Y', sale_date)={{year}};","part_number, year",3,2023년 AM29DL323DT-90WDI의 총 판매 수량과 판매 금액은?
PAT_403872ee50bf,"SELECT 'EP1C4F324C8N' AS part_number, SUM(sale_quantity) AS total_qty, SUM(sale_quantity*actual_selling_price) AS total_amount FROM sales_orders WHERE part_number={{part_number}} AND strftime('%Y', sale_date)={{year}};","part_number, year",3,2023년 EP1C4F324C8N의 총 판매 수량과 판매 금액은?
PAT_403b0ac3e5b4,"SELECT 'EP1C12F324C7N' AS part_number, SUM(purchase_quantity) AS total_qty, SUM(purchase_quantity*actual_unit_cost) AS total_amount FROM purchase_orders WHERE part_number={{part_number}} AND strftime('%Y', purchase_date)={{year}};","part_number, year",3,2023년 EP1C12F324C7N의 총 구매 수량과 구매 금액은?
PAT_4067671f41ce,"SELECT 'EP1C12F324I7' AS part_number, SUM(sale_quantity) AS total_qty, SUM(sale_quantity*actual_selling_price) AS total_amount FROM sales_orders WHERE part_number={{part_number}} AND strftime('%Y', sale_date)={{year}};","part_number, year",3,2023년 EP1C12F324I7의 총 판매 수량과 판매 금액은?
PAT_40769cd77d7f,"SELECT 'BCM6550IPB1G' AS part_number, SUM(purchase_quantity) AS total_qty, SUM(purchase_quantity*actual_unit_cost) AS total_amount FROM purchase_orders WHERE part_number={{part_number}} AND strftime('%Y', purchase_date)={{year}};","part_number, year",3,2023년 BCM6550IPB1G의 총 구매 수량과 구매 금액은?
PAT_4078bcb68955,"SELECT 'ETRAX100LX' AS part_number, SUM(purchase_quantity) AS total_qty, SUM(purchase_quantity*actual_unit_cost) AS total_amount FROM purchase_orders WHERE part_number={{part_number}} AND strftime('%Y', purchase_date)={{year}};","part_number, year",3,2023년 ETRAX100LX의 총 구매 수량과 구매 금액은?
PAT_40cbae688690,"SELECT 'AR2313A-00' AS part_number, COALESCE((SELECT SUM(sale_quantity*actual_selling_price) FROM sales_orders WHERE part_number={{part_number}} AND strftime('%Y', sale_date)={{year}}), 0) AS total_sales, COALESCE((SELECT SUM(purchase_quantity*actual_unit_cost) FROM purchase_orders WHERE part_number={{part_number}} AND strftime('%Y', purchase_date)={{year}}), 0) AS total_purchase, COALESCE((SELECT SUM(sale_quantity*actual_selling_price) FROM sales_orders WHERE part_number={{part_number}} AND strftime('%Y', sale_date)={{year}}), 0) - COALESCE((SELECT SUM(purchase_quantity*actual_unit_cost) FROM purchase_orders WHERE part_number={{part_number}} AND strftime('%Y', purchase_date)={{year}}), 0) AS profit;","part_number, year",3,"2023년 AR2313A-00의 총매출, 총매입, 순이익(흑자/적자)은?"
PAT_4118cea71e88,"SELECT 'EP2C8F25618' AS part_number, SUM(sale_quantity) AS total_qty, SUM(sale_quantity*actual_selling_price) AS total_amount FROM sales_orders WHERE part_number={{part_number}} AND strftime('%Y', sale_date)={{year}};","part_number, year",3,2023년 EP2C8F25618의 총 판매 수량과 판매 금액은?
PAT_4149553c7fc0,"SELECT 'AR9130-BC1E' AS part_number, COALESCE((SELECT SUM(sale_quantity*actual_selling_price) FROM sales_orders WHERE part_number={{part_number}} AND strftime('%Y', sale_date)={{year}}), 0) AS total_sales, COALESCE((SELECT SUM(purchase_quantity*actual_unit_cost) FROM purchase_orders WHERE part_number={{part_number}} AND strftime('%Y', purchase_date)={{year}}), 0) AS total_purchase, COALESCE((SELECT SUM(sale_quantity*actual_selling_price) FROM sales_orders WHERE part_number={{part_number}} AND strftime('%Y', sale_date)={{year}}), 0) - COALESCE((SELECT SUM(purchase_quantity*actual_unit_cost) FROM purchase_orders WHERE part_number={{part_number}} AND strftime('%Y', purchase_date)={{year}}), 0) AS profit;","part_number, year",3,"2023년 AR9130-BC1E의 총매출, 총매입, 순이익(흑자/적자)은?"
PAT_4170f73d28eb,"SELECT 'BCM5389KFB' AS part_number, SUM(sale_quantity) AS total_qty, SUM(sale_quantity*actual_selling_price) AS total_amount FROM sales_orders WHERE part_number={{part_number}} AND strftime('%Y', sale_date)={{year}};","part_number, year",3,2023년 BCM5389KFB의 총 판매 수량과 판매 금액은?
PAT_417ea26bdbdf,"SELECT 'EP1C20F324C7' AS part_number, SUM(sale_quantity) AS total_qty, SUM(sale_quantity*actual_selling_price) AS total_amount FROM sales_orders WHERE part_number={{part_number}} AND strftime('%Y', sale_date)={{year}};","part_number, year",3,2023년 EP1C20F324C7의 총 판매 수량과 판매 금액은?
PAT_418785ed58be,"SELECT '10M02SCU169C8G' AS part_number, SUM(purchase_quantity) AS total_qty, SUM(purchase_quantity*actual_unit_cost) AS total_amount FROM purchase_orders WHERE part_number={{part_number}} AND strftime('%Y', purchase_date)={{year}};","part_number, year",3,2023년 10M02SCU169C8G의 총 구매 수량과 구매 금액은?
PAT_41a6c37c7982,"SELECT '88F5182-A2-BEG1C500' AS part_number, SUM(sale_quantity) AS total_qty, SUM(sale_quantity*actual_selling_price) AS total_amount FROM sales_orders WHERE part_number={{part_number}} AND strftime('%Y', sale_date)={{year}};","part_number, year",3,2023년 88F5182-A2-BEG1C500의 총 판매 수량과 판매 금액은?
PAT_41b4cf19d33c,"SELECT 'EP20K200EBC356-1' AS part_number, SUM(purchase_quantity) AS total_qty, SUM(purchase_quantity*actual_unit_cost) AS total_amount FROM purchase_orders WHERE part_number={{part_number}} AND strftime('%Y', purchase_date)={{year}};","part_number, year",3,2023년 EP20K200EBC356-1의 총 구매 수량과 구매 금액은?
PAT_420629f3a6e2,"SELECT 'EN2210-BG2' AS part_number, SUM(purchase_quantity) AS total_qty, SUM(purchase_quantity*actual_unit_cost) AS total_amount FROM purchase_orders WHERE part_number={{part_number}} AND strftime('%Y', purchase_date)={{year}};","part_number, year",3,2023년 EN2210-BG2의 총 구매 수량과 구매 금액은?
PAT_421e415800e5,"SELECT 'AD9974BBCZ' AS part_number, COALESCE((SELECT SUM(sale_quantity*actual_selling_price) FROM sales_orders WHERE part_number={{part_number}} AND strftime('%Y', sale_date)={{year}}), 0) AS total_sales, COALESCE((SELECT SUM(purchase_quantity*actual_unit_cost) FROM purchase_orders WHERE part_number={{part_number}} AND strftime('%Y', purchase_date)={{year}}), 0) AS total_purchase, COALESCE((SELECT SUM(sale_quantity*actual_selling_price) FROM sales_orders WHERE part_number={{part_number}} AND strftime('%Y', sale_date)={{year}}), 0) - COALESCE((SELECT SUM(purchase_quantity*actual_unit_cost) FROM purchase_orders WHERE part_number={{part_number}} AND strftime('%Y', purchase_date)={{year}}), 0) AS profit;","part_number, year",3,"2023년 AD9974BBCZ의 총매출, 총매입, 순이익(흑자/적자)은?"
PAT_425c5122d4c3,"SELECT 'BCM5693A2KEBG' AS part_number, SUM(purchase_quantity) AS total_qty, SUM(purchase_quantity*actual_unit_cost) AS total_amount FROM purchase_orders WHERE part_number={{part_number}} AND strftime('%Y', purchase_date)={{year}};","part_number, year",3,2023년 BCM5693A2KEBG의 총 구매 수량과 구매 금액은?
PAT_42d6b0f34ab6,"SELECT 'ELANSC410-33AC' AS part_number, SUM(purchase_quantity) AS total_qty, SUM(purchase_quantity*actual_unit_cost) AS total_amount FROM purchase_orders WHERE part_number={{part_number}} AND strftime('%Y', purchase_date)={{year}};","part_number, year",3,2023년 ELANSC410-33AC의 총 구매 수량과 구매 금액은?
PAT_433c909d6354,"SELECT 'EPM7128SQC100-7N' AS part_number, COALESCE((SELECT SUM(sale_quantity*actual_selling_price) FROM sales_orders WHERE part_number={{part_number}} AND strftime('%Y', sale_date)={{year}}), 0) AS total_sales, COALESCE((SELECT SUM(purchase_quantity*actual_unit_cost) FROM purchase_orders WHERE part_number={{part_number}} AND strftime('%Y', purchase_date)={{year}}), 0) AS total_purchase, COALESCE((SELECT SUM(sale_quantity*actual_selling_price) FROM sales_orders WHERE part_number={{part_number}} AND strftime('%Y', sale_date)={{year}}), 0) - COALESCE((SELECT SUM(purchase_quantity*actual_unit_cost) FROM purchase_orders WHERE part_number={{part_number}} AND strftime('%Y', purchase_date)={{year}}), 0) AS profit;","part_number, year",3,"2023년 EPM7128SQC100-7N의 총매출, 총매입, 순이익(흑자/적자)은?"
PAT_434f347ebd6e,"SELECT 'EP2S30F484C5N' AS part_number, SUM(purchase_quantity) AS total_qty, SUM(purchase_quantity*actual_unit_cost) AS total_amount FROM purchase_orders WHERE part_number={{part_number}} AND strftime('%Y', purchase_date)={{year}};","part_number, year",3,2023년 EP2S30F484C5N의 총 구매 수량과 구매 금액은?
PAT_43bc9f3e2984,"SELECT 'BCM5656KPBG' AS part_number, SUM(sale_quantity) AS total_qty, SUM(sale_quantity*actual_selling_price) AS total_amount FROM sales_orders WHERE part_number={{part_number}} AND strftime('%Y', sale_date)={{year}};","part_number, year",3,2023년 BCM5656KPBG의 총 판매 수량과 판매 금액은?
PAT_43dac100ec34,"SELECT 'AGS756KCA-050B-PFF-T' AS part_number, SUM(sale_quantity) AS total_qty, SUM(sale_quantity*actual_selling_price) AS total_amount FROM sales_orders WHERE part_number={{part_number}} AND strftime('%Y', sale_date)={{year}};","part_number, year",3,2023년 AGS756KCA-050B-PFF-T의 총 판매 수량과 판매 금액은?
PAT_43e82340cafd,"SELECT 'CY7C1347G-166BGXCT' AS part_number, SUM(sale_quantity) AS total_qty, SUM(sale_quantity*actual_selling_price) AS total_amount FROM sales_orders WHERE part_number={{part_number}} AND strftime('%Y', sale_date)={{year}};","part_number, year",3,2023년 CY7C1347G-166BGXCT의 총 판매 수량과 판매 금액은?
PAT_4432592452db,"SELECT 'CN5020-300BG564-SCP-G' AS part_number, SUM(sale_quantity) AS total_qty, SUM(sale_quantity*actual_selling_price) AS total_amount FROM sales_orders WHERE part_number={{part_number}} AND strftime('%Y', sale_date)={{year}};","part_number, year",3,2023년 CN5020-300BG564-SCP-G의 총 판매 수량과 판매 금액은?
PAT_4464f5c352e4,"SELECT m.name AS manufacturer_name, SUM(p.purchase_quantity*p.actual_unit_cost) AS total_amount FROM purchase_orders p JOIN manufacturers m ON p.manufacturer_id=m.manufacturer_id WHERE strftime('%Y', p.purchase_date)='2023' AND strftime('%m', p.purchase_date)='06' GROUP BY m.name ORDER BY total_amount DESC LIMIT 10;",,1,2023년 06월 제조사별 구매 금액 TOP 10은?
PAT_4471afb20eb2,"SELECT v.vendor_name, SUM(s.sale_quantity*s.actual_selling_price) AS total_amount FROM sales_orders s JOIN vendors v ON s.vendor_id=v.vendor_id WHERE strftime('%Y', s.sale_date)='2024' AND strftime('%m', s.sale_date)='03' GROUP BY v.vendor_name ORDER BY total_amount DESC LIMIT 10;",,1,2024년 03월 벤더별 판매 금액 TOP 10은?
PAT_44ef041051b9,"SELECT 'BCSB5200-3' AS part_number, SUM(purchase_quantity) AS total_qty, SUM(purchase_quantity*actual_unit_cost) AS total_amount FROM purchase_orders WHERE part_number={{part_number}} AND strftime('%Y', purchase_date)={{year}};","part_number, year",3,2023년 BCSB5200-3의 총 구매 수량과 구매 금액은?
PAT_4517c04a3654,"SELECT 'AGLP125V5-CSG289' AS part_number, SUM(purchase_quantity) AS total_qty, SUM(purchase_quantity*actual_unit_cost) AS total_amount FROM purchase_orders WHERE part_number={{part_number}} AND strftime('%Y', purchase_date)={{year}};","part_number, year",3,2023년 AGLP125V5-CSG289의 총 구매 수량과 구매 금액은?
PAT_45419ed2014d,"SELECT 'CY62167DV30LL-70BVXI' AS part_number, SUM(purchase_quantity) AS total_qty, SUM(purchase_quantity*actual_unit_cost) AS total_amount FROM purchase_orders WHERE part_number={{part_number}} AND strftime('%Y', purchase_date)={{year}};","part_number, year",3,2023년 CY62167DV30LL-70BVXI의 총 구매 수량과 구매 금액은?
PAT_454242de7f95,"SELECT 'LTC3521IUF#TRPBF' AS part_number, COALESCE((SELECT SUM(sale_quantity*actual_selling_price) FROM sales_orders WHERE part_number={{part_number}} AND strftime('%Y', sale_date)={{year}}), 0) AS total_sales, COALESCE((SELECT SUM(purchase_quantity*actual_unit_cost) FROM purchase_orders WHERE part_number={{part_number}} AND strftime('%Y', purchase_date)={{year}}), 0) AS total_purchase, COALESCE((SELECT SUM(sale_quantity*actual_selling_price) FROM sales_orders WHERE part_number={{part_number}} AND strftime('%Y', sale_date)={{year}}), 0) - COALESCE((SELECT SUM(purchase_quantity*actual_unit_cost) FROM purchase_orders WHERE part_number={{part_number}} AND strftime('%Y', purchase_date)={{year}}), 0) AS profit;","part_number, year",3,"2023년 LTC3521IUF#TRPBF의 총매출, 총매입, 순이익(흑자/적자)은?"
PAT_4542bbd87ea8,"SELECT 'DSP56321VF240' AS part_number, SUM(sale_quantity) AS total_qty, SUM(sale_quantity*actual_selling_price) AS total_amount FROM sales_orders WHERE part_number={{part_number}} AND strftime('%Y', sale_date)={{year}};","part_number, year",3,2023년 DSP56321VF240의 총 판매 수량과 판매 금액은?
PAT_45bc3ada90aa,"SELECT 'BCM6506IFBG' AS part_number, SUM(sale_quantity) AS total_qty, SUM(sale_quantity*actual_selling_price) AS total_amount FROM sales_orders WHERE part_number={{part_number}} AND strftime('%Y', sale_date)={{year}};","part_number, year",3,2023년 BCM6506IFBG의 총 판매 수량과 판매 금액은?
PAT_45e0e00b8185,"SELECT 'BCM5680B2KTB' AS part_number, SUM(sale_quantity) AS total_qty, SUM(sale_quantity*actual_selling_price) AS total_amount FROM sales_orders WHERE part_number={{part_number}} AND strftime('%Y', sale_date)={{year}};","part_number, year",3,2023년 BCM5680B2KTB의 총 판매 수량과 판매 금액은?
PAT_45f74b920798,"SELECT 'EDB1332BDBH-1DAAT' AS part_number, SUM(sale_quantity) AS total_qty, SUM(sale_quantity*actual_selling_price) AS total_amount FROM sales_orders WHERE part_number={{part_number}} AND strftime('%Y', sale_date)={{year}};","part_number, year",3,2023년 EDB1332BDBH-1DAAT의 총 판매 수량과 판매 금액은?
PAT_463a2196f938,"SELECT '80-CBR04C229B5G' AS part_number, COALESCE((SELECT SUM(sale_quantity*actual_selling_price) FROM sales_orders WHERE part_number={{part_number}} AND strftime('%Y', sale_date)={{year}}), 0) AS total_sales, COALESCE((SELECT SUM(purchase_quantity*actual_unit_cost) FROM purchase_orders WHERE part_number={{part_number}} AND strftime('%Y', purchase_date)={{year}}), 0) AS total_purchase, COALESCE((SELECT SUM(sale_quantity*actual_selling_price) FROM sales_orders WHERE part_number={{part_number}} AND strftime('%Y', sale_date)={{year}}), 0) - COALESCE((SELECT SUM(purchase_quantity*actual_unit_cost) FROM purchase_orders WHERE part_number={{part_number}} AND strftime('%Y', purchase_date)={{year}}), 0) AS profit;","part_number, year",3,"2023년 80-CBR04C229B5G의 총매출, 총매입, 순이익(흑자/적자)은?"
PAT_46773bc14630,"SELECT m.name AS manufacturer_name, SUM(p.purchase_quantity*p.actual_unit_cost) AS total_amount FROM purchase_orders p JOIN manufacturers m ON p.manufacturer_id=m.manufacturer_id WHERE strftime('%Y', p.purchase_date)='2025' AND strftime('%m', p.purchase_date)='05' GROUP BY m.name ORDER BY total_amount DESC LIMIT 10;",,1,2025년 05월 제조사별 구매 금액 TOP 10은?
PAT_46c619a6b89c,"SELECT 'BCM5248XA2KFB' AS part_number, SUM(purchase_quantity) AS total_qty, SUM(purchase_quantity*actual_unit_cost) AS total_amount FROM purchase_orders WHERE part_number={{part_number}} AND strftime('%Y', purchase_date)={{year}};","part_number, year",3,2023년 BCM5248XA2KFB의 총 구매 수량과 구매 금액은?
PAT_472dfa395f46,"SELECT 'EP1S25F672C7' AS part_number, SUM(purchase_quantity) AS total_qty, SUM(purchase_quantity*actual_unit_cost) AS total_amount FROM purchase_orders WHERE part_number={{part_number}} AND strftime('%Y', purchase_date)={{year}};","part_number, year",3,2023년 EP1S25F672C7의 총 구매 수량과 구매 금액은?
PAT_4742c0142182,"SELECT 'EPM240M100C4NGA' AS part_number, SUM(sale_quantity) AS total_qty, SUM(sale_quantity*actual_selling_price) AS total_amount FROM sales_orders WHERE part_number={{part_number}} AND strftime('%Y', sale_date)={{year}};","part_number, year",3,2023년 EPM240M100C4NGA의 총 판매 수량과 판매 금액은?
PAT_4769ebad989b,"SELECT '10M02SCU169C8G' AS part_number, SUM(sale_quantity) AS total_qty, SUM(sale_quantity*actual_selling_price) AS total_amount FROM sales_orders WHERE part_number={{part_number}} AND strftime('%Y', sale_date)={{year}};","part_number, year",3,2023년 10M02SCU169C8G의 총 판매 수량과 판매 금액은?
PAT_47d248b2242e,"SELECT 'BCM56842LA1IFRBG' AS part_number, SUM(purchase_quantity) AS total_qty, SUM(purchase_quantity*actual_unit_cost) AS total_amount FROM purchase_orders WHERE part_number={{part_number}} AND strftime('%Y', purchase_date)={{year}};","part_number, year",3,2023년 BCM56842LA1IFRBG의 총 구매 수량과 구매 금액은?
PAT_4841971f94e0,"SELECT 'EP2AGX65DF29I5N' AS part_number, COALESCE((SELECT SUM(sale_quantity*actual_selling_price) FROM sales_orders WHERE part_number={{part_number}} AND strftime('%Y', sale_date)={{year}}), 0) AS total_sales, COALESCE((SELECT SUM(purchase_quantity*actual_unit_cost) FROM purchase_orders WHERE part_number={{part_number}} AND strftime('%Y', purchase_date)={{year}}), 0) AS total_purchase, COALESCE((SELECT SUM(sale_quantity*actual_selling_price) FROM sales_orders WHERE part_number={{part_number}} AND strftime('%Y', sale_date)={{year}}), 0) - COALESCE((SELECT SUM(purchase_quantity*actual_unit_cost) FROM purchase_orders WHERE part_number={{part_number}} AND strftime('%Y', purchase_date)={{year}}), 0) AS profit;","part_number, year",3,"2023년 EP2AGX65DF29I5N의 총매출, 총매입, 순이익(흑자/적자)은?"
PAT_48bc9a4099d1,"SELECT '88E1111-BO-BAB-C000' AS part_number, SUM(sale_quantity) AS total_qty, SUM(sale_quantity*actual_selling_price) AS total_amount FROM sales_orders WHERE part_number={{part_number}} AND strftime('%Y', sale_date)={{year}};","part_number, year",3,2023년 88E1111-BO-BAB-C000의 총 판매 수량과 판매 금액은?
PAT_48c6b9315ec2,"SELECT 'CS5535-UDCF' AS part_number, SUM(sale_quantity) AS total_qty, SUM(sale_quantity*actual_selling_price) AS total_amount FROM sales_orders WHERE part_number={{part_number}} AND strftime('%Y', sale_date)={{year}};","part_number, year",3,2023년 CS5535-UDCF의 총 판매 수량과 판매 금액은?
PAT_48fdde36cb16,"SELECT 'CS5535-UDCF' AS part_number, COALESCE((SELECT SUM(sale_quantity*actual_selling_price) FROM sales_orders WHERE part_number={{part_number}} AND strftime('%Y', sale_date)={{year}}), 0) AS total_sales, COALESCE((SELECT SUM(purchase_quantity*actual_unit_cost) FROM purchase_orders WHERE part_number={{part_number}} AND strftime('%Y', purchase_date)={{year}}), 0) AS total_purchase, COALESCE((SELECT SUM(sale_quantity*actual_selling_price) FROM sales_orders WHERE part_number={{part_number}} AND strftime('%Y', sale_date)={{year}}), 0) - COALESCE((SELECT SUM(purchase_quantity*actual_unit_cost) FROM purchase_orders WHERE part_number={{part_number}} AND strftime('%Y', purchase_date)={{year}}), 0) AS profit;","part_number, year",3,"2023년 CS5535-UDCF의 총매출, 총매입, 순이익(흑자/적자)은?"
PAT_499d6c9c087b,"SELECT '10AX115H3F34E2SG' AS part_number, SUM(purchase_quantity) AS total_qty, SUM(purchase_quantity*actual_unit_cost) AS total_amount FROM purchase_orders WHERE part_number={{part_number}} AND strftime('%Y', purchase_date)={{year}};","part_number, year",3,2023년 10AX115H3F34E2SG의 총 구매 수량과 구매 금액은?
PAT_49edb854b8da,"SELECT 'CY62157DV30LL-70BVI' AS part_number, COALESCE((SELECT SUM(sale_quantity*actual_selling_price) FROM sales_orders WHERE part_number={{part_number}} AND strftime('%Y', sale_date)={{year}}), 0) AS total_sales, COALESCE((SELECT SUM(purchase_quantity*actual_unit_cost) FROM purchase_orders WHERE part_number={{part_number}} AND strftime('%Y', purchase_date)={{year}}), 0) AS total_purchase, COALESCE((SELECT SUM(sale_quantity*actual_selling_price) FROM sales_orders WHERE part_number={{part_number}} AND strftime('%Y', sale_date)={{year}}), 0) - COALESCE((SELECT SUM(purchase_quantity*actual_unit_cost) FROM purchase_orders WHERE part_number={{part_number}} AND strftime('%Y', purchase_date)={{year}}), 0) AS profit;","part_number, year",3,"2023년 CY62157DV30LL-70BVI의 총매출, 총매입, 순이익(흑자/적자)은?"
PAT_4a24718541ab,"SELECT 'BCM5481UA2IML' AS part_number, COALESCE((SELECT SUM(sale_quantity*actual_selling_price) FROM sales_orders WHERE part_number={{part_number}} AND strftime('%Y', sale_date)={{year}}), 0) AS total_sales, COALESCE((SELECT SUM(purchase_quantity*actual_unit_cost) FROM purchase_orders WHERE part_number={{part_number}} AND strftime('%Y', purchase_date)={{year}}), 0) AS total_purchase, COALESCE((SELECT SUM(sale_quantity*actual_selling_price) FROM sales_orders WHERE part_number={{part_number}} AND strftime('%Y', sale_date)={{year}}), 0) - COALESCE((SELECT SUM(purchase_quantity*actual_unit_cost) FROM purchase_orders WHERE part_number={{part_number}} AND strftime('%Y', purchase_date)={{year}}), 0) AS profit;","part_number, year",3,"2023년 BCM5481UA2IML의 총매출, 총매입, 순이익(흑자/적자)은?"
PAT_4a4a9c177b30,"SELECT 'FWIXP425BC' AS part_number, SUM(purchase_quantity) AS total_qty, SUM(purchase_quantity*actual_unit_cost) AS total_amount FROM purchase_orders WHERE part_number={{part_number}} AND strftime('%Y', purchase_date)={{year}};","part_number, year",3,2023년 FWIXP425BC의 총 구매 수량과 구매 금액은?
PAT_4a59e72b58b7,"SELECT '88E3082-BAR1' AS part_number, SUM(sale_quantity) AS total_qty, SUM(sale_quantity*actual_selling_price) AS total_amount FROM sales_orders WHERE part_number={{part_number}} AND strftime('%Y', sale_date)={{year}};","part_number, year",3,2023년 88E3082-BAR1의 총 판매 수량과 판매 금액은?
PAT_4a6a37d9f942,"SELECT '88AP320-C0-BGR2C806-TN31' AS part_number, SUM(purchase_quantity) AS total_qty, SUM(purchase_quantity*actual_unit_cost) AS total_amount FROM purchase_orders WHERE part_number={{part_number}} AND strftime('%Y', purchase_date)={{year}};","part_number, year",3,2023년 88AP320-C0-BGR2C806-TN31의 총 구매 수량과 구매 금액은?
PAT_4a6d2087b34c,"SELECT 'EM6AA320BI-5MS' AS part_number, SUM(purchase_quantity) AS total_qty, SUM(purchase_quantity*actual_unit_cost) AS total_amount FROM purchase_orders WHERE part_number={{part_number}} AND strftime('%Y', purchase_date)={{year}};","part_number, year",3,2023년 EM6AA320BI-5MS의 총 구매 수량과 구매 금액은?
PAT_4a82bed3a732,"SELECT 'AX1000-2FG676I' AS part_number, COALESCE((SELECT SUM(sale_quantity*actual_selling_price) FROM sales_orders WHERE part_number={{part_number}} AND strftime('%Y', sale_date)={{year}}), 0) AS total_sales, COALESCE((SELECT SUM(purchase_quantity*actual_unit_cost) FROM purchase_orders WHERE part_number={{part_number}} AND strftime('%Y', purchase_date)={{year}}), 0) AS total_purchase, COALESCE((SELECT SUM(sale_quantity*actual_selling_price) FROM sales_orders WHERE part_number={{part_number}} AND strftime('%Y', sale_date)={{year}}), 0) - COALESCE((SELECT SUM(purchase_quantity*actual_unit_cost) FROM purchase_orders WHERE part_number={{part_number}} AND strftime('%Y', purchase_date)={{year}}), 0) AS profit;","part_number, year",3,"2023년 AX1000-2FG676I의 총매출, 총매입, 순이익(흑자/적자)은?"
PAT_4a9190e731f3,"SELECT 'EP3C16F256C7N' AS part_number, SUM(purchase_quantity) AS total_qty, SUM(purchase_quantity*actual_unit_cost) AS total_amount FROM purchase_orders WHERE part_number={{part_number}} AND strftime('%Y', purchase_date)={{year}};","part_number, year",3,2023년 EP3C16F256C7N의 총 구매 수량과 구매 금액은?
PAT_4aec293a3845,"SELECT 'A3P1000-2FG484' AS part_number, COALESCE((SELECT SUM(sale_quantity*actual_selling_price) FROM sales_orders WHERE part_number={{part_number}} AND strftime('%Y', sale_date)={{year}}), 0) AS total_sales, COALESCE((SELECT SUM(purchase_quantity*actual_unit_cost) FROM purchase_orders WHERE part_number={{part_number}} AND strftime('%Y', purchase_date)={{year}}), 0) AS total_purchase, COALESCE((SELECT SUM(sale_quantity*actual_selling_price) FROM sales_orders WHERE part_number={{part_number}} AND strftime('%Y', sale_date)={{year}}), 0) - COALESCE((SELECT SUM(purchase_quantity*actual_unit_cost) FROM purchase_orders WHERE part_number={{part_number}} AND strftime('%Y', purchase_date)={{year}}), 0) AS profit;","part_number, year",3,"2023년 A3P1000-2FG484의 총매출, 총매입, 순이익(흑자/적자)은?"
PAT_4bc0c76b369c,"SELECT 'ADSP-BF532SBBC400' AS part_number, COALESCE((SELECT SUM(sale_quantity*actual_selling_price) FROM sales_orders WHERE part_number={{part_number}} AND strftime('%Y', sale_date)={{year}}), 0) AS total_sales, COALESCE((SELECT SUM(purchase_quantity*actual_unit_cost) FROM purchase_orders WHERE part_number={{part_number}} AND strftime('%Y', purchase_date)={{year}}), 0) AS total_purchase, COALESCE((SELECT SUM(sale_quantity*actual_selling_price) FROM sales_orders WHERE part_number={{part_number}} AND strftime('%Y', sale_date)={{year}}), 0) - COALESCE((SELECT SUM(purchase_quantity*actual_unit_cost) FROM purchase_orders WHERE part_number={{part_number}} AND strftime('%Y', purchase_date)={{year}}), 0) AS profit;","part_number, year",3,"2023년 ADSP-BF532SBBC400의 총매출, 총매입, 순이익(흑자/적자)은?"
PAT_4c30a35525be,"SELECT 'EDB8064B2PB-8D-F' AS part_number, SUM(sale_quantity) AS total_qty, SUM(sale_quantity*actual_selling_price) AS total_amount FROM sales_orders WHERE part_number={{part_number}} AND strftime('%Y', sale_date)={{year}};","part_number, year",3,2023년 EDB8064B2PB-8D-F의 총 판매 수량과 판매 금액은?
PAT_4c72375f2b2b,"SELECT 'XCF08PFS48C' AS part_number, SUM(sale_quantity) AS total_qty, SUM(sale_quantity*actual_selling_price) AS total_amount FROM sales_orders WHERE part_number={{part_number}} AND strftime('%Y', sale_date)={{year}};","part_number, year",3,2023년 XCF08PFS48C의 총 판매 수량과 판매 금액은?
PAT_4c9679dd2aee,"SELECT 'BCM5464SRA1KFBG' AS part_number, SUM(purchase_quantity) AS total_qty, SUM(purchase_quantity*actual_unit_cost) AS total_amount FROM purchase_orders WHERE part_number={{part_number}} AND strftime('%Y', purchase_date)={{year}};","part_number, year",3,2023년 BCM5464SRA1KFBG의 총 구매 수량과 구매 금액은?
PAT_4cb9feebb24a,"SELECT 'CY7C1512V18-200BZXC' AS part_number, COALESCE((SELECT SUM(sale_quantity*actual_selling_price) FROM sales_orders WHERE part_number={{part_number}} AND strftime('%Y', sale_date)={{year}}), 0) AS total_sales, COALESCE((SELECT SUM(purchase_quantity*actual_unit_cost) FROM purchase_orders WHERE part_number={{part_number}} AND strftime('%Y', purchase_date)={{year}}), 0) AS total_purchase, COALESCE((SELECT SUM(sale_quantity*actual_selling_price) FROM sales_orders WHERE part_number={{part_number}} AND strftime('%Y', sale_date)={{year}}), 0) - COALESCE((SELECT SUM(purchase_quantity*actual_unit_cost) FROM purchase_orders WHERE part_number={{part_number}} AND strftime('%Y', purchase_date)={{year}}), 0) AS profit;","part_number, year",3,"2023년 CY7C1512V18-200BZXC의 총매출, 총매입, 순이익(흑자/적자)은?"
PAT_4cc1138ec6e7,"SELECT v.vendor_name, SUM(s.sale_quantity*s.actual_selling_price) AS total_amount FROM sales_orders s JOIN vendors v ON s.vendor_id=v.vendor_id WHERE strftime('%Y', s.sale_date)='2023' AND strftime('%m', s.sale_date)='02' GROUP BY v.vendor_name ORDER BY total_amount DESC LIMIT 10;",,1,2023년 02월 벤더별 판매 금액 TOP 10은?
PAT_4d0f21e6150a,"SELECT 'EP1C6F256C8' AS part_number, COALESCE((SELECT SUM(sale_quantity*actual_selling_price) FROM sales_orders WHERE part_number={{part_number}} AND strftime('%Y', sale_date)={{year}}), 0) AS total_sales, COALESCE((SELECT SUM(purchase_quantity*actual_unit_cost) FROM purchase_orders WHERE part_number={{part_number}} AND strftime('%Y', purchase_date)={{year}}), 0) AS total_purchase, COALESCE((SELECT SUM(sale_quantity*actual_selling_price) FROM sales_orders WHERE part_number={{part_number}} AND strftime('%Y', sale_date)={{year}}), 0) - COALESCE((SELECT SUM(purchase_quantity*actual_unit_cost) FROM purchase_orders WHERE part_number={{part_number}} AND strftime('%Y', purchase_date)={{year}}), 0) AS profit;","part_number, year",3,"2023년 EP1C6F256C8의 총매출, 총매입, 순이익(흑자/적자)은?"
PAT_4d2fd668f04f,"SELECT 'ADSP-BF533SBBZ500' AS part_number, COALESCE((SELECT SUM(sale_quantity*actual_selling_price) FROM sales_orders WHERE part_number={{part_number}} AND strftime('%Y', sale_date)={{year}}), 0) AS total_sales, COALESCE((SELECT SUM(purchase_quantity*actual_unit_cost) FROM purchase_orders WHERE part_number={{part_number}} AND strftime('%Y', purchase_date)={{year}}), 0) AS total_purchase, COALESCE((SELECT SUM(sale_quantity*actual_selling_price) FROM sales_orders WHERE part_number={{part_number}} AND strftime('%Y', sale_date)={{year}}), 0) - COALESCE((SELECT SUM(purchase_quantity*actual_unit_cost) FROM purchase_orders WHERE part_number={{part_number}} AND strftime('%Y', purchase_date)={{year}}), 0) AS profit;","part_number, year",3,"2023년 ADSP-BF533SBBZ500의 총매출, 총매입, 순이익(흑자/적자)은?"
PAT_4d6c0001ba07,"SELECT 'LTC4364IMS-1#TRPBF' AS part_number, SUM(purchase_quantity) AS total_qty, SUM(purchase_quantity*actual_unit_cost) AS total_amount FROM purchase_orders WHERE part_number={{part_number}} AND strftime('%Y', purchase_date)={{year}};","part_number, year",3,2023년 LTC4364IMS-1#TRPBF의 총 구매 수량과 구매 금액은?
PAT_4d94ead7474e,"SELECT 'EP4CE55F29C8N' AS part_number, SUM(purchase_quantity) AS total_qty, SUM(purchase_quantity*actual_unit_cost) AS total_amount FROM purchase_orders WHERE part_number={{part_number}} AND strftime('%Y', purchase_date)={{year}};","part_number, year",3,2023년 EP4CE55F29C8N의 총 구매 수량과 구매 금액은?
PAT_4d9ee3052e95,"SELECT 'BCM5481UA2IML' AS part_number, SUM(purchase_quantity) AS total_qty, SUM(purchase_quantity*actual_unit_cost) AS total_amount FROM purchase_orders WHERE part_number={{part_number}} AND strftime('%Y', purchase_date)={{year}};","part_number, year",3,2023년 BCM5481UA2IML의 총 구매 수량과 구매 금액은?
PAT_4de9be3e1256,"SELECT '98DX-BHA1' AS part_number, SUM(sale_quantity) AS total_qty, SUM(sale_quantity*actual_selling_price) AS total_amount FROM sales_orders WHERE part_number={{part_number}} AND strftime('%Y', sale_date)={{year}};","part_number, year",3,2023년 98DX-BHA1의 총 판매 수량과 판매 금액은?
PAT_4e12f5d05d20,"SELECT m.name AS manufacturer_name, SUM(p.purchase_quantity*p.actual_unit_cost) AS total_amount FROM purchase_orders p JOIN manufacturers m ON p.manufacturer_id=m.manufacturer_id WHERE strftime('%Y', p.purchase_date)='2025' AND strftime('%m', p.purchase_date)='03' GROUP BY m.name ORDER BY total_amount DESC LIMIT 10;",,1,2025년 03월 제조사별 구매 금액 TOP 10은?
PAT_4e378a3930dd,"SELECT 'FW21555BB' AS part_number, SUM(sale_quantity) AS total_qty, SUM(sale_quantity*actual_selling_price) AS total_amount FROM sales_orders WHERE part_number={{part_number}} AND strftime('%Y', sale_date)={{year}};","part_number, year",3,2023년 FW21555BB의 총 판매 수량과 판매 금액은?
PAT_4e424dcdc21e,"SELECT 'BCM53312SB0KPBG' AS part_number, COALESCE((SELECT SUM(sale_quantity*actual_selling_price) FROM sales_orders WHERE part_number={{part_number}} AND strftime('%Y', sale_date)={{year}}), 0) AS total_sales, COALESCE((SELECT SUM(purchase_quantity*actual_unit_cost) FROM purchase_orders WHERE part_number={{part_number}} AND strftime('%Y', purchase_date)={{year}}), 0) AS total_purchase, COALESCE((SELECT SUM(sale_quantity*actual_selling_price) FROM sales_orders WHERE part_number={{part_number}} AND strftime('%Y', sale_date)={{year}}), 0) - COALESCE((SELECT SUM(purchase_quantity*actual_unit_cost) FROM purchase_orders WHERE part_number={{part_number}} AND strftime('%Y', purchase_date)={{year}}), 0) AS profit;","part_number, year",3,"2023년 BCM53312SB0KPBG의 총매출, 총매입, 순이익(흑자/적자)은?"
PAT_4e9b44a2f029,"SELECT v.vendor_name, SUM(s.sale_quantity*s.actual_selling_price) AS total_amount FROM sales_orders s JOIN vendors v ON s.vendor_id=v.vendor_id WHERE strftime('%Y', s.sale_date)='2023' AND strftime('%m', s.sale_date)='10' GROUP BY v.vendor_name ORDER BY total_amount DESC LIMIT 10;",,1,2023년 10월 벤더별 판매 금액 TOP 10은?
PAT_4eeb50567b3c,"SELECT 'CY7C1061DV33-10BVXI' AS part_number, SUM(sale_quantity) AS total_qty, SUM(sale_quantity*actual_selling_price) AS total_amount FROM sales_orders WHERE part_number={{part_number}} AND strftime('%Y', sale_date)={{year}};","part_number, year",3,2023년 CY7C1061DV33-10BVXI의 총 판매 수량과 판매 금액은?
PAT_4fa1b8c90265,"SELECT 'AGXD533EEXF0BC' AS part_number, SUM(sale_quantity) AS total_qty, SUM(sale_quantity*actual_selling_price) AS total_amount FROM sales_orders WHERE part_number={{part_number}} AND strftime('%Y', sale_date)={{year}};","part_number, year",3,2023년 AGXD533EEXF0BC의 총 판매 수량과 판매 금액은?
PAT_4fb26a5d79ca,"SELECT m.name AS manufacturer_name, SUM(p.purchase_quantity*p.actual_unit_cost) AS total_amount FROM purchase_orders p JOIN manufacturers m ON p.manufacturer_id=m.manufacturer_id WHERE strftime('%Y', p.purchase_date)='2025' AND strftime('%m', p.purchase_date)='10' GROUP BY m.name ORDER BY total_amount DESC LIMIT 10;",,1,2025년 10월 제조사별 구매 금액 TOP 10은?
PAT_5032fe5fc261,"SELECT 'CYUSB3014-BZXC' AS part_number, SUM(purchase_quantity) AS total_qty, SUM(purchase_quantity*actual_unit_cost) AS total_amount FROM purchase_orders WHERE part_number={{part_number}} AND strftime('%Y', purchase_date)={{year}};","part_number, year",3,2023년 CYUSB3014-BZXC의 총 구매 수량과 구매 금액은?
PAT_503f5cbdbaab,"SELECT 'BCM5324MKPB' AS part_number, SUM(sale_quantity) AS total_qty, SUM(sale_quantity*actual_selling_price) AS total_amount FROM sales_orders WHERE part_number={{part_number}} AND strftime('%Y', sale_date)={{year}};","part_number, year",3,2023년 BCM5324MKPB의 총 판매 수량과 판매 금액은?
PAT_50a47930eb09,"SELECT 'EN2710-LG2' AS part_number, COALESCE((SELECT SUM(sale_quantity*actual_selling_price) FROM sales_orders WHERE part_number={{part_number}} AND strftime('%Y', sale_date)={{year}}), 0) AS total_sales, COALESCE((SELECT SUM(purchase_quantity*actual_unit_cost) FROM purchase_orders WHERE part_number={{part_number}} AND strftime('%Y', purchase_date)={{year}}), 0) AS total_purchase, COALESCE((SELECT SUM(sale_quantity*actual_selling_price) FROM sales_orders WHERE part_number={{part_number}} AND strftime('%Y', sale_date)={{year}}), 0) - COALESCE((SELECT SUM(purchase_quantity*actual_unit_cost) FROM purchase_orders WHERE part_number={{part_number}} AND strftime('%Y', purchase_date)={{year}}), 0) AS profit;","part_number, year",3,"2023년 EN2710-LG2의 총매출, 총매입, 순이익(흑자/적자)은?"
PAT_50f1efc5f8f9,"SELECT 'ELJRF47NJFB' AS part_number, SUM(sale_quantity) AS total_qty, SUM(sale_quantity*actual_selling_price) AS total_amount FROM sales_orders WHERE part_number={{part_number}} AND strftime('%Y', sale_date)={{year}};","part_number, year",3,2023년 ELJRF47NJFB의 총 판매 수량과 판매 금액은?
PAT_51bf7121ad2e,"SELECT 'BCM5646B0KPB' AS part_number, COALESCE((SELECT SUM(sale_quantity*actual_selling_price) FROM sales_orders WHERE part_number={{part_number}} AND strftime('%Y', sale_date)={{year}}), 0) AS total_sales, COALESCE((SELECT SUM(purchase_quantity*actual_unit_cost) FROM purchase_orders WHERE part_number={{part_number}} AND strftime('%Y', purchase_date)={{year}}), 0) AS total_purchase, COALESCE((SELECT SUM(sale_quantity*actual_selling_price) FROM sales_orders WHERE part_number={{part_number}} AND strftime('%Y', sale_date)={{year}}), 0) - COALESCE((SELECT SUM(purchase_quantity*actual_unit_cost) FROM purchase_orders WHERE part_number={{part_number}} AND strftime('%Y', purchase_date)={{year}}), 0) AS profit;","part_number, year",3,"2023년 BCM5646B0KPB의 총매출, 총매입, 순이익(흑자/적자)은?"
PAT_52515f696a1a,"SELECT 'EP1K50FC256-1' AS part_number, SUM(purchase_quantity) AS total_qty, SUM(purchase_quantity*actual_unit_cost) AS total_amount FROM purchase_orders WHERE part_number={{part_number}} AND strftime('%Y', purchase_date)={{year}};","part_number, year",3,2023년 EP1K50FC256-1의 총 구매 수량과 구매 금액은?
PAT_5277a188dafb,"SELECT 'EPM7128SQC100-7N' AS part_number, SUM(purchase_quantity) AS total_qty, SUM(purchase_quantity*actual_unit_cost) AS total_amount FROM purchase_orders WHERE part_number={{part_number}} AND strftime('%Y', purchase_date)={{year}};","part_number, year",3,2023년 EPM7128SQC100-7N의 총 구매 수량과 구매 금액은?
PAT_535aa708cf08,"SELECT 'BCM5266A0KFBG' AS part_number, SUM(sale_quantity) AS total_qty, SUM(sale_quantity*actual_selling_price) AS total_amount FROM sales_orders WHERE part_number={{part_number}} AND strftime('%Y', sale_date)={{year}};","part_number, year",3,2023년 BCM5266A0KFBG의 총 판매 수량과 판매 금액은?
PAT_537543efd7f4,"SELECT 'CY62157DV30LL-55BVXI' AS part_number, SUM(sale_quantity) AS total_qty, SUM(sale_quantity*actual_selling_price) AS total_amount FROM sales_orders WHERE part_number={{part_number}} AND strftime('%Y', sale_date)={{year}};","part_number, year",3,2023년 CY62157DV30LL-55BVXI의 총 판매 수량과 판매 금액은?
PAT_5382d8193567,"SELECT 'EN2210-BG2' AS part_number, SUM(sale_quantity) AS total_qty, SUM(sale_quantity*actual_selling_price) AS total_amount FROM sales_orders WHERE part_number={{part_number}} AND strftime('%Y', sale_date)={{year}};","part_number, year",3,2023년 EN2210-BG2의 총 판매 수량과 판매 금액은?
PAT_53f765c0bef0,"SELECT '88E1322-A0-BAM2C000' AS part_number, SUM(purchase_quantity) AS total_qty, SUM(purchase_quantity*actual_unit_cost) AS total_amount FROM purchase_orders WHERE part_number={{part_number}} AND strftime('%Y', purchase_date)={{year}};","part_number, year",3,2023년 88E1322-A0-BAM2C000의 총 구매 수량과 구매 금액은?
PAT_5456d0bf6b9c,"SELECT 'EP4CGX110DF31C8N' AS part_number, SUM(purchase_quantity) AS total_qty, SUM(purchase_quantity*actual_unit_cost) AS total_amount FROM purchase_orders WHERE part_number={{part_number}} AND strftime('%Y', purchase_date)={{year}};","part_number, year",3,2023년 EP4CGX110DF31C8N의 총 구매 수량과 구매 금액은?
PAT_54865d573f97,"SELECT 'EN2710-LG2' AS part_number, SUM(purchase_quantity) AS total_qty, SUM(purchase_quantity*actual_unit_cost) AS total_amount FROM purchase_orders WHERE part_number={{part_number}} AND strftime('%Y', purchase_date)={{year}};","part_number, year",3,2023년 EN2710-LG2의 총 구매 수량과 구매 금액은?
PAT_555d3fddb020,"SELECT m.name AS manufacturer_name, SUM(p.purchase_quantity*p.actual_unit_cost) AS total_amount FROM purchase_orders p JOIN manufacturers m ON p.manufacturer_id=m.manufacturer_id WHERE strftime('%Y', p.purchase_date)='2024' AND strftime('%m', p.purchase_date)='12' GROUP BY m.name ORDER BY total_amount DESC LIMIT 10;",,1,2024년 12월 제조사별 구매 금액 TOP 10은?
PAT_55891ce81905,"SELECT 'BCM54640EB2IFBG' AS part_number, SUM(sale_quantity) AS total_qty, SUM(sale_quantity*actual_selling_price) AS total_amount FROM sales_orders WHERE part_number={{part_number}} AND strftime('%Y', sale_date)={{year}};","part_number, year",3,2023년 BCM54640EB2IFBG의 총 판매 수량과 판매 금액은?
PAT_55ae485f8855,"SELECT 'EN2210-BG1' AS part_number, SUM(purchase_quantity) AS total_qty, SUM(purchase_quantity*actual_unit_cost) AS total_amount FROM purchase_orders WHERE part_number={{part_number}} AND strftime('%Y', purchase_date)={{year}};","part_number, year",3,2023년 EN2210-BG1의 총 구매 수량과 구매 금액은?
PAT_5608ea983a5f,"SELECT 'CS6222GY' AS part_number, COALESCE((SELECT SUM(sale_quantity*actual_selling_price) FROM sales_orders WHERE part_number={{part_number}} AND strftime('%Y', sale_date)={{year}}), 0) AS total_sales, COALESCE((SELECT SUM(purchase_quantity*actual_unit_cost) FROM purchase_orders WHERE part_number={{part_number}} AND strftime('%Y', purchase_date)={{year}}), 0) AS total_purchase, COALESCE((SELECT SUM(sale_quantity*actual_selling_price) FROM sales_orders WHERE part_number={{part_number}} AND strftime('%Y', sale_date)={{year}}), 0) - COALESCE((SELECT SUM(purchase_quantity*actual_unit_cost) FROM purchase_orders WHERE part_number={{part_number}} AND strftime('%Y', purchase_date)={{year}}), 0) AS profit;","part_number, year",3,"2023년 CS6222GY의 총매출, 총매입, 순이익(흑자/적자)은?"
PAT_561d452d0991,"SELECT 'A3P250-2FGG144I' AS part_number, SUM(sale_quantity) AS total_qty, SUM(sale_quantity*actual_selling_price) AS total_amount FROM sales_orders WHERE part_number={{part_number}} AND strftime('%Y', sale_date)={{year}};","part_number, year",3,2023년 A3P250-2FGG144I의 총 판매 수량과 판매 금액은?
PAT_563a7f625396,"SELECT 'BCM3378KFBG' AS part_number, SUM(purchase_quantity) AS total_qty, SUM(purchase_quantity*actual_unit_cost) AS total_amount FROM purchase_orders WHERE part_number={{part_number}} AND strftime('%Y', purchase_date)={{year}};","part_number, year",3,2023년 BCM3378KFBG의 총 구매 수량과 구매 금액은?
PAT_56f3e28165a0,"SELECT 'ADSP-TS101SAB1Z-100' AS part_number, SUM(purchase_quantity) AS total_qty, SUM(purchase_quantity*actual_unit_cost) AS total_amount FROM purchase_orders WHERE part_number={{part_number}} AND strftime('%Y', purchase_date)={{year}};","part_number, year",3,2023년 ADSP-TS101SAB1Z-100의 총 구매 수량과 구매 금액은?
PAT_578779a12f52,"SELECT '75K62100S83RX' AS part_number, SUM(sale_quantity) AS total_qty, SUM(sale_quantity*actual_selling_price) AS total_amount FROM sales_orders WHERE part_number={{part_number}} AND strftime('%Y', sale_date)={{year}};","part_number, year",3,2023년 75K62100S83RX의 총 판매 수량과 판매 금액은?
PAT_581c02140ebe,"SELECT 'EP4CE55F29C8N' AS part_number, SUM(sale_quantity) AS total_qty, SUM(sale_quantity*actual_selling_price) AS total_amount FROM sales_orders WHERE part_number={{part_number}} AND strftime('%Y', sale_date)={{year}};","part_number, year",3,2023년 EP4CE55F29C8N의 총 판매 수량과 판매 금액은?
PAT_593f3f6bab31,"SELECT 'DSP56321VF240' AS part_number, COALESCE((SELECT SUM(sale_quantity*actual_selling_price) FROM sales_orders WHERE part_number={{part_number}} AND strftime('%Y', sale_date)={{year}}), 0) AS total_sales, COALESCE((SELECT SUM(purchase_quantity*actual_unit_cost) FROM purchase_orders WHERE part_number={{part_number}} AND strftime('%Y', purchase_date)={{year}}), 0) AS total_purchase, COALESCE((SELECT SUM(sale_quantity*actual_selling_price) FROM sales_orders WHERE part_number={{part_number}} AND strftime('%Y', sale_date)={{year}}), 0) - COALESCE((SELECT SUM(purchase_quantity*actual_unit_cost) FROM purchase_orders WHERE part_number={{part_number}} AND strftime('%Y', purchase_date)={{year}}), 0) AS profit;","part_number, year",3,"2023년 DSP56321VF240의 총매출, 총매입, 순이익(흑자/적자)은?"
PAT_5a07f84d07e2,"SELECT 'ADSP-21369KBPZ-2A' AS part_number, COALESCE((SELECT SUM(sale_quantity*actual_selling_price) FROM sales_orders WHERE part_number={{part_number}} AND strftime('%Y', sale_date)={{year}}), 0) AS total_sales, COALESCE((SELECT SUM(purchase_quantity*actual_unit_cost) FROM purchase_orders WHERE part_number={{part_number}} AND strftime('%Y', purchase_date)={{year}}), 0) AS total_purchase, COALESCE((SELECT SUM(sale_quantity*actual_selling_price) FROM sales_orders WHERE part_number={{part_number}} AND strftime('%Y', sale_date)={{year}}), 0) - COALESCE((SELECT SUM(purchase_quantity*actual_unit_cost) FROM purchase_orders WHERE part_number={{part_number}} AND strftime('%Y', purchase_date)={{year}}), 0) AS profit;","part_number, year",3,"2023년 ADSP-21369KBPZ-2A의 총매출, 총매입, 순이익(흑자/적자)은?"
PAT_5aa6bcaf1471,"SELECT 'BCM3378KFBG' AS part_number, SUM(sale_quantity) AS total_qty, SUM(sale_quantity*actual_selling_price) AS total_amount FROM sales_orders WHERE part_number={{part_number}} AND strftime('%Y', sale_date)={{year}};","part_number, year",3,2023년 BCM3378KFBG의 총 판매 수량과 판매 금액은?
PAT_5b19b1b2fbcc,"SELECT 'EP3C16F484C8N' AS part_number, SUM(purchase_quantity) AS total_qty, SUM(purchase_quantity*actual_unit_cost) AS total_amount FROM purchase_orders WHERE part_number={{part_number}} AND strftime('%Y', purchase_date)={{year}};","part_number, year",3,2023년 EP3C16F484C8N의 총 구매 수량과 구매 금액은?
PAT_5b84e7d953ad,"SELECT 'CYPCY7C1314BV18-250BZXC' AS part_number, SUM(sale_quantity) AS total_qty, SUM(sale_quantity*actual_selling_price) AS total_amount FROM sales_orders WHERE part_number={{part_number}} AND strftime('%Y', sale_date)={{year}};","part_number, year",3,2023년 CYPCY7C1314BV18-250BZXC의 총 판매 수량과 판매 금액은?
PAT_5baf44a5cd9d,"SELECT strftime('%Y-%m', sale_date) AS month, SUM(sale_quantity) AS total_qty FROM sales_orders WHERE part_number={{part_number}} AND strftime('%Y', sale_date)={{year}} GROUP BY month ORDER BY month;","part_number, year",790,10AX115H3F34E2SG의 2023년 월별 판매 수량 히스토리는?
PAT_5bb1a1017301,"SELECT 'A54SX32A-FG144' AS part_number, COALESCE((SELECT SUM(sale_quantity*actual_selling_price) FROM sales_orders WHERE part_number={{part_number}} AND strftime('%Y', sale_date)={{year}}), 0) AS total_sales, COALESCE((SELECT SUM(purchase_quantity*actual_unit_cost) FROM purchase_orders WHERE part_number={{part_number}} AND strftime('%Y', purchase_date)={{year}}), 0) AS total_purchase, COALESCE((SELECT SUM(sale_quantity*actual_selling_price) FROM sales_orders WHERE part_number={{part_number}} AND strftime('%Y', sale_date)={{year}}), 0) - COALESCE((SELECT SUM(purchase_quantity*actual_unit_cost) FROM purchase_orders WHERE part_number={{part_number}} AND strftime('%Y', purchase_date)={{year}}), 0) AS profit;","part_number, year",3,"2023년 A54SX32A-FG144의 총매출, 총매입, 순이익(흑자/적자)은?"
PAT_5bb24c671bdf,"SELECT 'EP1S10F780C7N' AS part_number, COALESCE((SELECT SUM(sale_quantity*actual_selling_price) FROM sales_orders WHERE part_number={{part_number}} AND strftime('%Y', sale_date)={{year}}), 0) AS total_sales, COALESCE((SELECT SUM(purchase_quantity*actual_unit_cost) FROM purchase_orders WHERE part_number={{part_number}} AND strftime('%Y', purchase_date)={{year}}), 0) AS total_purchase, COALESCE((SELECT SUM(sale_quantity*actual_selling_price) FROM sales_orders WHERE part_number={{part_number}} AND strftime('%Y', sale_date)={{year}}), 0) - COALESCE((SELECT SUM(purchase_quantity*actual_unit_cost) FROM purchase_orders WHERE part_number={{part_number}} AND strftime('%Y', purchase_date)={{year}}), 0) AS profit;","part_number, year",3,"2023년 EP1S10F780C7N의 총매출, 총매입, 순이익(흑자/적자)은?"
PAT_5be79f5390fa,"SELECT 'ELJRF47NJFB' AS part_number, COALESCE((SELECT SUM(sale_quantity*actual_selling_price) FROM sales_orders WHERE part_number={{part_number}} AND strftime('%Y', sale_date)={{year}}), 0) AS total_sales, COALESCE((SELECT SUM(purchase_quantity*actual_unit_cost) FROM purchase_orders WHERE part_number={{part_number}} AND strftime('%Y', purchase_date)={{year}}), 0) AS total_purchase, COALESCE((SELECT SUM(sale_quantity*actual_selling_price) FROM sales_orders WHERE part_number={{part_number}} AND strftime('%Y', sale_date)={{year}}), 0) - COALESCE((SELECT SUM(purchase_quantity*actual_unit_cost) FROM purchase_orders WHERE part_number={{part_number}} AND strftime('%Y', purchase_date)={{year}}), 0) AS profit;","part_number, year",3,"2023년 ELJRF47NJFB의 총매출, 총매입, 순이익(흑자/적자)은?"
PAT_5c0d7421d0dc,"SELECT 'BCM3390ZRKFSBG' AS part_number, SUM(purchase_quantity) AS total_qty, SUM(purchase_quantity*actual_unit_cost) AS total_amount FROM purchase_orders WHERE part_number={{part_number}} AND strftime('%Y', purchase_date)={{year}};","part_number, year",3,2023년 BCM3390ZRKFSBG의 총 구매 수량과 구매 금액은?
PAT_5c4a0f0c1300,"SELECT 'A54SX08A-2FG144I' AS part_number, SUM(purchase_quantity) AS total_qty, SUM(purchase_quantity*actual_unit_cost) AS total_amount FROM purchase_orders WHERE part_number={{part_number}} AND strftime('%Y', purchase_date)={{year}};","part_number, year",3,2023년 A54SX08A-2FG144I의 총 구매 수량과 구매 금액은?
PAT_5c730dd9ff06,"SELECT 'AT49HBV010-90TC' AS part_number, COALESCE((SELECT SUM(sale_quantity*actual_selling_price) FROM sales_orders WHERE part_number={{part_number}} AND strftime('%Y', sale_date)={{year}}), 0) AS total_sales, COALESCE((SELECT SUM(purchase_quantity*actual_unit_cost) FROM purchase_orders WHERE part_number={{part_number}} AND strftime('%Y', purchase_date)={{year}}), 0) AS total_purchase, COALESCE((SELECT SUM(sale_quantity*actual_selling_price) FROM sales_orders WHERE part_number={{part_number}} AND strftime('%Y', sale_date)={{year}}), 0) - COALESCE((SELECT SUM(purchase_quantity*actual_unit_cost) FROM purchase_orders WHERE part_number={{part_number}} AND strftime('%Y', purchase_date)={{year}}), 0) AS profit;","part_number, year",3,"2023년 AT49HBV010-90TC의 총매출, 총매입, 순이익(흑자/적자)은?"
PAT_5c9c9e8b7a1b,"SELECT 'ADSP-21MOD980N-000' AS part_number, SUM(purchase_quantity) AS total_qty, SUM(purchase_quantity*actual_unit_cost) AS total_amount FROM purchase_orders WHERE part_number={{part_number}} AND strftime('%Y', purchase_date)={{year}};","part_number, year",3,2023년 ADSP-21MOD980N-000의 총 구매 수량과 구매 금액은?
PAT_5d4997a43740,"SELECT 'CY62157DV30LL-70BVI' AS part_number, SUM(sale_quantity) AS total_qty, SUM(sale_quantity*actual_selling_price) AS total_amount FROM sales_orders WHERE part_number={{part_number}} AND strftime('%Y', sale_date)={{year}};","part_number, year",3,2023년 CY62157DV30LL-70BVI의 총 판매 수량과 판매 금액은?
PAT_5d705632051b,"SELECT 'ATXMEGA16D4-MH' AS part_number, SUM(purchase_quantity) AS total_qty, SUM(purchase_quantity*actual_unit_cost) AS total_amount FROM purchase_orders WHERE part_number={{part_number}} AND strftime('%Y', purchase_date)={{year}};","part_number, year",3,2023년 ATXMEGA16D4-MH의 총 구매 수량과 구매 금액은?
PAT_5d841862ca7a,"SELECT 'BCM5354KFBG' AS part_number, COALESCE((SELECT SUM(sale_quantity*actual_selling_price) FROM sales_orders WHERE part_number={{part_number}} AND strftime('%Y', sale_date)={{year}}), 0) AS total_sales, COALESCE((SELECT SUM(purchase_quantity*actual_unit_cost) FROM purchase_orders WHERE part_number={{part_number}} AND strftime('%Y', purchase_date)={{year}}), 0) AS total_purchase, COALESCE((SELECT SUM(sale_quantity*actual_selling_price) FROM sales_orders WHERE part_number={{part_number}} AND strftime('%Y', sale_date)={{year}}), 0) - COALESCE((SELECT SUM(purchase_quantity*actual_unit_cost) FROM purchase_orders WHERE part_number={{part_number}} AND strftime('%Y', purchase_date)={{year}}), 0) AS profit;","part_number, year",3,"2023년 BCM5354KFBG의 총매출, 총매입, 순이익(흑자/적자)은?"
PAT_5da64527af8b,"SELECT v.vendor_name, SUM(s.sale_quantity*s.actual_selling_price) AS total_amount FROM sales_orders s JOIN vendors v ON s.vendor_id=v.vendor_id WHERE strftime('%Y', s.sale_date)='2025' AND strftime('%m', s.sale_date)='11' GROUP BY v.vendor_name ORDER BY total_amount DESC LIMIT 10;",,1,2025년 11월 벤더별 판매 금액 TOP 10은?
PAT_5dec4eb3dcf8,"SELECT 'EPM1270F256C5N' AS part_number, SUM(sale_quantity) AS total_qty, SUM(sale_quantity*actual_selling_price) AS total_amount FROM sales_orders WHERE part_number={{part_number}} AND strftime('%Y', sale_date)={{year}};","part_number, year",3,2023년 EPM1270F256C5N의 총 판매 수량과 판매 금액은?
PAT_5e0e28ae1d75,"SELECT 'EP1S10F672C6N' AS part_number, SUM(sale_quantity) AS total_qty, SUM(sale_quantity*actual_selling_price) AS total_amount FROM sales_orders WHERE part_number={{part_number}} AND strftime('%Y', sale_date)={{year}};","part_number, year",3,2023년 EP1S10F672C6N의 총 판매 수량과 판매 금액은?
PAT_5e1cb86c5f56,"SELECT m.name AS manufacturer_name, SUM(p.purchase_quantity*p.actual_unit_cost) AS total_amount FROM purchase_orders p JOIN manufacturers m ON p.manufacturer_id=m.manufacturer_id WHERE strftime('%Y', p.purchase_date)='2025' AND strftime('%m', p.purchase_date)='02' GROUP BY m.name ORDER BY total_amount DESC LIMIT 10;",,1,2025년 02월 제조사별 구매 금액 TOP 10은?
PAT_5e23bb598b20,"SELECT 'CY7C1320CV18-250BZXC' AS part_number, SUM(sale_quantity) AS total_qty, SUM(sale_quantity*actual_selling_price) AS total_amount FROM sales_orders WHERE part_number={{part_number}} AND strftime('%Y', sale_date)={{year}};","part_number, year",3,2023년 CY7C1320CV18-250BZXC의 총 판매 수량과 판매 금액은?
PAT_5f3620ec21d5,"SELECT 'BCM54640EB2IFBG' AS part_number, SUM(purchase_quantity) AS total_qty, SUM(purchase_quantity*actual_unit_cost) AS total_amount FROM purchase_orders WHERE part_number={{part_number}} AND strftime('%Y', purchase_date)={{year}};","part_number, year",3,2023년 BCM54640EB2IFBG의 총 구매 수량과 구매 금액은?
PAT_5f6724183420,"SELECT '75K62100S83RX' AS part_number, COALESCE((SELECT SUM(sale_quantity*actual_selling_price) FROM sales_orders WHERE part_number={{part_number}} AND strftime('%Y', sale_date)={{year}}), 0) AS total_sales, COALESCE((SELECT SUM(purchase_quantity*actual_unit_cost) FROM purchase_orders WHERE part_number={{part_number}} AND strftime('%Y', purchase_date)={{year}}), 0) AS total_purchase, COALESCE((SELECT SUM(sale_quantity*actual_selling_price) FROM sales_orders WHERE part_number={{part_number}} AND strftime('%Y', sale_date)={{year}}), 0) - COALESCE((SELECT SUM(purchase_quantity*actual_unit_cost) FROM purchase_orders WHERE part_number={{part_number}} AND strftime('%Y', purchase_date)={{year}}), 0) AS profit;","part_number, year",3,"2023년 75K62100S83RX의 총매출, 총매입, 순이익(흑자/적자)은?"
PAT_5f85b6d77fb3,"SELECT 'BCM5321MKPBG' AS part_number, SUM(sale_quantity) AS total_qty, SUM(sale_quantity*actual_selling_price) AS total_amount FROM sales_orders WHERE part_number={{part_number}} AND strftime('%Y', sale_date)={{year}};","part_number, year",3,2023년 BCM5321MKPBG의 총 판매 수량과 판매 금액은?
PAT_5ff9660fe61a,"SELECT v.vendor_name, SUM(s.sale_quantity*s.actual_selling_price) AS total_amount FROM sales_orders s JOIN vendors v ON s.vendor_id=v.vendor_id WHERE strftime('%Y', s.sale_date)='2025' AND strftime('%m', s.sale_date)='04' GROUP BY v.vendor_name ORDER BY total_amount DESC LIMIT 10;",,1,2025년 04월 벤더별 판매 금액 TOP 10은?
PAT_5ffd0782235a,"SELECT 'EP4CGX110DF31C8N' AS part_number, SUM(sale_quantity) AS total_qty, SUM(sale_quantity*actual_selling_price) AS total_amount FROM sales_orders WHERE part_number={{part_number}} AND strftime('%Y', sale_date)={{year}};","part_number, year",3,2023년 EP4CGX110DF31C8N의 총 판매 수량과 판매 금액은?
PAT_60979978b82c,"SELECT 'ADS62C15IRGCT' AS part_number, SUM(purchase_quantity) AS total_qty, SUM(purchase_quantity*actual_unit_cost) AS total_amount FROM purchase_orders WHERE part_number={{part_number}} AND strftime('%Y', purchase_date)={{year}};","part_number, year",3,2023년 ADS62C15IRGCT의 총 구매 수량과 구매 금액은?
PAT_616518a90acd,"SELECT 'ADSP-21160M' AS part_number, SUM(purchase_quantity) AS total_qty, SUM(purchase_quantity*actual_unit_cost) AS total_amount FROM purchase_orders WHERE part_number={{part_number}} AND strftime('%Y', purchase_date)={{year}};","part_number, year",3,2023년 ADSP-21160M의 총 구매 수량과 구매 금액은?
PAT_61690f3d1b21,"SELECT SUM(purchase_quantity*actual_unit_cost) AS purchase_amount FROM purchase_orders WHERE part_number={{part_number}} AND strftime('%Y', purchase_date)={{year}} AND strftime('%m', purchase_date)={{month}};","month, part_number, year",3046,2023년 01월 DN-FE6001DVA0-ES의 구매 금액은?
PAT_6198219adbc7,"SELECT 'LC4032ZE-7TN48I-P018' AS part_number, SUM(sale_quantity) AS total_qty, SUM(sale_quantity*actual_selling_price) AS total_amount FROM sales_orders WHERE part_number={{part_number}} AND strftime('%Y', sale_date)={{year}};","part_number, year",3,2023년 LC4032ZE-7TN48I-P018의 총 판매 수량과 판매 금액은?
PAT_61c04209afdf,"SELECT 'ADSP-BF524KBCZ-3' AS part_number, SUM(purchase_quantity) AS total_qty, SUM(purchase_quantity*actual_unit_cost) AS total_amount FROM purchase_orders WHERE part_number={{part_number}} AND strftime('%Y', purchase_date)={{year}};","part_number, year",3,2023년 ADSP-BF524KBCZ-3의 총 구매 수량과 구매 금액은?
PAT_622948d85fa9,"SELECT 'A54SX16A-FG144' AS part_number, SUM(purchase_quantity) AS total_qty, SUM(purchase_quantity*actual_unit_cost) AS total_amount FROM purchase_orders WHERE part_number={{part_number}} AND strftime('%Y', purchase_date)={{year}};","part_number, year",3,2023년 A54SX16A-FG144의 총 구매 수량과 구매 금액은?
PAT_62602d8e9ebe,"SELECT 'CY7C1357C-100BZXC' AS part_number, SUM(sale_quantity) AS total_qty, SUM(sale_quantity*actual_selling_price) AS total_amount FROM sales_orders WHERE part_number={{part_number}} AND strftime('%Y', sale_date)={{year}};","part_number, year",3,2023년 CY7C1357C-100BZXC의 총 판매 수량과 판매 금액은?
PAT_6284531ba4dc,"SELECT 'CN5230R-600BG729-SCP-Y-G' AS part_number, COALESCE((SELECT SUM(sale_quantity*actual_selling_price) FROM sales_orders WHERE part_number={{part_number}} AND strftime('%Y', sale_date)={{year}}), 0) AS total_sales, COALESCE((SELECT SUM(purchase_quantity*actual_unit_cost) FROM purchase_orders WHERE part_number={{part_number}} AND strftime('%Y', purchase_date)={{year}}), 0) AS total_purchase, COALESCE((SELECT SUM(sale_quantity*actual_selling_price) FROM sales_orders WHERE part_number={{part_number}} AND strftime('%Y', sale_date)={{year}}), 0) - COALESCE((SELECT SUM(purchase_quantity*actual_unit_cost) FROM purchase_orders WHERE part_number={{part_number}} AND strftime('%Y', purchase_date)={{year}}), 0) AS profit;","part_number, year",3,"2023년 CN5230R-600BG729-SCP-Y-G의 총매출, 총매입, 순이익(흑자/적자)은?"
PAT_62cedafe44c2,"SELECT '88E111-CAA' AS part_number, SUM(sale_quantity) AS total_qty, SUM(sale_quantity*actual_selling_price) AS total_amount FROM sales_orders WHERE part_number={{part_number}} AND strftime('%Y', sale_date)={{year}};","part_number, year",3,2023년 88E111-CAA의 총 판매 수량과 판매 금액은?
PAT_62d53cefa418,"SELECT '88F6282-A1-BKI2C160' AS part_number, COALESCE((SELECT SUM(sale_quantity*actual_selling_price) FROM sales_orders WHERE part_number={{part_number}} AND strftime('%Y', sale_date)={{year}}), 0) AS total_sales, COALESCE((SELECT SUM(purchase_quantity*actual_unit_cost) FROM purchase_orders WHERE part_number={{part_number}} AND strftime('%Y', purchase_date)={{year}}), 0) AS total_purchase, COALESCE((SELECT SUM(sale_quantity*actual_selling_price) FROM sales_orders WHERE part_number={{part_number}} AND strftime('%Y', sale_date)={{year}}), 0) - COALESCE((SELECT SUM(purchase_quantity*actual_unit_cost) FROM purchase_orders WHERE part_number={{part_number}} AND strftime('%Y', purchase_date)={{year}}), 0) AS profit;","part_number, year",3,"2023년 88F6282-A1-BKI2C160의 총매출, 총매입, 순이익(흑자/적자)은?"
PAT_62f082cba058,"SELECT 'EP3C16F256I7N' AS part_number, COALESCE((SELECT SUM(sale_quantity*actual_selling_price) FROM sales_orders WHERE part_number={{part_number}} AND strftime('%Y', sale_date)={{year}}), 0) AS total_sales, COALESCE((SELECT SUM(purchase_quantity*actual_unit_cost) FROM purchase_orders WHERE part_number={{part_number}} AND strftime('%Y', purchase_date)={{year}}), 0) AS total_purchase, COALESCE((SELECT SUM(sale_quantity*actual_selling_price) FROM sales_orders WHERE part_number={{part_number}} AND strftime('%Y', sale_date)={{year}}), 0) - COALESCE((SELECT SUM(purchase_quantity*actual_unit_cost) FROM purchase_orders WHERE part_number={{part_number}} AND strftime('%Y', purchase_date)={{year}}), 0) AS profit;","part_number, year",3,"2023년 EP3C16F256I7N의 총매출, 총매입, 순이익(흑자/적자)은?"
PAT_6330fa35b1e2,"SELECT 'EP1S10F672C6N' AS part_number, SUM(purchase_quantity) AS total_qty, SUM(purchase_quantity*actual_unit_cost) AS total_amount FROM purchase_orders WHERE part_number={{part_number}} AND strftime('%Y', purchase_date)={{year}};","part_number, year",3,2023년 EP1S10F672C6N의 총 구매 수량과 구매 금액은?
PAT_6356b861eeac,"SELECT 'EP3C55F780C6N' AS part_number, COALESCE((SELECT SUM(sale_quantity*actual_selling_price) FROM sales_orders WHERE part_number={{part_number}} AND strftime('%Y', sale_date)={{year}}), 0) AS total_sales, COALESCE((SELECT SUM(purchase_quantity*actual_unit_cost) FROM purchase_orders WHERE part_number={{part_number}} AND strftime('%Y', purchase_date)={{year}}), 0) AS total_purchase, COALESCE((SELECT SUM(sale_quantity*actual_selling_price) FROM sales_orders WHERE part_number={{part_number}} AND strftime('%Y', sale_date)={{year}}), 0) - COALESCE((SELECT SUM(purchase_quantity*actual_unit_cost) FROM purchase_orders WHERE part_number={{part_number}} AND strftime('%Y', purchase_date)={{year}}), 0) AS profit;","part_number, year",3,"2023년 EP3C55F780C6N의 총매출, 총매입, 순이익(흑자/적자)은?"
PAT_63aadb66589f,"SELECT 'EN2710-LG2' AS part_number, SUM(sale_quantity) AS total_qty, SUM(sale_quantity*actual_selling_price) AS total_amount FROM sales_orders WHERE part_number={{part_number}} AND strftime('%Y', sale_date)={{year}};","part_number, year",3,2023년 EN2710-LG2의 총 판매 수량과 판매 금액은?
PAT_63baefc9a4b7,"SELECT v.vendor_name, SUM(s.sale_quantity*s.actual_selling_price) AS total_amount FROM sales_orders s JOIN vendors v ON s.vendor_id=v.vendor_id WHERE strftime('%Y', s.sale_date)='2025' AND strftime('%m', s.sale_date)='08' GROUP BY v.vendor_name ORDER BY total_amount DESC LIMIT 10;",,1,2025년 08월 벤더별 판매 금액 TOP 10은?
PAT_63e3f5240c04,"SELECT '25LC160BT-I/ST' AS part_number, SUM(purchase_quantity) AS total_qty, SUM(purchase_quantity*actual_unit_cost) AS total_amount FROM purchase_orders WHERE part_number={{part_number}} AND strftime('%Y', purchase_date)={{year}};","part_number, year",3,2023년 25LC160BT-I/ST의 총 구매 수량과 구매 금액은?
PAT_641e7b48101a,"SELECT '10CX105YF780E6G' AS part_number, SUM(purchase_quantity) AS total_qty, SUM(purchase_quantity*actual_unit_cost) AS total_amount FROM purchase_orders WHERE part_number={{part_number}} AND strftime('%Y', purchase_date)={{year}};","part_number, year",3,2023년 10CX105YF780E6G의 총 구매 수량과 구매 금액은?
PAT_642bbe182390,"SELECT 'BCM56115A0IFEBG' AS part_number, COALESCE((SELECT SUM(sale_quantity*actual_selling_price) FROM sales_orders WHERE part_number={{part_number}} AND strftime('%Y', sale_date)={{year}}), 0) AS total_sales, COALESCE((SELECT SUM(purchase_quantity*actual_unit_cost) FROM purchase_orders WHERE part_number={{part_number}} AND strftime('%Y', purchase_date)={{year}}), 0) AS total_purchase, COALESCE((SELECT SUM(sale_quantity*actual_selling_price) FROM sales_orders WHERE part_number={{part_number}} AND strftime('%Y', sale_date)={{year}}), 0) - COALESCE((SELECT SUM(purchase_quantity*actual_unit_cost) FROM purchase_orders WHERE part_number={{part_number}} AND strftime('%Y', purchase_date)={{year}}), 0) AS profit;","part_number, year",3,"2023년 BCM56115A0IFEBG의 총매출, 총매입, 순이익(흑자/적자)은?"
PAT_64b492d795e9,"SELECT '98DX163RA2-BCW1C000' AS part_number, COALESCE((SELECT SUM(sale_quantity*actual_selling_price) FROM sales_orders WHERE part_number={{part_number}} AND strftime('%Y', sale_date)={{year}}), 0) AS total_sales, COALESCE((SELECT SUM(purchase_quantity*actual_unit_cost) FROM purchase_orders WHERE part_number={{part_number}} AND strftime('%Y', purchase_date)={{year}}), 0) AS total_purchase, COALESCE((SELECT SUM(sale_quantity*actual_selling_price) FROM sales_orders WHERE part_number={{part_number}} AND strftime('%Y', sale_date)={{year}}), 0) - COALESCE((SELECT SUM(purchase_quantity*actual_unit_cost) FROM purchase_orders WHERE part_number={{part_number}} AND strftime('%Y', purchase_date)={{year}}), 0) AS profit;","part_number, year",3,"2023년 98DX163RA2-BCW1C000의 총매출, 총매입, 순이익(흑자/적자)은?"
PAT_64c8b93980ed,"SELECT 'ELANSC410-33AC' AS part_number, SUM(sale_quantity) AS total_qty, SUM(sale_quantity*actual_selling_price) AS total_amount FROM sales_orders WHERE part_number={{part_number}} AND strftime('%Y', sale_date)={{year}};","part_number, year",3,2023년 ELANSC410-33AC의 총 판매 수량과 판매 금액은?
PAT_64dcf962a6f9,"SELECT m.name AS manufacturer_name, SUM(p.purchase_quantity*p.actual_unit_cost) AS total_amount FROM purchase_orders p JOIN manufacturers m ON p.manufacturer_id=m.manufacturer_id WHERE strftime('%Y', p.purchase_date)='2024' AND strftime('%m', p.purchase_date)='07' GROUP BY m.name ORDER BY total_amount DESC LIMIT 10;",,1,2024년 07월 제조사별 구매 금액 TOP 10은?
PAT_64f45388dd1c,"SELECT 'EP3C55F780C6N' AS part_number, SUM(purchase_quantity) AS total_qty, SUM(purchase_quantity*actual_unit_cost) AS total_amount FROM purchase_orders WHERE part_number={{part_number}} AND strftime('%Y', purchase_date)={{year}};","part_number, year",3,2023년 EP3C55F780C6N의 총 구매 수량과 구매 금액은?
PAT_65e8f50bd504,"SELECT 'EP10K100ABC600-1' AS part_number, COALESCE((SELECT SUM(sale_quantity*actual_selling_price) FROM sales_orders WHERE part_number={{part_number}} AND strftime('%Y', sale_date)={{year}}), 0) AS total_sales, COALESCE((SELECT SUM(purchase_quantity*actual_unit_cost) FROM purchase_orders WHERE part_number={{part_number}} AND strftime('%Y', purchase_date)={{year}}), 0) AS total_purchase, COALESCE((SELECT SUM(sale_quantity*actual_selling_price) FROM sales_orders WHERE part_number={{part_number}} AND strftime('%Y', sale_date)={{year}}), 0) - COALESCE((SELECT SUM(purchase_quantity*actual_unit_cost) FROM purchase_orders WHERE part_number={{part_number}} AND strftime('%Y', purchase_date)={{year}}), 0) AS profit;","part_number, year",3,"2023년 EP10K100ABC600-1의 총매출, 총매입, 순이익(흑자/적자)은?"
PAT_663b13d4ed94,"SELECT v.vendor_id, v.vendor_name, SUM(s.sale_quantity) AS total_qty, SUM(s.sale_quantity*s.actual_selling_price) AS total_amount FROM sales_orders s JOIN vendors v ON s.vendor_id=v.vendor_id WHERE s.vendor_id={{vendor_id}} AND strftime('%Y', s.sale_date)='2023' GROUP BY v.vendor_id, v.vendor_name;",vendor_id,29,2023년 벤더 1의 총 판매 수량과 판매 금액은?
PAT_664cea20612c,"SELECT 'BCM6550IPB1G' AS part_number, COALESCE((SELECT SUM(sale_quantity*actual_selling_price) FROM sales_orders WHERE part_number={{part_number}} AND strftime('%Y', sale_date)={{year}}), 0) AS total_sales, COALESCE((SELECT SUM(purchase_quantity*actual_unit_cost) FROM purchase_orders WHERE part_number={{part_number}} AND strftime('%Y', purchase_date)={{year}}), 0) AS total_purchase, COALESCE((SELECT SUM(sale_quantity*actual_selling_price) FROM sales_orders WHERE part_number={{part_number}} AND strftime('%Y', sale_date)={{year}}), 0) - COALESCE((SELECT SUM(purchase_quantity*actual_unit_cost) FROM purchase_orders WHERE part_number={{part_number}} AND strftime('%Y', purchase_date)={{year}}), 0) AS profit;","part_number, year",3,"2023년 BCM6550IPB1G의 총매출, 총매입, 순이익(흑자/적자)은?"
PAT_66646bf70dc0,"WITH sales AS ( SELECT part_number, SUM(sale_quantity*actual_selling_price) AS total_sales FROM sales_orders WHERE strftime('%Y', sale_date)={{year}} GROUP BY part_number ), purch AS ( SELECT part_number, SUM(purchase_quantity*actual_unit_cost) AS total_purchase FROM purchase_orders WHERE strftime('%Y', purchase_date)={{year}} GROUP BY part_number ) SELECT p.part_number, COALESCE(s.total_sales,0) AS total_sales, COALESCE(u.total_purchase,0) AS total_purchase, COALESCE(s.total_sales,0) - COALESCE(u.total_purchase,0) AS profit FROM products p LEFT JOIN sales s ON p.part_number=s.part_number LEFT JOIN purch u ON p.part_number=u.part_number ORDER BY profit DESC LIMIT 20;",year,3,2023년 제품별 순이익 TOP 20은?
PAT_66fef611da49,"SELECT 'CN5010-300BG564I-CP-G' AS part_number, COALESCE((SELECT SUM(sale_quantity*actual_selling_price) FROM sales_orders WHERE part_number={{part_number}} AND strftime('%Y', sale_date)={{year}}), 0) AS total_sales, COALESCE((SELECT SUM(purchase_quantity*actual_unit_cost) FROM purchase_orders WHERE part_number={{part_number}} AND strftime('%Y', purchase_date)={{year}}), 0) AS total_purchase, COALESCE((SELECT SUM(sale_quantity*actual_selling_price) FROM sales_orders WHERE part_number={{part_number}} AND strftime('%Y', sale_date)={{year}}), 0) - COALESCE((SELECT SUM(purchase_quantity*actual_unit_cost) FROM purchase_orders WHERE part_number={{part_number}} AND strftime('%Y', purchase_date)={{year}}), 0) AS profit;","part_number, year",3,"2023년 CN5010-300BG564I-CP-G의 총매출, 총매입, 순이익(흑자/적자)은?"
PAT_674c4547e08c,"SELECT 'BCM1125HA4K600' AS part_number, COALESCE((SELECT SUM(sale_quantity*actual_selling_price) FROM sales_orders WHERE part_number={{part_number}} AND strftime('%Y', sale_date)={{year}}), 0) AS total_sales, COALESCE((SELECT SUM(purchase_quantity*actual_unit_cost) FROM purchase_orders WHERE part_number={{part_number}} AND strftime('%Y', purchase_date)={{year}}), 0) AS total_purchase, COALESCE((SELECT SUM(sale_quantity*actual_selling_price) FROM sales_orders WHERE part_number={{part_number}} AND strftime('%Y', sale_date)={{year}}), 0) - COALESCE((SELECT SUM(purchase_quantity*actual_unit_cost) FROM purchase_orders WHERE part_number={{part_number}} AND strftime('%Y', purchase_date)={{year}}), 0) AS profit;","part_number, year",3,"2023년 BCM1125HA4K600의 총매출, 총매입, 순이익(흑자/적자)은?"
PAT_67c8db8cc2f6,"SELECT 'CX95580-00Z' AS part_number, SUM(sale_quantity) AS total_qty, SUM(sale_quantity*actual_selling_price) AS total_amount FROM sales_orders WHERE part_number={{part_number}} AND strftime('%Y', sale_date)={{year}};","part_number, year",3,2023년 CX95580-00Z의 총 판매 수량과 판매 금액은?
PAT_67e6838f5b63,"SELECT 'EP2S30F672I4N' AS part_number, SUM(sale_quantity) AS total_qty, SUM(sale_quantity*actual_selling_price) AS total_amount FROM sales_orders WHERE part_number={{part_number}} AND strftime('%Y', sale_date)={{year}};","part_number, year",3,2023년 EP2S30F672I4N의 총 판매 수량과 판매 금액은?
PAT_68266e0fe122,"SELECT 'A3P250-2FGG144I' AS part_number, SUM(purchase_quantity) AS total_qty, SUM(purchase_quantity*actual_unit_cost) AS total_amount FROM purchase_orders WHERE part_number={{part_number}} AND strftime('%Y', purchase_date)={{year}};","part_number, year",3,2023년 A3P250-2FGG144I의 총 구매 수량과 구매 금액은?
PAT_686ef5b67aaa,"SELECT 'AX1000-2FG676I' AS part_number, SUM(purchase_quantity) AS total_qty, SUM(purchase_quantity*actual_unit_cost) AS total_amount FROM purchase_orders WHERE part_number={{part_number}} AND strftime('%Y', purchase_date)={{year}};","part_number, year",3,2023년 AX1000-2FG676I의 총 구매 수량과 구매 금액은?
PAT_68e26c1761b2,"SELECT 'CN5230C-600BG729-SCP-Y' AS part_number, SUM(sale_quantity) AS total_qty, SUM(sale_quantity*actual_selling_price) AS total_amount FROM sales_orders WHERE part_number={{part_number}} AND strftime('%Y', sale_date)={{year}};","part_number, year",3,2023년 CN5230C-600BG729-SCP-Y의 총 판매 수량과 판매 금액은?
PAT_693a707538b5,"SELECT 'EP1C12F324C8N' AS part_number, COALESCE((SELECT SUM(sale_quantity*actual_selling_price) FROM sales_orders WHERE part_number={{part_number}} AND strftime('%Y', sale_date)={{year}}), 0) AS total_sales, COALESCE((SELECT SUM(purchase_quantity*actual_unit_cost) FROM purchase_orders WHERE part_number={{part_number}} AND strftime('%Y', purchase_date)={{year}}), 0) AS total_purchase, COALESCE((SELECT SUM(sale_quantity*actual_selling_price) FROM sales_orders WHERE part_number={{part_number}} AND strftime('%Y', sale_date)={{year}}), 0) - COALESCE((SELECT SUM(purchase_quantity*actual_unit_cost) FROM purchase_orders WHERE part_number={{part_number}} AND strftime('%Y', purchase_date)={{year}}), 0) AS profit;","part_number, year",3,"2023년 EP1C12F324C8N의 총매출, 총매입, 순이익(흑자/적자)은?"
PAT_69511ec1c661,"SELECT 'ADS62C15IRGCT' AS part_number, COALESCE((SELECT SUM(sale_quantity*actual_selling_price) FROM sales_orders WHERE part_number={{part_number}} AND strftime('%Y', sale_date)={{year}}), 0) AS total_sales, COALESCE((SELECT SUM(purchase_quantity*actual_unit_cost) FROM purchase_orders WHERE part_number={{part_number}} AND strftime('%Y', purchase_date)={{year}}), 0) AS total_purchase, COALESCE((SELECT SUM(sale_quantity*actual_selling_price) FROM sales_orders WHERE part_number={{part_number}} AND strftime('%Y', sale_date)={{year}}), 0) - COALESCE((SELECT SUM(purchase_quantity*actual_unit_cost) FROM purchase_orders WHERE part_number={{part_number}} AND strftime('%Y', purchase_date)={{year}}), 0) AS profit;","part_number, year",3,"2023년 ADS62C15IRGCT의 총매출, 총매입, 순이익(흑자/적자)은?"
PAT_69b4d0648dd5,"SELECT 'BCM6506IFBG' AS part_number, COALESCE((SELECT SUM(sale_quantity*actual_selling_price) FROM sales_orders WHERE part_number={{part_number}} AND strftime('%Y', sale_date)={{year}}), 0) AS total_sales, COALESCE((SELECT SUM(purchase_quantity*actual_unit_cost) FROM purchase_orders WHERE part_number={{part_number}} AND strftime('%Y', purchase_date)={{year}}), 0) AS total_purchase, COALESCE((SELECT SUM(sale_quantity*actual_selling_price) FROM sales_orders WHERE part_number={{part_number}} AND strftime('%Y', sale_date)={{year}}), 0) - COALESCE((SELECT SUM(purchase_quantity*actual_unit_cost) FROM purchase_orders WHERE part_number={{part_number}} AND strftime('%Y', purchase_date)={{year}}), 0) AS profit;","part_number, year",3,"2023년 BCM6506IFBG의 총매출, 총매입, 순이익(흑자/적자)은?"
PAT_69cf54d0bdc4,"SELECT 'AR2313A-00' AS part_number, SUM(purchase_quantity) AS total_qty, SUM(purchase_quantity*actual_unit_cost) AS total_amount FROM purchase_orders WHERE part_number={{part_number}} AND strftime('%Y', purchase_date)={{year}};","part_number, year",3,2023년 AR2313A-00의 총 구매 수량과 구매 금액은?
PAT_69f2f8f7c589,"SELECT 'BCM74371CUKFEBA1G' AS part_number, SUM(purchase_quantity) AS total_qty, SUM(purchase_quantity*actual_unit_cost) AS total_amount FROM purchase_orders WHERE part_number={{part_number}} AND strftime('%Y', purchase_date)={{year}};","part_number, year",3,2023년 BCM74371CUKFEBA1G의 총 구매 수량과 구매 금액은?
PAT_69fba9c8a997,"SELECT 'BCM5693A2KEBG' AS part_number, SUM(sale_quantity) AS total_qty, SUM(sale_quantity*actual_selling_price) AS total_amount FROM sales_orders WHERE part_number={{part_number}} AND strftime('%Y', sale_date)={{year}};","part_number, year",3,2023년 BCM5693A2KEBG의 총 판매 수량과 판매 금액은?
PAT_6a0a24ce8a18,"SELECT 'EP2C35F672I8N' AS part_number, SUM(sale_quantity) AS total_qty, SUM(sale_quantity*actual_selling_price) AS total_amount FROM sales_orders WHERE part_number={{part_number}} AND strftime('%Y', sale_date)={{year}};","part_number, year",3,2023년 EP2C35F672I8N의 총 판매 수량과 판매 금액은?
PAT_6aa35f97dfa7,"SELECT 'EP1K50FI256-2N' AS part_number, COALESCE((SELECT SUM(sale_quantity*actual_selling_price) FROM sales_orders WHERE part_number={{part_number}} AND strftime('%Y', sale_date)={{year}}), 0) AS total_sales, COALESCE((SELECT SUM(purchase_quantity*actual_unit_cost) FROM purchase_orders WHERE part_number={{part_number}} AND strftime('%Y', purchase_date)={{year}}), 0) AS total_purchase, COALESCE((SELECT SUM(sale_quantity*actual_selling_price) FROM sales_orders WHERE part_number={{part_number}} AND strftime('%Y', sale_date)={{year}}), 0) - COALESCE((SELECT SUM(purchase_quantity*actual_unit_cost) FROM purchase_orders WHERE part_number={{part_number}} AND strftime('%Y', purchase_date)={{year}}), 0) AS profit;","part_number, year",3,"2023년 EP1K50FI256-2N의 총매출, 총매입, 순이익(흑자/적자)은?"
PAT_6abe615842d6,"SELECT 'EP1C12F324C7N' AS part_number, COALESCE((SELECT SUM(sale_quantity*actual_selling_price) FROM sales_orders WHERE part_number={{part_number}} AND strftime('%Y', sale_date)={{year}}), 0) AS total_sales, COALESCE((SELECT SUM(purchase_quantity*actual_unit_cost) FROM purchase_orders WHERE part_number={{part_number}} AND strftime('%Y', purchase_date)={{year}}), 0) AS total_purchase, COALESCE((SELECT SUM(sale_quantity*actual_selling_price) FROM sales_orders WHERE part_number={{part_number}} AND strftime('%Y', sale_date)={{year}}), 0) - COALESCE((SELECT SUM(purchase_quantity*actual_unit_cost) FROM purchase_orders WHERE part_number={{part_number}} AND strftime('%Y', purchase_date)={{year}}), 0) AS profit;","part_number, year",3,"2023년 EP1C12F324C7N의 총매출, 총매입, 순이익(흑자/적자)은?"
PAT_6b332c76aa7a,"SELECT 'EP4CGX50CF23I7N' AS part_number, SUM(purchase_quantity) AS total_qty, SUM(purchase_quantity*actual_unit_cost) AS total_amount FROM purchase_orders WHERE part_number={{part_number}} AND strftime('%Y', purchase_date)={{year}};","part_number, year",3,2023년 EP4CGX50CF23I7N의 총 구매 수량과 구매 금액은?
PAT_6bca7b56e416,"SELECT 'CY7C1318KV18-250BZXC' AS part_number, SUM(purchase_quantity) AS total_qty, SUM(purchase_quantity*actual_unit_cost) AS total_amount FROM purchase_orders WHERE part_number={{part_number}} AND strftime('%Y', purchase_date)={{year}};","part_number, year",3,2023년 CY7C1318KV18-250BZXC의 총 구매 수량과 구매 금액은?
PAT_6c13919d3671,"SELECT 'LTC3521IUF#TRPBF' AS part_number, SUM(purchase_quantity) AS total_qty, SUM(purchase_quantity*actual_unit_cost) AS total_amount FROM purchase_orders WHERE part_number={{part_number}} AND strftime('%Y', purchase_date)={{year}};","part_number, year",3,2023년 LTC3521IUF#TRPBF의 총 구매 수량과 구매 금액은?
PAT_6c2618a687d6,"SELECT 'EP1C4F400C7N' AS part_number, COALESCE((SELECT SUM(sale_quantity*actual_selling_price) FROM sales_orders WHERE part_number={{part_number}} AND strftime('%Y', sale_date)={{year}}), 0) AS total_sales, COALESCE((SELECT SUM(purchase_quantity*actual_unit_cost) FROM purchase_orders WHERE part_number={{part_number}} AND strftime('%Y', purchase_date)={{year}}), 0) AS total_purchase, COALESCE((SELECT SUM(sale_quantity*actual_selling_price) FROM sales_orders WHERE part_number={{part_number}} AND strftime('%Y', sale_date)={{year}}), 0) - COALESCE((SELECT SUM(purchase_quantity*actual_unit_cost) FROM purchase_orders WHERE part_number={{part_number}} AND strftime('%Y', purchase_date)={{year}}), 0) AS profit;","part_number, year",3,"2023년 EP1C4F400C7N의 총매출, 총매입, 순이익(흑자/적자)은?"
PAT_6c32a7d664da,"SELECT 'CY7C1347G-166BGXCT' AS part_number, SUM(purchase_quantity) AS total_qty, SUM(purchase_quantity*actual_unit_cost) AS total_amount FROM purchase_orders WHERE part_number={{part_number}} AND strftime('%Y', purchase_date)={{year}};","part_number, year",3,2023년 CY7C1347G-166BGXCT의 총 구매 수량과 구매 금액은?
PAT_6c596db74e3d,"SELECT '98DX-BHA1' AS part_number, COALESCE((SELECT SUM(sale_quantity*actual_selling_price) FROM sales_orders WHERE part_number={{part_number}} AND strftime('%Y', sale_date)={{year}}), 0) AS total_sales, COALESCE((SELECT SUM(purchase_quantity*actual_unit_cost) FROM purchase_orders WHERE part_number={{part_number}} AND strftime('%Y', purchase_date)={{year}}), 0) AS total_purchase, COALESCE((SELECT SUM(sale_quantity*actual_selling_price) FROM sales_orders WHERE part_number={{part_number}} AND strftime('%Y', sale_date)={{year}}), 0) - COALESCE((SELECT SUM(purchase_quantity*actual_unit_cost) FROM purchase_orders WHERE part_number={{part_number}} AND strftime('%Y', purchase_date)={{year}}), 0) AS profit;","part_number, year",3,"2023년 98DX-BHA1의 총매출, 총매입, 순이익(흑자/적자)은?"
PAT_6c8604dae5f9,"SELECT 'A3P1000-2FG484' AS part_number, SUM(purchase_quantity) AS total_qty, SUM(purchase_quantity*actual_unit_cost) AS total_amount FROM purchase_orders WHERE part_number={{part_number}} AND strftime('%Y', purchase_date)={{year}};","part_number, year",3,2023년 A3P1000-2FG484의 총 구매 수량과 구매 금액은?
PAT_6c86b6ef459c,"SELECT 'EP4CGX30CF23C8N' AS part_number, SUM(sale_quantity) AS total_qty, SUM(sale_quantity*actual_selling_price) AS total_amount FROM sales_orders WHERE part_number={{part_number}} AND strftime('%Y', sale_date)={{year}};","part_number, year",3,2023년 EP4CGX30CF23C8N의 총 판매 수량과 판매 금액은?
PAT_6cac4ae4ebd1,"SELECT 'BCM7601YKFEBG' AS part_number, COALESCE((SELECT SUM(sale_quantity*actual_selling_price) FROM sales_orders WHERE part_number={{part_number}} AND strftime('%Y', sale_date)={{year}}), 0) AS total_sales, COALESCE((SELECT SUM(purchase_quantity*actual_unit_cost) FROM purchase_orders WHERE part_number={{part_number}} AND strftime('%Y', purchase_date)={{year}}), 0) AS total_purchase, COALESCE((SELECT SUM(sale_quantity*actual_selling_price) FROM sales_orders WHERE part_number={{part_number}} AND strftime('%Y', sale_date)={{year}}), 0) - COALESCE((SELECT SUM(purchase_quantity*actual_unit_cost) FROM purchase_orders WHERE part_number={{part_number}} AND strftime('%Y', purchase_date)={{year}}), 0) AS profit;","part_number, year",3,"2023년 BCM7601YKFEBG의 총매출, 총매입, 순이익(흑자/적자)은?"
PAT_6cedc3a4bdc7,"SELECT 'CY7C1318AV18-167BZC' AS part_number, SUM(purchase_quantity) AS total_qty, SUM(purchase_quantity*actual_unit_cost) AS total_amount FROM purchase_orders WHERE part_number={{part_number}} AND strftime('%Y', purchase_date)={{year}};","part_number, year",3,2023년 CY7C1318AV18-167BZC의 총 구매 수량과 구매 금액은?
PAT_6d0508f8d663,"SELECT 'ACS9510T' AS part_number, SUM(purchase_quantity) AS total_qty, SUM(purchase_quantity*actual_unit_cost) AS total_amount FROM purchase_orders WHERE part_number={{part_number}} AND strftime('%Y', purchase_date)={{year}};","part_number, year",3,2023년 ACS9510T의 총 구매 수량과 구매 금액은?
PAT_6d08b97dbc5f,"SELECT 'CY7C1347G-166BGXCT' AS part_number, COALESCE((SELECT SUM(sale_quantity*actual_selling_price) FROM sales_orders WHERE part_number={{part_number}} AND strftime('%Y', sale_date)={{year}}), 0) AS total_sales, COALESCE((SELECT SUM(purchase_quantity*actual_unit_cost) FROM purchase_orders WHERE part_number={{part_number}} AND strftime('%Y', purchase_date)={{year}}), 0) AS total_purchase, COALESCE((SELECT SUM(sale_quantity*actual_selling_price) FROM sales_orders WHERE part_number={{part_number}} AND strftime('%Y', sale_date)={{year}}), 0) - COALESCE((SELECT SUM(purchase_quantity*actual_unit_cost) FROM purchase_orders WHERE part_number={{part_number}} AND strftime('%Y', purchase_date)={{year}}), 0) AS profit;","part_number, year",3,"2023년 CY7C1347G-166BGXCT의 총매출, 총매입, 순이익(흑자/적자)은?"
PAT_6dad44e0b2cb,"SELECT '64M29EWL' AS part_number, SUM(sale_quantity) AS total_qty, SUM(sale_quantity*actual_selling_price) AS total_amount FROM sales_orders WHERE part_number={{part_number}} AND strftime('%Y', sale_date)={{year}};","part_number, year",3,2023년 64M29EWL의 총 판매 수량과 판매 금액은?
PAT_6db93bc16df9,"SELECT 'EP4CGX30CF23C8N' AS part_number, SUM(purchase_quantity) AS total_qty, SUM(purchase_quantity*actual_unit_cost) AS total_amount FROM purchase_orders WHERE part_number={{part_number}} AND strftime('%Y', purchase_date)={{year}};","part_number, year",3,2023년 EP4CGX30CF23C8N의 총 구매 수량과 구매 금액은?
PAT_6df4053e98a8,"SELECT 'EP4CE115F29C8N' AS part_number, COALESCE((SELECT SUM(sale_quantity*actual_selling_price) FROM sales_orders WHERE part_number={{part_number}} AND strftime('%Y', sale_date)={{year}}), 0) AS total_sales, COALESCE((SELECT SUM(purchase_quantity*actual_unit_cost) FROM purchase_orders WHERE part_number={{part_number}} AND strftime('%Y', purchase_date)={{year}}), 0) AS total_purchase, COALESCE((SELECT SUM(sale_quantity*actual_selling_price) FROM sales_orders WHERE part_number={{part_number}} AND strftime('%Y', sale_date)={{year}}), 0) - COALESCE((SELECT SUM(purchase_quantity*actual_unit_cost) FROM purchase_orders WHERE part_number={{part_number}} AND strftime('%Y', purchase_date)={{year}}), 0) AS profit;","part_number, year",3,"2023년 EP4CE115F29C8N의 총매출, 총매입, 순이익(흑자/적자)은?"
PAT_6e0f8d4c5ef3,"SELECT 'ADSP-BF533SBBC500' AS part_number, SUM(purchase_quantity) AS total_qty, SUM(purchase_quantity*actual_unit_cost) AS total_amount FROM purchase_orders WHERE part_number={{part_number}} AND strftime('%Y', purchase_date)={{year}};","part_number, year",3,2023년 ADSP-BF533SBBC500의 총 구매 수량과 구매 금액은?
PAT_6e61b75fa37d,"SELECT 'BCM3390ZKFSBG' AS part_number, SUM(purchase_quantity) AS total_qty, SUM(purchase_quantity*actual_unit_cost) AS total_amount FROM purchase_orders WHERE part_number={{part_number}} AND strftime('%Y', purchase_date)={{year}};","part_number, year",3,2023년 BCM3390ZKFSBG의 총 구매 수량과 구매 금액은?
PAT_6eb9b832d389,"SELECT 'CY62167DV30LL-55BVXI' AS part_number, COALESCE((SELECT SUM(sale_quantity*actual_selling_price) FROM sales_orders WHERE part_number={{part_number}} AND strftime('%Y', sale_date)={{year}}), 0) AS total_sales, COALESCE((SELECT SUM(purchase_quantity*actual_unit_cost) FROM purchase_orders WHERE part_number={{part_number}} AND strftime('%Y', purchase_date)={{year}}), 0) AS total_purchase, COALESCE((SELECT SUM(sale_quantity*actual_selling_price) FROM sales_orders WHERE part_number={{part_number}} AND strftime('%Y', sale_date)={{year}}), 0) - COALESCE((SELECT SUM(purchase_quantity*actual_unit_cost) FROM purchase_orders WHERE part_number={{part_number}} AND strftime('%Y', purchase_date)={{year}}), 0) AS profit;","part_number, year",3,"2023년 CY62167DV30LL-55BVXI의 총매출, 총매입, 순이익(흑자/적자)은?"
PAT_6ee8e27c2558,"SELECT 'DN-FE6001DVA0-ES' AS part_number, SUM(sale_quantity) AS total_qty, SUM(sale_quantity*actual_selling_price) AS total_amount FROM sales_orders WHERE part_number={{part_number}} AND strftime('%Y', sale_date)={{year}};","part_number, year",3,2023년 DN-FE6001DVA0-ES의 총 판매 수량과 판매 금액은?
PAT_6f2721bc8344,"SELECT 'AM29LV800BB-120WBC' AS part_number, COALESCE((SELECT SUM(sale_quantity*actual_selling_price) FROM sales_orders WHERE part_number={{part_number}} AND strftime('%Y', sale_date)={{year}}), 0) AS total_sales, COALESCE((SELECT SUM(purchase_quantity*actual_unit_cost) FROM purchase_orders WHERE part_number={{part_number}} AND strftime('%Y', purchase_date)={{year}}), 0) AS total_purchase, COALESCE((SELECT SUM(sale_quantity*actual_selling_price) FROM sales_orders WHERE part_number={{part_number}} AND strftime('%Y', sale_date)={{year}}), 0) - COALESCE((SELECT SUM(purchase_quantity*actual_unit_cost) FROM purchase_orders WHERE part_number={{part_number}} AND strftime('%Y', purchase_date)={{year}}), 0) AS profit;","part_number, year",3,"2023년 AM29LV800BB-120WBC의 총매출, 총매입, 순이익(흑자/적자)은?"
PAT_6f5a66e2593c,"SELECT 'BCM53312SB0KPBG' AS part_number, SUM(purchase_quantity) AS total_qty, SUM(purchase_quantity*actual_unit_cost) AS total_amount FROM purchase_orders WHERE part_number={{part_number}} AND strftime('%Y', purchase_date)={{year}};","part_number, year",3,2023년 BCM53312SB0KPBG의 총 구매 수량과 구매 금액은?
PAT_6f94067130b9,"SELECT 'AM29LV640DU90RWHIT' AS part_number, COALESCE((SELECT SUM(sale_quantity*actual_selling_price) FROM sales_orders WHERE part_number={{part_number}} AND strftime('%Y', sale_date)={{year}}), 0) AS total_sales, COALESCE((SELECT SUM(purchase_quantity*actual_unit_cost) FROM purchase_orders WHERE part_number={{part_number}} AND strftime('%Y', purchase_date)={{year}}), 0) AS total_purchase, COALESCE((SELECT SUM(sale_quantity*actual_selling_price) FROM sales_orders WHERE part_number={{part_number}} AND strftime('%Y', sale_date)={{year}}), 0) - COALESCE((SELECT SUM(purchase_quantity*actual_unit_cost) FROM purchase_orders WHERE part_number={{part_number}} AND strftime('%Y', purchase_date)={{year}}), 0) AS profit;","part_number, year",3,"2023년 AM29LV640DU90RWHIT의 총매출, 총매입, 순이익(흑자/적자)은?"
PAT_6fda0bc9c8c2,"SELECT 'A54SX08A-2FG144I' AS part_number, COALESCE((SELECT SUM(sale_quantity*actual_selling_price) FROM sales_orders WHERE part_number={{part_number}} AND strftime('%Y', sale_date)={{year}}), 0) AS total_sales, COALESCE((SELECT SUM(purchase_quantity*actual_unit_cost) FROM purchase_orders WHERE part_number={{part_number}} AND strftime('%Y', purchase_date)={{year}}), 0) AS total_purchase, COALESCE((SELECT SUM(sale_quantity*actual_selling_price) FROM sales_orders WHERE part_number={{part_number}} AND strftime('%Y', sale_date)={{year}}), 0) - COALESCE((SELECT SUM(purchase_quantity*actual_unit_cost) FROM purchase_orders WHERE part_number={{part_number}} AND strftime('%Y', purchase_date)={{year}}), 0) AS profit;","part_number, year",3,"2023년 A54SX08A-2FG144I의 총매출, 총매입, 순이익(흑자/적자)은?"
PAT_6fe312dbfb26,"SELECT p.part_number, i.initial_quantity AS initial_qty, c.current_quantity AS current_qty, (c.current_quantity - i.initial_quantity) AS delta_qty FROM products p JOIN initial_inventory i ON p.part_number=i.part_number JOIN current_products c ON p.part_number=c.part_number WHERE p.part_number={{part_number}};",part_number,300,10AX115H3F34E2SG의 초기재고 대비 현재재고 증감은?
PAT_707ed3851f96,"SELECT 'CY7C1357C-100BZXC' AS part_number, COALESCE((SELECT SUM(sale_quantity*actual_selling_price) FROM sales_orders WHERE part_number={{part_number}} AND strftime('%Y', sale_date)={{year}}), 0) AS total_sales, COALESCE((SELECT SUM(purchase_quantity*actual_unit_cost) FROM purchase_orders WHERE part_number={{part_number}} AND strftime('%Y', purchase_date)={{year}}), 0) AS total_purchase, COALESCE((SELECT SUM(sale_quantity*actual_selling_price) FROM sales_orders WHERE part_number={{part_number}} AND strftime('%Y', sale_date)={{year}}), 0) - COALESCE((SELECT SUM(purchase_quantity*actual_unit_cost) FROM purchase_orders WHERE part_number={{part_number}} AND strftime('%Y', purchase_date)={{year}}), 0) AS profit;","part_number, year",3,"2023년 CY7C1357C-100BZXC의 총매출, 총매입, 순이익(흑자/적자)은?"
PAT_709abff50fbc,"SELECT '71V2556SA133BG' AS part_number, SUM(purchase_quantity) AS total_qty, SUM(purchase_quantity*actual_unit_cost) AS total_amount FROM purchase_orders WHERE part_number={{part_number}} AND strftime('%Y', purchase_date)={{year}};","part_number, year",3,2023년 71V2556SA133BG의 총 구매 수량과 구매 금액은?
PAT_712c7e1af9f4,"SELECT SUM(sale_quantity*actual_selling_price) AS sales_amount FROM sales_orders WHERE part_number={{part_number}} AND strftime('%Y', sale_date)={{year}} AND strftime('%m', sale_date)={{month}};","month, part_number, year",3047,2023년 01월 DN-FE6001DVA0-ES의 판매 금액은?
PAT_7194a569b844,"SELECT 'BCM5753KFBG' AS part_number, COALESCE((SELECT SUM(sale_quantity*actual_selling_price) FROM sales_orders WHERE part_number={{part_number}} AND strftime('%Y', sale_date)={{year}}), 0) AS total_sales, COALESCE((SELECT SUM(purchase_quantity*actual_unit_cost) FROM purchase_orders WHERE part_number={{part_number}} AND strftime('%Y', purchase_date)={{year}}), 0) AS total_purchase, COALESCE((SELECT SUM(sale_quantity*actual_selling_price) FROM sales_orders WHERE part_number={{part_number}} AND strftime('%Y', sale_date)={{year}}), 0) - COALESCE((SELECT SUM(purchase_quantity*actual_unit_cost) FROM purchase_orders WHERE part_number={{part_number}} AND strftime('%Y', purchase_date)={{year}}), 0) AS profit;","part_number, year",3,"2023년 BCM5753KFBG의 총매출, 총매입, 순이익(흑자/적자)은?"
PAT_719b3f2f79bf,"SELECT v.vendor_name, SUM(s.sale_quantity*s.actual_selling_price) AS total_amount FROM sales_orders s JOIN vendors v ON s.vendor_id=v.vendor_id WHERE strftime('%Y', s.sale_date)='2024' AND strftime('%m', s.sale_date)='06' GROUP BY v.vendor_name ORDER BY total_amount DESC LIMIT 10;",,1,2024년 06월 벤더별 판매 금액 TOP 10은?
PAT_71ba7da7e080,"SELECT 'EP1C12F324C8N' AS part_number, SUM(sale_quantity) AS total_qty, SUM(sale_quantity*actual_selling_price) AS total_amount FROM sales_orders WHERE part_number={{part_number}} AND strftime('%Y', sale_date)={{year}};","part_number, year",3,2023년 EP1C12F324C8N의 총 판매 수량과 판매 금액은?
PAT_72162ef542c6,"SELECT 'CA91L862A-50CE' AS part_number, SUM(purchase_quantity) AS total_qty, SUM(purchase_quantity*actual_unit_cost) AS total_amount FROM purchase_orders WHERE part_number={{part_number}} AND strftime('%Y', purchase_date)={{year}};","part_number, year",3,2023년 CA91L862A-50CE의 총 구매 수량과 구매 금액은?
PAT_7229b0b7a743,"SELECT 'EP2C8F25618' AS part_number, SUM(purchase_quantity) AS total_qty, SUM(purchase_quantity*actual_unit_cost) AS total_amount FROM purchase_orders WHERE part_number={{part_number}} AND strftime('%Y', purchase_date)={{year}};","part_number, year",3,2023년 EP2C8F25618의 총 구매 수량과 구매 금액은?
PAT_72589f1440ef,"SELECT 'EPM1270F256C5N' AS part_number, SUM(purchase_quantity) AS total_qty, SUM(purchase_quantity*actual_unit_cost) AS total_amount FROM purchase_orders WHERE part_number={{part_number}} AND strftime('%Y', purchase_date)={{year}};","part_number, year",3,2023년 EPM1270F256C5N의 총 구매 수량과 구매 금액은?
PAT_7269b407343e,"SELECT v.vendor_name, SUM(s.sale_quantity*s.actual_selling_price) AS total_amount FROM sales_orders s JOIN vendors v ON s.vendor_id=v.vendor_id WHERE strftime('%Y', s.sale_date)='2023' AND strftime('%m', s.sale_date)='11' GROUP BY v.vendor_name ORDER BY total_amount DESC LIMIT 10;",,1,2023년 11월 벤더별 판매 금액 TOP 10은?
PAT_728223ddd0b9,"SELECT 'BCM5482A1KFBG' AS part_number, SUM(sale_quantity) AS total_qty, SUM(sale_quantity*actual_selling_price) AS total_amount FROM sales_orders WHERE part_number={{part_number}} AND strftime('%Y', sale_date)={{year}};","part_number, year",3,2023년 BCM5482A1KFBG의 총 판매 수량과 판매 금액은?
PAT_72a07fd17bb1,"SELECT 'CYDM256B16-55BVXI' AS part_number, SUM(sale_quantity) AS total_qty, SUM(sale_quantity*actual_selling_price) AS total_amount FROM sales_orders WHERE part_number={{part_number}} AND strftime('%Y', sale_date)={{year}};","part_number, year",3,2023년 CYDM256B16-55BVXI의 총 판매 수량과 판매 금액은?
PAT_72c5627e02a9,"SELECT 'BCM54616SC0KFBG' AS part_number, SUM(purchase_quantity) AS total_qty, SUM(purchase_quantity*actual_unit_cost) AS total_amount FROM purchase_orders WHERE part_number={{part_number}} AND strftime('%Y', purchase_date)={{year}};","part_number, year",3,2023년 BCM54616SC0KFBG의 총 구매 수량과 구매 금액은?
PAT_72e48e5fa44b,"SELECT v.vendor_name, SUM(s.sale_quantity*s.actual_selling_price) AS total_amount FROM sales_orders s JOIN vendors v ON s.vendor_id=v.vendor_id WHERE strftime('%Y', s.sale_date)='2024' AND strftime('%m', s.sale_date)='04' GROUP BY v.vendor_name ORDER BY total_amount DESC LIMIT 10;",,1,2024년 04월 벤더별 판매 금액 TOP 10은?
PAT_72f8c16452ca,"SELECT 'EP3C55F484C8N' AS part_number, SUM(sale_quantity) AS total_qty, SUM(sale_quantity*actual_selling_price) AS total_amount FROM sales_orders WHERE part_number={{part_number}} AND strftime('%Y', sale_date)={{year}};","part_number, year",3,2023년 EP3C55F484C8N의 총 판매 수량과 판매 금액은?
PAT_7318d90feb74,"SELECT 'CS5916AA' AS part_number, SUM(sale_quantity) AS total_qty, SUM(sale_quantity*actual_selling_price) AS total_amount FROM sales_orders WHERE part_number={{part_number}} AND strftime('%Y', sale_date)={{year}};","part_number, year",3,2023년 CS5916AA의 총 판매 수량과 판매 금액은?
PAT_73624e7268ba,"SELECT 'EP3C16F484C8N' AS part_number, SUM(sale_quantity) AS total_qty, SUM(sale_quantity*actual_selling_price) AS total_amount FROM sales_orders WHERE part_number={{part_number}} AND strftime('%Y', sale_date)={{year}};","part_number, year",3,2023년 EP3C16F484C8N의 총 판매 수량과 판매 금액은?
PAT_73664d0afcd5,"SELECT 'AGLP125V5-CSG289' AS part_number, COALESCE((SELECT SUM(sale_quantity*actual_selling_price) FROM sales_orders WHERE part_number={{part_number}} AND strftime('%Y', sale_date)={{year}}), 0) AS total_sales, COALESCE((SELECT SUM(purchase_quantity*actual_unit_cost) FROM purchase_orders WHERE part_number={{part_number}} AND strftime('%Y', purchase_date)={{year}}), 0) AS total_purchase, COALESCE((SELECT SUM(sale_quantity*actual_selling_price) FROM sales_orders WHERE part_number={{part_number}} AND strftime('%Y', sale_date)={{year}}), 0) - COALESCE((SELECT SUM(purchase_quantity*actual_unit_cost) FROM purchase_orders WHERE part_number={{part_number}} AND strftime('%Y', purchase_date)={{year}}), 0) AS profit;","part_number, year",3,"2023년 AGLP125V5-CSG289의 총매출, 총매입, 순이익(흑자/적자)은?"
PAT_737c76b79fdd,"SELECT '10AX115H3F34E2SG' AS part_number, COALESCE((SELECT SUM(sale_quantity*actual_selling_price) FROM sales_orders WHERE part_number={{part_number}} AND strftime('%Y', sale_date)={{year}}), 0) AS total_sales, COALESCE((SELECT SUM(purchase_quantity*actual_unit_cost) FROM purchase_orders WHERE part_number={{part_number}} AND strftime('%Y', purchase_date)={{year}}), 0) AS total_purchase, COALESCE((SELECT SUM(sale_quantity*actual_selling_price) FROM sales_orders WHERE part_number={{part_number}} AND strftime('%Y', sale_date)={{year}}), 0) - COALESCE((SELECT SUM(purchase_quantity*actual_unit_cost) FROM purchase_orders WHERE part_number={{part_number}} AND strftime('%Y', purchase_date)={{year}}), 0) AS profit;","part_number, year",3,"2023년 10AX115H3F34E2SG의 총매출, 총매입, 순이익(흑자/적자)은?"
PAT_73af2d89f3e3,"SELECT 'ADSP-BF532SBBC400' AS part_number, SUM(purchase_quantity) AS total_qty, SUM(purchase_quantity*actual_unit_cost) AS total_amount FROM purchase_orders WHERE part_number={{part_number}} AND strftime('%Y', purchase_date)={{year}};","part_number, year",3,2023년 ADSP-BF532SBBC400의 총 구매 수량과 구매 금액은?
PAT_7408196ed864,"SELECT 'FWIXP425BB' AS part_number, SUM(sale_quantity) AS total_qty, SUM(sale_quantity*actual_selling_price) AS total_amount FROM sales_orders WHERE part_number={{part_number}} AND strftime('%Y', sale_date)={{year}};","part_number, year",3,2023년 FWIXP425BB의 총 판매 수량과 판매 금액은?
PAT_749f5f5f4bd4,"SELECT 'BCM5228FA4KPFG' AS part_number, SUM(purchase_quantity) AS total_qty, SUM(purchase_quantity*actual_unit_cost) AS total_amount FROM purchase_orders WHERE part_number={{part_number}} AND strftime('%Y', purchase_date)={{year}};","part_number, year",3,2023년 BCM5228FA4KPFG의 총 구매 수량과 구매 금액은?
PAT_74f4dc6f3495,"SELECT 'EP1S10F672C6N' AS part_number, COALESCE((SELECT SUM(sale_quantity*actual_selling_price) FROM sales_orders WHERE part_number={{part_number}} AND strftime('%Y', sale_date)={{year}}), 0) AS total_sales, COALESCE((SELECT SUM(purchase_quantity*actual_unit_cost) FROM purchase_orders WHERE part_number={{part_number}} AND strftime('%Y', purchase_date)={{year}}), 0) AS total_purchase, COALESCE((SELECT SUM(sale_quantity*actual_selling_price) FROM sales_orders WHERE part_number={{part_number}} AND strftime('%Y', sale_date)={{year}}), 0) - COALESCE((SELECT SUM(purchase_quantity*actual_unit_cost) FROM purchase_orders WHERE part_number={{part_number}} AND strftime('%Y', purchase_date)={{year}}), 0) AS profit;","part_number, year",3,"2023년 EP1S10F672C6N의 총매출, 총매입, 순이익(흑자/적자)은?"
PAT_755ef2c7246d,"SELECT m.name AS manufacturer_name, SUM(p.purchase_quantity*p.actual_unit_cost) AS total_amount FROM purchase_orders p JOIN manufacturers m ON p.manufacturer_id=m.manufacturer_id WHERE strftime('%Y', p.purchase_date)='2024' AND strftime('%m', p.purchase_date)='06' GROUP BY m.name ORDER BY total_amount DESC LIMIT 10;",,1,2024년 06월 제조사별 구매 금액 TOP 10은?
PAT_75932e18c5de,"SELECT 'EDE5132AABG-6E-F' AS part_number, SUM(purchase_quantity) AS total_qty, SUM(purchase_quantity*actual_unit_cost) AS total_amount FROM purchase_orders WHERE part_number={{part_number}} AND strftime('%Y', purchase_date)={{year}};","part_number, year",3,2023년 EDE5132AABG-6E-F의 총 구매 수량과 구매 금액은?
PAT_75b67c23ac1d,"SELECT 'CY7C1393KV18-300BZXC' AS part_number, SUM(sale_quantity) AS total_qty, SUM(sale_quantity*actual_selling_price) AS total_amount FROM sales_orders WHERE part_number={{part_number}} AND strftime('%Y', sale_date)={{year}};","part_number, year",3,2023년 CY7C1393KV18-300BZXC의 총 판매 수량과 판매 금액은?
PAT_75bba2156fc4,"SELECT 'EPM1270F256C5N' AS part_number, COALESCE((SELECT SUM(sale_quantity*actual_selling_price) FROM sales_orders WHERE part_number={{part_number}} AND strftime('%Y', sale_date)={{year}}), 0) AS total_sales, COALESCE((SELECT SUM(purchase_quantity*actual_unit_cost) FROM purchase_orders WHERE part_number={{part_number}} AND strftime('%Y', purchase_date)={{year}}), 0) AS total_purchase, COALESCE((SELECT SUM(sale_quantity*actual_selling_price) FROM sales_orders WHERE part_number={{part_number}} AND strftime('%Y', sale_date)={{year}}), 0) - COALESCE((SELECT SUM(purchase_quantity*actual_unit_cost) FROM purchase_orders WHERE part_number={{part_number}} AND strftime('%Y', purchase_date)={{year}}), 0) AS profit;","part_number, year",3,"2023년 EPM1270F256C5N의 총매출, 총매입, 순이익(흑자/적자)은?"
PAT_75dfda933b15,"SELECT 'CY7C1460AV25-167BZCT' AS part_number, SUM(purchase_quantity) AS total_qty, SUM(purchase_quantity*actual_unit_cost) AS total_amount FROM purchase_orders WHERE part_number={{part_number}} AND strftime('%Y', purchase_date)={{year}};","part_number, year",3,2023년 CY7C1460AV25-167BZCT의 총 구매 수량과 구매 금액은?
PAT_75e12afb49be,"SELECT 'VZH101M1HTR-0810' AS part_number, SUM(sale_quantity) AS total_qty, SUM(sale_quantity*actual_selling_price) AS total_amount FROM sales_orders WHERE part_number={{part_number}} AND strftime('%Y', sale_date)={{year}};","part_number, year",3,2023년 VZH101M1HTR-0810의 총 판매 수량과 판매 금액은?
PAT_760e6a59a896,"SELECT 'BCM5228BA4KPBG' AS part_number, SUM(purchase_quantity) AS total_qty, SUM(purchase_quantity*actual_unit_cost) AS total_amount FROM purchase_orders WHERE part_number={{part_number}} AND strftime('%Y', purchase_date)={{year}};","part_number, year",3,2023년 BCM5228BA4KPBG의 총 구매 수량과 구매 금액은?
PAT_765feac89ff0,"SELECT 'EP4CGX50CF23I7N' AS part_number, SUM(sale_quantity) AS total_qty, SUM(sale_quantity*actual_selling_price) AS total_amount FROM sales_orders WHERE part_number={{part_number}} AND strftime('%Y', sale_date)={{year}};","part_number, year",3,2023년 EP4CGX50CF23I7N의 총 판매 수량과 판매 금액은?
PAT_766fd80ae6d1,"SELECT 'ADS62C15IRGCT' AS part_number, SUM(sale_quantity) AS total_qty, SUM(sale_quantity*actual_selling_price) AS total_amount FROM sales_orders WHERE part_number={{part_number}} AND strftime('%Y', sale_date)={{year}};","part_number, year",3,2023년 ADS62C15IRGCT의 총 판매 수량과 판매 금액은?
PAT_76c77fec2797,"SELECT 'BCM7019ZKFEB03G' AS part_number, SUM(purchase_quantity) AS total_qty, SUM(purchase_quantity*actual_unit_cost) AS total_amount FROM purchase_orders WHERE part_number={{part_number}} AND strftime('%Y', purchase_date)={{year}};","part_number, year",3,2023년 BCM7019ZKFEB03G의 총 구매 수량과 구매 금액은?
PAT_77bdd3fdd74c,"SELECT 'BCM5709SC0KPBG' AS part_number, COALESCE((SELECT SUM(sale_quantity*actual_selling_price) FROM sales_orders WHERE part_number={{part_number}} AND strftime('%Y', sale_date)={{year}}), 0) AS total_sales, COALESCE((SELECT SUM(purchase_quantity*actual_unit_cost) FROM purchase_orders WHERE part_number={{part_number}} AND strftime('%Y', purchase_date)={{year}}), 0) AS total_purchase, COALESCE((SELECT SUM(sale_quantity*actual_selling_price) FROM sales_orders WHERE part_number={{part_number}} AND strftime('%Y', sale_date)={{year}}), 0) - COALESCE((SELECT SUM(purchase_quantity*actual_unit_cost) FROM purchase_orders WHERE part_number={{part_number}} AND strftime('%Y', purchase_date)={{year}}), 0) AS profit;","part_number, year",3,"2023년 BCM5709SC0KPBG의 총매출, 총매입, 순이익(흑자/적자)은?"
PAT_77e074a93e83,"SELECT 'EP2S30F484C5N' AS part_number, COALESCE((SELECT SUM(sale_quantity*actual_selling_price) FROM sales_orders WHERE part_number={{part_number}} AND strftime('%Y', sale_date)={{year}}), 0) AS total_sales, COALESCE((SELECT SUM(purchase_quantity*actual_unit_cost) FROM purchase_orders WHERE part_number={{part_number}} AND strftime('%Y', purchase_date)={{year}}), 0) AS total_purchase, COALESCE((SELECT SUM(sale_quantity*actual_selling_price) FROM sales_orders WHERE part_number={{part_number}} AND strftime('%Y', sale_date)={{year}}), 0) - COALESCE((SELECT SUM(purchase_quantity*actual_unit_cost) FROM purchase_orders WHERE part_number={{part_number}} AND strftime('%Y', purchase_date)={{year}}), 0) AS profit;","part_number, year",3,"2023년 EP2S30F484C5N의 총매출, 총매입, 순이익(흑자/적자)은?"
PAT_789932b78652,"SELECT 'DM365ZCE2I' AS part_number, SUM(purchase_quantity) AS total_qty, SUM(purchase_quantity*actual_unit_cost) AS total_amount FROM purchase_orders WHERE part_number={{part_number}} AND strftime('%Y', purchase_date)={{year}};","part_number, year",3,2023년 DM365ZCE2I의 총 구매 수량과 구매 금액은?
PAT_7915b3575598,"SELECT 'EP4CE55F29C8N' AS part_number, COALESCE((SELECT SUM(sale_quantity*actual_selling_price) FROM sales_orders WHERE part_number={{part_number}} AND strftime('%Y', sale_date)={{year}}), 0) AS total_sales, COALESCE((SELECT SUM(purchase_quantity*actual_unit_cost) FROM purchase_orders WHERE part_number={{part_number}} AND strftime('%Y', purchase_date)={{year}}), 0) AS total_purchase, COALESCE((SELECT SUM(sale_quantity*actual_selling_price) FROM sales_orders WHERE part_number={{part_number}} AND strftime('%Y', sale_date)={{year}}), 0) - COALESCE((SELECT SUM(purchase_quantity*actual_unit_cost) FROM purchase_orders WHERE part_number={{part_number}} AND strftime('%Y', purchase_date)={{year}}), 0) AS profit;","part_number, year",3,"2023년 EP4CE55F29C8N의 총매출, 총매입, 순이익(흑자/적자)은?"
PAT_792f8f861696,"SELECT m.name AS manufacturer_name, SUM(p.purchase_quantity*p.actual_unit_cost) AS total_amount FROM purchase_orders p JOIN manufacturers m ON p.manufacturer_id=m.manufacturer_id WHERE strftime('%Y', p.purchase_date)='2023' AND strftime('%m', p.purchase_date)='10' GROUP BY m.name ORDER BY total_amount DESC LIMIT 10;",,1,2023년 10월 제조사별 구매 금액 TOP 10은?
PAT_79aadd8ef631,"SELECT 'CN5230C-600BG729-SCP-Y' AS part_number, COALESCE((SELECT SUM(sale_quantity*actual_selling_price) FROM sales_orders WHERE part_number={{part_number}} AND strftime('%Y', sale_date)={{year}}), 0) AS total_sales, COALESCE((SELECT SUM(purchase_quantity*actual_unit_cost) FROM purchase_orders WHERE part_number={{part_number}} AND strftime('%Y', purchase_date)={{year}}), 0) AS total_purchase, COALESCE((SELECT SUM(sale_quantity*actual_selling_price) FROM sales_orders WHERE part_number={{part_number}} AND strftime('%Y', sale_date)={{year}}), 0) - COALESCE((SELECT SUM(purchase_quantity*actual_unit_cost) FROM purchase_orders WHERE part_number={{part_number}} AND strftime('%Y', purchase_date)={{year}}), 0) AS profit;","part_number, year",3,"2023년 CN5230C-600BG729-SCP-Y의 총매출, 총매입, 순이익(흑자/적자)은?"
PAT_7a1a2694350f,"SELECT 'AG64BB1N' AS part_number, SUM(purchase_quantity) AS total_qty, SUM(purchase_quantity*actual_unit_cost) AS total_amount FROM purchase_orders WHERE part_number={{part_number}} AND strftime('%Y', purchase_date)={{year}};","part_number, year",3,2023년 AG64BB1N의 총 구매 수량과 구매 금액은?
PAT_7a9bf1c3a351,"SELECT 'EP2AGX65DF29I5N' AS part_number, SUM(sale_quantity) AS total_qty, SUM(sale_quantity*actual_selling_price) AS total_amount FROM sales_orders WHERE part_number={{part_number}} AND strftime('%Y', sale_date)={{year}};","part_number, year",3,2023년 EP2AGX65DF29I5N의 총 판매 수량과 판매 금액은?
PAT_7abc225166d7,"SELECT 'ADS5409IZAY' AS part_number, COALESCE((SELECT SUM(sale_quantity*actual_selling_price) FROM sales_orders WHERE part_number={{part_number}} AND strftime('%Y', sale_date)={{year}}), 0) AS total_sales, COALESCE((SELECT SUM(purchase_quantity*actual_unit_cost) FROM purchase_orders WHERE part_number={{part_number}} AND strftime('%Y', purchase_date)={{year}}), 0) AS total_purchase, COALESCE((SELECT SUM(sale_quantity*actual_selling_price) FROM sales_orders WHERE part_number={{part_number}} AND strftime('%Y', sale_date)={{year}}), 0) - COALESCE((SELECT SUM(purchase_quantity*actual_unit_cost) FROM purchase_orders WHERE part_number={{part_number}} AND strftime('%Y', purchase_date)={{year}}), 0) AS profit;","part_number, year",3,"2023년 ADS5409IZAY의 총매출, 총매입, 순이익(흑자/적자)은?"
PAT_7aea0bc11e04,"SELECT 'AG64EB1N' AS part_number, COALESCE((SELECT SUM(sale_quantity*actual_selling_price) FROM sales_orders WHERE part_number={{part_number}} AND strftime('%Y', sale_date)={{year}}), 0) AS total_sales, COALESCE((SELECT SUM(purchase_quantity*actual_unit_cost) FROM purchase_orders WHERE part_number={{part_number}} AND strftime('%Y', purchase_date)={{year}}), 0) AS total_purchase, COALESCE((SELECT SUM(sale_quantity*actual_selling_price) FROM sales_orders WHERE part_number={{part_number}} AND strftime('%Y', sale_date)={{year}}), 0) - COALESCE((SELECT SUM(purchase_quantity*actual_unit_cost) FROM purchase_orders WHERE part_number={{part_number}} AND strftime('%Y', purchase_date)={{year}}), 0) AS profit;","part_number, year",3,"2023년 AG64EB1N의 총매출, 총매입, 순이익(흑자/적자)은?"
PAT_7b14e8fd6ce9,"SELECT m.name AS manufacturer_name, SUM(p.purchase_quantity*p.actual_unit_cost) AS total_amount FROM purchase_orders p JOIN manufacturers m ON p.manufacturer_id=m.manufacturer_id WHERE strftime('%Y', p.purchase_date)='2023' AND strftime('%m', p.purchase_date)='04' GROUP BY m.name ORDER BY total_amount DESC LIMIT 10;",,1,2023년 04월 제조사별 구매 금액 TOP 10은?
PAT_7b19cf1cefce,"SELECT m.name AS manufacturer_name, SUM(p.purchase_quantity*p.actual_unit_cost) AS total_amount FROM purchase_orders p JOIN manufacturers m ON p.manufacturer_id=m.manufacturer_id WHERE strftime('%Y', p.purchase_date)='2023' AND strftime('%m', p.purchase_date)='12' GROUP BY m.name ORDER BY total_amount DESC LIMIT 10;",,1,2023년 12월 제조사별 구매 금액 TOP 10은?
PAT_7b56a908ed03,"SELECT 'BCM5482A1KFBG' AS part_number, SUM(purchase_quantity) AS total_qty, SUM(purchase_quantity*actual_unit_cost) AS total_amount FROM purchase_orders WHERE part_number={{part_number}} AND strftime('%Y', purchase_date)={{year}};","part_number, year",3,2023년 BCM5482A1KFBG의 총 구매 수량과 구매 금액은?
PAT_7b7674be8a5a,"SELECT 'AD9974BBCZ' AS part_number, SUM(purchase_quantity) AS total_qty, SUM(purchase_quantity*actual_unit_cost) AS total_amount FROM purchase_orders WHERE part_number={{part_number}} AND strftime('%Y', purchase_date)={{year}};","part_number, year",3,2023년 AD9974BBCZ의 총 구매 수량과 구매 금액은?
PAT_7b7fbf4bc299,"SELECT 'BCM74371CUKFEBA1G' AS part_number, SUM(sale_quantity) AS total_qty, SUM(sale_quantity*actual_selling_price) AS total_amount FROM sales_orders WHERE part_number={{part_number}} AND strftime('%Y', sale_date)={{year}};","part_number, year",3,2023년 BCM74371CUKFEBA1G의 총 판매 수량과 판매 금액은?
PAT_7b8a581c3f07,"SELECT 'DS34T108GN' AS part_number, SUM(purchase_quantity) AS total_qty, SUM(purchase_quantity*actual_unit_cost) AS total_amount FROM purchase_orders WHERE part_number={{part_number}} AND strftime('%Y', purchase_date)={{year}};","part_number, year",3,2023년 DS34T108GN의 총 구매 수량과 구매 금액은?
PAT_7b9cb83d96cf,"SELECT 'BCM21000A3KPB' AS part_number, COALESCE((SELECT SUM(sale_quantity*actual_selling_price) FROM sales_orders WHERE part_number={{part_number}} AND strftime('%Y', sale_date)={{year}}), 0) AS total_sales, COALESCE((SELECT SUM(purchase_quantity*actual_unit_cost) FROM purchase_orders WHERE part_number={{part_number}} AND strftime('%Y', purchase_date)={{year}}), 0) AS total_purchase, COALESCE((SELECT SUM(sale_quantity*actual_selling_price) FROM sales_orders WHERE part_number={{part_number}} AND strftime('%Y', sale_date)={{year}}), 0) - COALESCE((SELECT SUM(purchase_quantity*actual_unit_cost) FROM purchase_orders WHERE part_number={{part_number}} AND strftime('%Y', purchase_date)={{year}}), 0) AS profit;","part_number, year",3,"2023년 BCM21000A3KPB의 총매출, 총매입, 순이익(흑자/적자)은?"
PAT_7c5682d76713,"SELECT 'AC82GL40-SLGGM' AS part_number, SUM(sale_quantity) AS total_qty, SUM(sale_quantity*actual_selling_price) AS total_amount FROM sales_orders WHERE part_number={{part_number}} AND strftime('%Y', sale_date)={{year}};","part_number, year",3,2023년 AC82GL40-SLGGM의 총 판매 수량과 판매 금액은?
PAT_7cd193825d71,"SELECT 'EPC16UI88' AS part_number, SUM(purchase_quantity) AS total_qty, SUM(purchase_quantity*actual_unit_cost) AS total_amount FROM purchase_orders WHERE part_number={{part_number}} AND strftime('%Y', purchase_date)={{year}};","part_number, year",3,2023년 EPC16UI88의 총 구매 수량과 구매 금액은?
PAT_7d0b02f3a3f0,"SELECT 'BCM5482SA1KFB' AS part_number, COALESCE((SELECT SUM(sale_quantity*actual_selling_price) FROM sales_orders WHERE part_number={{part_number}} AND strftime('%Y', sale_date)={{year}}), 0) AS total_sales, COALESCE((SELECT SUM(purchase_quantity*actual_unit_cost) FROM purchase_orders WHERE part_number={{part_number}} AND strftime('%Y', purchase_date)={{year}}), 0) AS total_purchase, COALESCE((SELECT SUM(sale_quantity*actual_selling_price) FROM sales_orders WHERE part_number={{part_number}} AND strftime('%Y', sale_date)={{year}}), 0) - COALESCE((SELECT SUM(purchase_quantity*actual_unit_cost) FROM purchase_orders WHERE part_number={{part_number}} AND strftime('%Y', purchase_date)={{year}}), 0) AS profit;","part_number, year",3,"2023년 BCM5482SA1KFB의 총매출, 총매입, 순이익(흑자/적자)은?"
PAT_7d1cfdd4e7ef,"SELECT 'EP1S40F1020C6' AS part_number, SUM(sale_quantity) AS total_qty, SUM(sale_quantity*actual_selling_price) AS total_amount FROM sales_orders WHERE part_number={{part_number}} AND strftime('%Y', sale_date)={{year}};","part_number, year",3,2023년 EP1S40F1020C6의 총 판매 수량과 판매 금액은?
PAT_7d6badf5ba7a,"SELECT 'NLC565050T-1R0K-PF' AS part_number, SUM(purchase_quantity) AS total_qty, SUM(purchase_quantity*actual_unit_cost) AS total_amount FROM purchase_orders WHERE part_number={{part_number}} AND strftime('%Y', purchase_date)={{year}};","part_number, year",3,2023년 NLC565050T-1R0K-PF의 총 구매 수량과 구매 금액은?
PAT_7db0a0786917,"SELECT 'EP1K50FC256-1' AS part_number, SUM(sale_quantity) AS total_qty, SUM(sale_quantity*actual_selling_price) AS total_amount FROM sales_orders WHERE part_number={{part_number}} AND strftime('%Y', sale_date)={{year}};","part_number, year",3,2023년 EP1K50FC256-1의 총 판매 수량과 판매 금액은?
PAT_7dbd51bb38bd,"SELECT 'EM6AA320BI-5MS' AS part_number, COALESCE((SELECT SUM(sale_quantity*actual_selling_price) FROM sales_orders WHERE part_number={{part_number}} AND strftime('%Y', sale_date)={{year}}), 0) AS total_sales, COALESCE((SELECT SUM(purchase_quantity*actual_unit_cost) FROM purchase_orders WHERE part_number={{part_number}} AND strftime('%Y', purchase_date)={{year}}), 0) AS total_purchase, COALESCE((SELECT SUM(sale_quantity*actual_selling_price) FROM sales_orders WHERE part_number={{part_number}} AND strftime('%Y', sale_date)={{year}}), 0) - COALESCE((SELECT SUM(purchase_quantity*actual_unit_cost) FROM purchase_orders WHERE part_number={{part_number}} AND strftime('%Y', purchase_date)={{year}}), 0) AS profit;","part_number, year",3,"2023년 EM6AA320BI-5MS의 총매출, 총매입, 순이익(흑자/적자)은?"
PAT_7de922d40bdb,"SELECT 'DS34T108GN' AS part_number, COALESCE((SELECT SUM(sale_quantity*actual_selling_price) FROM sales_orders WHERE part_number={{part_number}} AND strftime('%Y', sale_date)={{year}}), 0) AS total_sales, COALESCE((SELECT SUM(purchase_quantity*actual_unit_cost) FROM purchase_orders WHERE part_number={{part_number}} AND strftime('%Y', purchase_date)={{year}}), 0) AS total_purchase, COALESCE((SELECT SUM(sale_quantity*actual_selling_price) FROM sales_orders WHERE part_number={{part_number}} AND strftime('%Y', sale_date)={{year}}), 0) - COALESCE((SELECT SUM(purchase_quantity*actual_unit_cost) FROM purchase_orders WHERE part_number={{part_number}} AND strftime('%Y', purchase_date)={{year}}), 0) AS profit;","part_number, year",3,"2023년 DS34T108GN의 총매출, 총매입, 순이익(흑자/적자)은?"
PAT_7e736c2fd5c1,"SELECT strftime('%Y-%m', purchase_date) AS month, SUM(purchase_quantity) AS total_qty FROM purchase_orders WHERE part_number={{part_number}} AND strftime('%Y', purchase_date)={{year}} GROUP BY month ORDER BY month;","part_number, year",792,10AX115H3F34E2SG의 2023년 월별 구매 수량 히스토리는?
PAT_7e90b8af0eb7,"SELECT 'ADSP-21MOD980N-000' AS part_number, SUM(sale_quantity) AS total_qty, SUM(sale_quantity*actual_selling_price) AS total_amount FROM sales_orders WHERE part_number={{part_number}} AND strftime('%Y', sale_date)={{year}};","part_number, year",3,2023년 ADSP-21MOD980N-000의 총 판매 수량과 판매 금액은?
PAT_7e975ba9d2c4,"SELECT 'EP2C8F256I8N' AS part_number, SUM(sale_quantity) AS total_qty, SUM(sale_quantity*actual_selling_price) AS total_amount FROM sales_orders WHERE part_number={{part_number}} AND strftime('%Y', sale_date)={{year}};","part_number, year",3,2023년 EP2C8F256I8N의 총 판매 수량과 판매 금액은?
PAT_7ecbed4e6a6a,"SELECT 'BCM5389IFB' AS part_number, SUM(sale_quantity) AS total_qty, SUM(sale_quantity*actual_selling_price) AS total_amount FROM sales_orders WHERE part_number={{part_number}} AND strftime('%Y', sale_date)={{year}};","part_number, year",3,2023년 BCM5389IFB의 총 판매 수량과 판매 금액은?
PAT_7f1c51f9eb48,"SELECT '216TQA6AVA12FG' AS part_number, SUM(purchase_quantity) AS total_qty, SUM(purchase_quantity*actual_unit_cost) AS total_amount FROM purchase_orders WHERE part_number={{part_number}} AND strftime('%Y', purchase_date)={{year}};","part_number, year",3,2023년 216TQA6AVA12FG의 총 구매 수량과 구매 금액은?
PAT_7f43696945d1,"SELECT 'NLC565050T-1R0K-PF' AS part_number, SUM(sale_quantity) AS total_qty, SUM(sale_quantity*actual_selling_price) AS total_amount FROM sales_orders WHERE part_number={{part_number}} AND strftime('%Y', sale_date)={{year}};","part_number, year",3,2023년 NLC565050T-1R0K-PF의 총 판매 수량과 판매 금액은?
PAT_7f527871ecbe,"SELECT 'EN2011-A1' AS part_number, SUM(sale_quantity) AS total_qty, SUM(sale_quantity*actual_selling_price) AS total_amount FROM sales_orders WHERE part_number={{part_number}} AND strftime('%Y', sale_date)={{year}};","part_number, year",3,2023년 EN2011-A1의 총 판매 수량과 판매 금액은?
PAT_7fbbc5bd79b5,"SELECT 'AT91FR40162SB-CI' AS part_number, SUM(purchase_quantity) AS total_qty, SUM(purchase_quantity*actual_unit_cost) AS total_amount FROM purchase_orders WHERE part_number={{part_number}} AND strftime('%Y', purchase_date)={{year}};","part_number, year",3,2023년 AT91FR40162SB-CI의 총 구매 수량과 구매 금액은?
PAT_7fd2568eae83,"SELECT 'ATMEGA88PB-MN' AS part_number, SUM(purchase_quantity) AS total_qty, SUM(purchase_quantity*actual_unit_cost) AS total_amount FROM purchase_orders WHERE part_number={{part_number}} AND strftime('%Y', purchase_date)={{year}};","part_number, year",3,2023년 ATMEGA88PB-MN의 총 구매 수량과 구매 금액은?
PAT_80bf4a176bc0,"SELECT 'EP1C6F256C6N' AS part_number, SUM(sale_quantity) AS total_qty, SUM(sale_quantity*actual_selling_price) AS total_amount FROM sales_orders WHERE part_number={{part_number}} AND strftime('%Y', sale_date)={{year}};","part_number, year",3,2023년 EP1C6F256C6N의 총 판매 수량과 판매 금액은?
PAT_80d4356a96cb,"SELECT 'EP1S10F672I7' AS part_number, COALESCE((SELECT SUM(sale_quantity*actual_selling_price) FROM sales_orders WHERE part_number={{part_number}} AND strftime('%Y', sale_date)={{year}}), 0) AS total_sales, COALESCE((SELECT SUM(purchase_quantity*actual_unit_cost) FROM purchase_orders WHERE part_number={{part_number}} AND strftime('%Y', purchase_date)={{year}}), 0) AS total_purchase, COALESCE((SELECT SUM(sale_quantity*actual_selling_price) FROM sales_orders WHERE part_number={{part_number}} AND strftime('%Y', sale_date)={{year}}), 0) - COALESCE((SELECT SUM(purchase_quantity*actual_unit_cost) FROM purchase_orders WHERE part_number={{part_number}} AND strftime('%Y', purchase_date)={{year}}), 0) AS profit;","part_number, year",3,"2023년 EP1S10F672I7의 총매출, 총매입, 순이익(흑자/적자)은?"
PAT_80e2d3daf59f,"SELECT '88E1322-A0-BAM2C000' AS part_number, COALESCE((SELECT SUM(sale_quantity*actual_selling_price) FROM sales_orders WHERE part_number={{part_number}} AND strftime('%Y', sale_date)={{year}}), 0) AS total_sales, COALESCE((SELECT SUM(purchase_quantity*actual_unit_cost) FROM purchase_orders WHERE part_number={{part_number}} AND strftime('%Y', purchase_date)={{year}}), 0) AS total_purchase, COALESCE((SELECT SUM(sale_quantity*actual_selling_price) FROM sales_orders WHERE part_number={{part_number}} AND strftime('%Y', sale_date)={{year}}), 0) - COALESCE((SELECT SUM(purchase_quantity*actual_unit_cost) FROM purchase_orders WHERE part_number={{part_number}} AND strftime('%Y', purchase_date)={{year}}), 0) AS profit;","part_number, year",3,"2023년 88E1322-A0-BAM2C000의 총매출, 총매입, 순이익(흑자/적자)은?"
PAT_81471971d860,"SELECT 'EP2C50F672C8N' AS part_number, COALESCE((SELECT SUM(sale_quantity*actual_selling_price) FROM sales_orders WHERE part_number={{part_number}} AND strftime('%Y', sale_date)={{year}}), 0) AS total_sales, COALESCE((SELECT SUM(purchase_quantity*actual_unit_cost) FROM purchase_orders WHERE part_number={{part_number}} AND strftime('%Y', purchase_date)={{year}}), 0) AS total_purchase, COALESCE((SELECT SUM(sale_quantity*actual_selling_price) FROM sales_orders WHERE part_number={{part_number}} AND strftime('%Y', sale_date)={{year}}), 0) - COALESCE((SELECT SUM(purchase_quantity*actual_unit_cost) FROM purchase_orders WHERE part_number={{part_number}} AND strftime('%Y', purchase_date)={{year}}), 0) AS profit;","part_number, year",3,"2023년 EP2C50F672C8N의 총매출, 총매입, 순이익(흑자/적자)은?"
PAT_8221761bf149,"SELECT 'EN2210-BG1' AS part_number, SUM(sale_quantity) AS total_qty, SUM(sale_quantity*actual_selling_price) AS total_amount FROM sales_orders WHERE part_number={{part_number}} AND strftime('%Y', sale_date)={{year}};","part_number, year",3,2023년 EN2210-BG1의 총 판매 수량과 판매 금액은?
PAT_829552c0db06,"SELECT 'EP1S10F780C7N' AS part_number, SUM(purchase_quantity) AS total_qty, SUM(purchase_quantity*actual_unit_cost) AS total_amount FROM purchase_orders WHERE part_number={{part_number}} AND strftime('%Y', purchase_date)={{year}};","part_number, year",3,2023년 EP1S10F780C7N의 총 구매 수량과 구매 금액은?
PAT_83006f31aaa3,"SELECT 'AM29LV800BB-120WBC' AS part_number, SUM(sale_quantity) AS total_qty, SUM(sale_quantity*actual_selling_price) AS total_amount FROM sales_orders WHERE part_number={{part_number}} AND strftime('%Y', sale_date)={{year}};","part_number, year",3,2023년 AM29LV800BB-120WBC의 총 판매 수량과 판매 금액은?
PAT_832b0d1dfd8e,"SELECT 'AGS756KCA-050B-PFF-T' AS part_number, COALESCE((SELECT SUM(sale_quantity*actual_selling_price) FROM sales_orders WHERE part_number={{part_number}} AND strftime('%Y', sale_date)={{year}}), 0) AS total_sales, COALESCE((SELECT SUM(purchase_quantity*actual_unit_cost) FROM purchase_orders WHERE part_number={{part_number}} AND strftime('%Y', purchase_date)={{year}}), 0) AS total_purchase, COALESCE((SELECT SUM(sale_quantity*actual_selling_price) FROM sales_orders WHERE part_number={{part_number}} AND strftime('%Y', sale_date)={{year}}), 0) - COALESCE((SELECT SUM(purchase_quantity*actual_unit_cost) FROM purchase_orders WHERE part_number={{part_number}} AND strftime('%Y', purchase_date)={{year}}), 0) AS profit;","part_number, year",3,"2023년 AGS756KCA-050B-PFF-T의 총매출, 총매입, 순이익(흑자/적자)은?"
PAT_83416ffa12b3,"SELECT 'EP2S30F484C5N' AS part_number, SUM(sale_quantity) AS total_qty, SUM(sale_quantity*actual_selling_price) AS total_amount FROM sales_orders WHERE part_number={{part_number}} AND strftime('%Y', sale_date)={{year}};","part_number, year",3,2023년 EP2S30F484C5N의 총 판매 수량과 판매 금액은?
PAT_839d321511a6,"SELECT '75K62100S83RX' AS part_number, SUM(purchase_quantity) AS total_qty, SUM(purchase_quantity*actual_unit_cost) AS total_amount FROM purchase_orders WHERE part_number={{part_number}} AND strftime('%Y', purchase_date)={{year}};","part_number, year",3,2023년 75K62100S83RX의 총 구매 수량과 구매 금액은?
PAT_848512b94b03,"SELECT 'TLF50201EL' AS part_number, SUM(purchase_quantity) AS total_qty, SUM(purchase_quantity*actual_unit_cost) AS total_amount FROM purchase_orders WHERE part_number={{part_number}} AND strftime('%Y', purchase_date)={{year}};","part_number, year",3,2023년 TLF50201EL의 총 구매 수량과 구매 금액은?
PAT_8493aff0e850,"SELECT 'EP20K60EFC324-1' AS part_number, SUM(sale_quantity) AS total_qty, SUM(sale_quantity*actual_selling_price) AS total_amount FROM sales_orders WHERE part_number={{part_number}} AND strftime('%Y', sale_date)={{year}};","part_number, year",3,2023년 EP20K60EFC324-1의 총 판매 수량과 판매 금액은?
PAT_84e1d98a23fd,"SELECT m.manufacturer_id, m.name AS manufacturer_name, SUM(p.purchase_quantity) AS total_qty, SUM(p.purchase_quantity*p.actual_unit_cost) AS total_amount FROM purchase_orders p JOIN manufacturers m ON p.manufacturer_id=m.manufacturer_id WHERE p.manufacturer_id={{manufacturer_id}} AND strftime('%Y', p.purchase_date)='2025' GROUP BY m.manufacturer_id, m.name;",manufacturer_id,69,2025년 제조사 1의 총 구매 수량과 구매 금액은?
PAT_856d1bb8dbba,"SELECT 'EP20K200EBC356-1' AS part_number, SUM(sale_quantity) AS total_qty, SUM(sale_quantity*actual_selling_price) AS total_amount FROM sales_orders WHERE part_number={{part_number}} AND strftime('%Y', sale_date)={{year}};","part_number, year",3,2023년 EP20K200EBC356-1의 총 판매 수량과 판매 금액은?
PAT_858842889c9a,"SELECT 'FW21555BB' AS part_number, COALESCE((SELECT SUM(sale_quantity*actual_selling_price) FROM sales_orders WHERE part_number={{part_number}} AND strftime('%Y', sale_date)={{year}}), 0) AS total_sales, COALESCE((SELECT SUM(purchase_quantity*actual_unit_cost) FROM purchase_orders WHERE part_number={{part_number}} AND strftime('%Y', purchase_date)={{year}}), 0) AS total_purchase, COALESCE((SELECT SUM(sale_quantity*actual_selling_price) FROM sales_orders WHERE part_number={{part_number}} AND strftime('%Y', sale_date)={{year}}), 0) - COALESCE((SELECT SUM(purchase_quantity*actual_unit_cost) FROM purchase_orders WHERE part_number={{part_number}} AND strftime('%Y', purchase_date)={{year}}), 0) AS profit;","part_number, year",3,"2023년 FW21555BB의 총매출, 총매입, 순이익(흑자/적자)은?"
PAT_858b5bcb610a,"SELECT 'EP2C50F672C8N' AS part_number, SUM(sale_quantity) AS total_qty, SUM(sale_quantity*actual_selling_price) AS total_amount FROM sales_orders WHERE part_number={{part_number}} AND strftime('%Y', sale_date)={{year}};","part_number, year",3,2023년 EP2C50F672C8N의 총 판매 수량과 판매 금액은?
PAT_85bee071ef2d,"SELECT 'EP1C6F256C6N' AS part_number, COALESCE((SELECT SUM(sale_quantity*actual_selling_price) FROM sales_orders WHERE part_number={{part_number}} AND strftime('%Y', sale_date)={{year}}), 0) AS total_sales, COALESCE((SELECT SUM(purchase_quantity*actual_unit_cost) FROM purchase_orders WHERE part_number={{part_number}} AND strftime('%Y', purchase_date)={{year}}), 0) AS total_purchase, COALESCE((SELECT SUM(sale_quantity*actual_selling_price) FROM sales_orders WHERE part_number={{part_number}} AND strftime('%Y', sale_date)={{year}}), 0) - COALESCE((SELECT SUM(purchase_quantity*actual_unit_cost) FROM purchase_orders WHERE part_number={{part_number}} AND strftime('%Y', purchase_date)={{year}}), 0) AS profit;","part_number, year",3,"2023년 EP1C6F256C6N의 총매출, 총매입, 순이익(흑자/적자)은?"
PAT_85d51580508d,"SELECT 'CN5020-400BG564-SCP' AS part_number, SUM(purchase_quantity) AS total_qty, SUM(purchase_quantity*actual_unit_cost) AS total_amount FROM purchase_orders WHERE part_number={{part_number}} AND strftime('%Y', purchase_date)={{year}};","part_number, year",3,2023년 CN5020-400BG564-SCP의 총 구매 수량과 구매 금액은?
PAT_85e9c6417bab,"SELECT 'EP2C70F896C8' AS part_number, COALESCE((SELECT SUM(sale_quantity*actual_selling_price) FROM sales_orders WHERE part_number={{part_number}} AND strftime('%Y', sale_date)={{year}}), 0) AS total_sales, COALESCE((SELECT SUM(purchase_quantity*actual_unit_cost) FROM purchase_orders WHERE part_number={{part_number}} AND strftime('%Y', purchase_date)={{year}}), 0) AS total_purchase, COALESCE((SELECT SUM(sale_quantity*actual_selling_price) FROM sales_orders WHERE part_number={{part_number}} AND strftime('%Y', sale_date)={{year}}), 0) - COALESCE((SELECT SUM(purchase_quantity*actual_unit_cost) FROM purchase_orders WHERE part_number={{part_number}} AND strftime('%Y', purchase_date)={{year}}), 0) AS profit;","part_number, year",3,"2023년 EP2C70F896C8의 총매출, 총매입, 순이익(흑자/적자)은?"
PAT_8612a89b1019,"SELECT 'EPC16UC88' AS part_number, SUM(purchase_quantity) AS total_qty, SUM(purchase_quantity*actual_unit_cost) AS total_amount FROM purchase_orders WHERE part_number={{part_number}} AND strftime('%Y', purchase_date)={{year}};","part_number, year",3,2023년 EPC16UC88의 총 구매 수량과 구매 금액은?
PAT_86e45c0323aa,"SELECT 'EP1S10F672I7' AS part_number, SUM(purchase_quantity) AS total_qty, SUM(purchase_quantity*actual_unit_cost) AS total_amount FROM purchase_orders WHERE part_number={{part_number}} AND strftime('%Y', purchase_date)={{year}};","part_number, year",3,2023년 EP1S10F672I7의 총 구매 수량과 구매 금액은?
PAT_86fde8eef8ee,"SELECT 'BCM7019ZKFEB03G' AS part_number, COALESCE((SELECT SUM(sale_quantity*actual_selling_price) FROM sales_orders WHERE part_number={{part_number}} AND strftime('%Y', sale_date)={{year}}), 0) AS total_sales, COALESCE((SELECT SUM(purchase_quantity*actual_unit_cost) FROM purchase_orders WHERE part_number={{part_number}} AND strftime('%Y', purchase_date)={{year}}), 0) AS total_purchase, COALESCE((SELECT SUM(sale_quantity*actual_selling_price) FROM sales_orders WHERE part_number={{part_number}} AND strftime('%Y', sale_date)={{year}}), 0) - COALESCE((SELECT SUM(purchase_quantity*actual_unit_cost) FROM purchase_orders WHERE part_number={{part_number}} AND strftime('%Y', purchase_date)={{year}}), 0) AS profit;","part_number, year",3,"2023년 BCM7019ZKFEB03G의 총매출, 총매입, 순이익(흑자/적자)은?"
PAT_870d7366c23c,"SELECT 'TLT9255WLC' AS part_number, SUM(purchase_quantity) AS total_qty, SUM(purchase_quantity*actual_unit_cost) AS total_amount FROM purchase_orders WHERE part_number={{part_number}} AND strftime('%Y', purchase_date)={{year}};","part_number, year",3,2023년 TLT9255WLC의 총 구매 수량과 구매 금액은?
PAT_87204a38102e,"SELECT 'A3P060-FGG144' AS part_number, SUM(sale_quantity) AS total_qty, SUM(sale_quantity*actual_selling_price) AS total_amount FROM sales_orders WHERE part_number={{part_number}} AND strftime('%Y', sale_date)={{year}};","part_number, year",3,2023년 A3P060-FGG144의 총 판매 수량과 판매 금액은?
PAT_8720e98cf8ae,"SELECT 'CN5020-400BG564-SCP' AS part_number, SUM(sale_quantity) AS total_qty, SUM(sale_quantity*actual_selling_price) AS total_amount FROM sales_orders WHERE part_number={{part_number}} AND strftime('%Y', sale_date)={{year}};","part_number, year",3,2023년 CN5020-400BG564-SCP의 총 판매 수량과 판매 금액은?
PAT_878da36a99c0,"SELECT 'CY62157DV30LL-55BVXI' AS part_number, COALESCE((SELECT SUM(sale_quantity*actual_selling_price) FROM sales_orders WHERE part_number={{part_number}} AND strftime('%Y', sale_date)={{year}}), 0) AS total_sales, COALESCE((SELECT SUM(purchase_quantity*actual_unit_cost) FROM purchase_orders WHERE part_number={{part_number}} AND strftime('%Y', purchase_date)={{year}}), 0) AS total_purchase, COALESCE((SELECT SUM(sale_quantity*actual_selling_price) FROM sales_orders WHERE part_number={{part_number}} AND strftime('%Y', sale_date)={{year}}), 0) - COALESCE((SELECT SUM(purchase_quantity*actual_unit_cost) FROM purchase_orders WHERE part_number={{part_number}} AND strftime('%Y', purchase_date)={{year}}), 0) AS profit;","part_number, year",3,"2023년 CY62157DV30LL-55BVXI의 총매출, 총매입, 순이익(흑자/적자)은?"
PAT_8790a1600f19,"SELECT v.vendor_name, SUM(s.sale_quantity*s.actual_selling_price) AS total_amount FROM sales_orders s JOIN vendors v ON s.vendor_id=v.vendor_id WHERE strftime('%Y', s.sale_date)='2025' AND strftime('%m', s.sale_date)='12' GROUP BY v.vendor_name ORDER BY total_amount DESC LIMIT 10;",,1,2025년 12월 벤더별 판매 금액 TOP 10은?
PAT_87db7d0805c4,"SELECT 'AT49HBV010-90TC' AS part_number, SUM(sale_quantity) AS total_qty, SUM(sale_quantity*actual_selling_price) AS total_amount FROM sales_orders WHERE part_number={{part_number}} AND strftime('%Y', sale_date)={{year}};","part_number, year",3,2023년 AT49HBV010-90TC의 총 판매 수량과 판매 금액은?
PAT_88062d617fef,"SELECT 'BCM63138DVKFSBG' AS part_number, SUM(purchase_quantity) AS total_qty, SUM(purchase_quantity*actual_unit_cost) AS total_amount FROM purchase_orders WHERE part_number={{part_number}} AND strftime('%Y', purchase_date)={{year}};","part_number, year",3,2023년 BCM63138DVKFSBG의 총 구매 수량과 구매 금액은?
PAT_8832288e6c7f,"SELECT 'ALT3800-B0' AS part_number, SUM(sale_quantity) AS total_qty, SUM(sale_quantity*actual_selling_price) AS total_amount FROM sales_orders WHERE part_number={{part_number}} AND strftime('%Y', sale_date)={{year}};","part_number, year",3,2023년 ALT3800-B0의 총 판매 수량과 판매 금액은?
PAT_88a9dbfa1ed9,"SELECT 'TLT9255WLC' AS part_number, SUM(sale_quantity) AS total_qty, SUM(sale_quantity*actual_selling_price) AS total_amount FROM sales_orders WHERE part_number={{part_number}} AND strftime('%Y', sale_date)={{year}};","part_number, year",3,2023년 TLT9255WLC의 총 판매 수량과 판매 금액은?
PAT_88c2554c80bb,"SELECT 'A3P250-2FGG144I' AS part_number, COALESCE((SELECT SUM(sale_quantity*actual_selling_price) FROM sales_orders WHERE part_number={{part_number}} AND strftime('%Y', sale_date)={{year}}), 0) AS total_sales, COALESCE((SELECT SUM(purchase_quantity*actual_unit_cost) FROM purchase_orders WHERE part_number={{part_number}} AND strftime('%Y', purchase_date)={{year}}), 0) AS total_purchase, COALESCE((SELECT SUM(sale_quantity*actual_selling_price) FROM sales_orders WHERE part_number={{part_number}} AND strftime('%Y', sale_date)={{year}}), 0) - COALESCE((SELECT SUM(purchase_quantity*actual_unit_cost) FROM purchase_orders WHERE part_number={{part_number}} AND strftime('%Y', purchase_date)={{year}}), 0) AS profit;","part_number, year",3,"2023년 A3P250-2FGG144I의 총매출, 총매입, 순이익(흑자/적자)은?"
PAT_88daa17802c6,"SELECT 'CN5010-300BG564I-CP-G' AS part_number, SUM(purchase_quantity) AS total_qty, SUM(purchase_quantity*actual_unit_cost) AS total_amount FROM purchase_orders WHERE part_number={{part_number}} AND strftime('%Y', purchase_date)={{year}};","part_number, year",3,2023년 CN5010-300BG564I-CP-G의 총 구매 수량과 구매 금액은?
PAT_88e0ce6ddaa2,"SELECT 'BSZ15DC02KDH' AS part_number, SUM(purchase_quantity) AS total_qty, SUM(purchase_quantity*actual_unit_cost) AS total_amount FROM purchase_orders WHERE part_number={{part_number}} AND strftime('%Y', purchase_date)={{year}};","part_number, year",3,2023년 BSZ15DC02KDH의 총 구매 수량과 구매 금액은?
PAT_88f555a5aea9,"SELECT 'CY37256VP256-66BBI' AS part_number, COALESCE((SELECT SUM(sale_quantity*actual_selling_price) FROM sales_orders WHERE part_number={{part_number}} AND strftime('%Y', sale_date)={{year}}), 0) AS total_sales, COALESCE((SELECT SUM(purchase_quantity*actual_unit_cost) FROM purchase_orders WHERE part_number={{part_number}} AND strftime('%Y', purchase_date)={{year}}), 0) AS total_purchase, COALESCE((SELECT SUM(sale_quantity*actual_selling_price) FROM sales_orders WHERE part_number={{part_number}} AND strftime('%Y', sale_date)={{year}}), 0) - COALESCE((SELECT SUM(purchase_quantity*actual_unit_cost) FROM purchase_orders WHERE part_number={{part_number}} AND strftime('%Y', purchase_date)={{year}}), 0) AS profit;","part_number, year",3,"2023년 CY37256VP256-66BBI의 총매출, 총매입, 순이익(흑자/적자)은?"
PAT_89464a82c840,"SELECT 'A3P060-FGG144' AS part_number, COALESCE((SELECT SUM(sale_quantity*actual_selling_price) FROM sales_orders WHERE part_number={{part_number}} AND strftime('%Y', sale_date)={{year}}), 0) AS total_sales, COALESCE((SELECT SUM(purchase_quantity*actual_unit_cost) FROM purchase_orders WHERE part_number={{part_number}} AND strftime('%Y', purchase_date)={{year}}), 0) AS total_purchase, COALESCE((SELECT SUM(sale_quantity*actual_selling_price) FROM sales_orders WHERE part_number={{part_number}} AND strftime('%Y', sale_date)={{year}}), 0) - COALESCE((SELECT SUM(purchase_quantity*actual_unit_cost) FROM purchase_orders WHERE part_number={{part_number}} AND strftime('%Y', purchase_date)={{year}}), 0) AS profit;","part_number, year",3,"2023년 A3P060-FGG144의 총매출, 총매입, 순이익(흑자/적자)은?"
PAT_89942edc223f,"SELECT 'Z84C3006PEC' AS part_number, SUM(purchase_quantity) AS total_qty, SUM(purchase_quantity*actual_unit_cost) AS total_amount FROM purchase_orders WHERE part_number={{part_number}} AND strftime('%Y', purchase_date)={{year}};","part_number, year",3,2023년 Z84C3006PEC의 총 구매 수량과 구매 금액은?
PAT_8995c6492f96,"SELECT 'EP3SE80F780I3N' AS part_number, COALESCE((SELECT SUM(sale_quantity*actual_selling_price) FROM sales_orders WHERE part_number={{part_number}} AND strftime('%Y', sale_date)={{year}}), 0) AS total_sales, COALESCE((SELECT SUM(purchase_quantity*actual_unit_cost) FROM purchase_orders WHERE part_number={{part_number}} AND strftime('%Y', purchase_date)={{year}}), 0) AS total_purchase, COALESCE((SELECT SUM(sale_quantity*actual_selling_price) FROM sales_orders WHERE part_number={{part_number}} AND strftime('%Y', sale_date)={{year}}), 0) - COALESCE((SELECT SUM(purchase_quantity*actual_unit_cost) FROM purchase_orders WHERE part_number={{part_number}} AND strftime('%Y', purchase_date)={{year}}), 0) AS profit;","part_number, year",3,"2023년 EP3SE80F780I3N의 총매출, 총매입, 순이익(흑자/적자)은?"
PAT_89b47be8f637,"SELECT 'EP1S25F780C7' AS part_number, COALESCE((SELECT SUM(sale_quantity*actual_selling_price) FROM sales_orders WHERE part_number={{part_number}} AND strftime('%Y', sale_date)={{year}}), 0) AS total_sales, COALESCE((SELECT SUM(purchase_quantity*actual_unit_cost) FROM purchase_orders WHERE part_number={{part_number}} AND strftime('%Y', purchase_date)={{year}}), 0) AS total_purchase, COALESCE((SELECT SUM(sale_quantity*actual_selling_price) FROM sales_orders WHERE part_number={{part_number}} AND strftime('%Y', sale_date)={{year}}), 0) - COALESCE((SELECT SUM(purchase_quantity*actual_unit_cost) FROM purchase_orders WHERE part_number={{part_number}} AND strftime('%Y', purchase_date)={{year}}), 0) AS profit;","part_number, year",3,"2023년 EP1S25F780C7의 총매출, 총매입, 순이익(흑자/적자)은?"
PAT_89cf274b0de8,"SELECT 'BCM3390ZKFSBG' AS part_number, COALESCE((SELECT SUM(sale_quantity*actual_selling_price) FROM sales_orders WHERE part_number={{part_number}} AND strftime('%Y', sale_date)={{year}}), 0) AS total_sales, COALESCE((SELECT SUM(purchase_quantity*actual_unit_cost) FROM purchase_orders WHERE part_number={{part_number}} AND strftime('%Y', purchase_date)={{year}}), 0) AS total_purchase, COALESCE((SELECT SUM(sale_quantity*actual_selling_price) FROM sales_orders WHERE part_number={{part_number}} AND strftime('%Y', sale_date)={{year}}), 0) - COALESCE((SELECT SUM(purchase_quantity*actual_unit_cost) FROM purchase_orders WHERE part_number={{part_number}} AND strftime('%Y', purchase_date)={{year}}), 0) AS profit;","part_number, year",3,"2023년 BCM3390ZKFSBG의 총매출, 총매입, 순이익(흑자/적자)은?"
PAT_8a223e703081,"SELECT 'BCM6506IFBG' AS part_number, SUM(purchase_quantity) AS total_qty, SUM(purchase_quantity*actual_unit_cost) AS total_amount FROM purchase_orders WHERE part_number={{part_number}} AND strftime('%Y', purchase_date)={{year}};","part_number, year",3,2023년 BCM6506IFBG의 총 구매 수량과 구매 금액은?
PAT_8a3c390eff63,"SELECT 'EP4CE30F29C8' AS part_number, COALESCE((SELECT SUM(sale_quantity*actual_selling_price) FROM sales_orders WHERE part_number={{part_number}} AND strftime('%Y', sale_date)={{year}}), 0) AS total_sales, COALESCE((SELECT SUM(purchase_quantity*actual_unit_cost) FROM purchase_orders WHERE part_number={{part_number}} AND strftime('%Y', purchase_date)={{year}}), 0) AS total_purchase, COALESCE((SELECT SUM(sale_quantity*actual_selling_price) FROM sales_orders WHERE part_number={{part_number}} AND strftime('%Y', sale_date)={{year}}), 0) - COALESCE((SELECT SUM(purchase_quantity*actual_unit_cost) FROM purchase_orders WHERE part_number={{part_number}} AND strftime('%Y', purchase_date)={{year}}), 0) AS profit;","part_number, year",3,"2023년 EP4CE30F29C8의 총매출, 총매입, 순이익(흑자/적자)은?"
PAT_8aa1fb648acc,"SELECT part_number, std_selling_price FROM products ORDER BY std_selling_price ASC LIMIT 1;",,1,products에서 std_selling_price 최솟값 제품은?
PAT_8ac1e250c2c8,"SELECT 'EP1S10F780C7N' AS part_number, SUM(sale_quantity) AS total_qty, SUM(sale_quantity*actual_selling_price) AS total_amount FROM sales_orders WHERE part_number={{part_number}} AND strftime('%Y', sale_date)={{year}};","part_number, year",3,2023년 EP1S10F780C7N의 총 판매 수량과 판매 금액은?
PAT_8ae29577cec4,"SELECT 'EP1C20F324C8N' AS part_number, COALESCE((SELECT SUM(sale_quantity*actual_selling_price) FROM sales_orders WHERE part_number={{part_number}} AND strftime('%Y', sale_date)={{year}}), 0) AS total_sales, COALESCE((SELECT SUM(purchase_quantity*actual_unit_cost) FROM purchase_orders WHERE part_number={{part_number}} AND strftime('%Y', purchase_date)={{year}}), 0) AS total_purchase, COALESCE((SELECT SUM(sale_quantity*actual_selling_price) FROM sales_orders WHERE part_number={{part_number}} AND strftime('%Y', sale_date)={{year}}), 0) - COALESCE((SELECT SUM(purchase_quantity*actual_unit_cost) FROM purchase_orders WHERE part_number={{part_number}} AND strftime('%Y', purchase_date)={{year}}), 0) AS profit;","part_number, year",3,"2023년 EP1C20F324C8N의 총매출, 총매입, 순이익(흑자/적자)은?"
PAT_8b02d7df0f05,"SELECT '88E1111-B2-BAB1I000' AS part_number, SUM(sale_quantity) AS total_qty, SUM(sale_quantity*actual_selling_price) AS total_amount FROM sales_orders WHERE part_number={{part_number}} AND strftime('%Y', sale_date)={{year}};","part_number, year",3,2023년 88E1111-B2-BAB1I000의 총 판매 수량과 판매 금액은?
PAT_8b0ab4398200,"SELECT 'EPF10K130EFI484-2' AS part_number, SUM(sale_quantity) AS total_qty, SUM(sale_quantity*actual_selling_price) AS total_amount FROM sales_orders WHERE part_number={{part_number}} AND strftime('%Y', sale_date)={{year}};","part_number, year",3,2023년 EPF10K130EFI484-2의 총 판매 수량과 판매 금액은?
PAT_8bf60fc98eef,"SELECT 'A1028AOF' AS part_number, SUM(sale_quantity) AS total_qty, SUM(sale_quantity*actual_selling_price) AS total_amount FROM sales_orders WHERE part_number={{part_number}} AND strftime('%Y', sale_date)={{year}};","part_number, year",3,2023년 A1028AOF의 총 판매 수량과 판매 금액은?
PAT_8c0ed1a85e3f,"SELECT 'BCM3390ZKFSBG' AS part_number, SUM(sale_quantity) AS total_qty, SUM(sale_quantity*actual_selling_price) AS total_amount FROM sales_orders WHERE part_number={{part_number}} AND strftime('%Y', sale_date)={{year}};","part_number, year",3,2023년 BCM3390ZKFSBG의 총 판매 수량과 판매 금액은?
PAT_8c4e93b63850,"SELECT 'AK7903-L' AS part_number, SUM(sale_quantity) AS total_qty, SUM(sale_quantity*actual_selling_price) AS total_amount FROM sales_orders WHERE part_number={{part_number}} AND strftime('%Y', sale_date)={{year}};","part_number, year",3,2023년 AK7903-L의 총 판매 수량과 판매 금액은?
PAT_8d2e6ec2d0c5,"SELECT 'BCM7241BRKFEBA01G' AS part_number, SUM(sale_quantity) AS total_qty, SUM(sale_quantity*actual_selling_price) AS total_amount FROM sales_orders WHERE part_number={{part_number}} AND strftime('%Y', sale_date)={{year}};","part_number, year",3,2023년 BCM7241BRKFEBA01G의 총 판매 수량과 판매 금액은?
PAT_8d494c98bcb1,"SELECT 'ADSP-21369KBPZ-3A' AS part_number, COALESCE((SELECT SUM(sale_quantity*actual_selling_price) FROM sales_orders WHERE part_number={{part_number}} AND strftime('%Y', sale_date)={{year}}), 0) AS total_sales, COALESCE((SELECT SUM(purchase_quantity*actual_unit_cost) FROM purchase_orders WHERE part_number={{part_number}} AND strftime('%Y', purchase_date)={{year}}), 0) AS total_purchase, COALESCE((SELECT SUM(sale_quantity*actual_selling_price) FROM sales_orders WHERE part_number={{part_number}} AND strftime('%Y', sale_date)={{year}}), 0) - COALESCE((SELECT SUM(purchase_quantity*actual_unit_cost) FROM purchase_orders WHERE part_number={{part_number}} AND strftime('%Y', purchase_date)={{year}}), 0) AS profit;","part_number, year",3,"2023년 ADSP-21369KBPZ-3A의 총매출, 총매입, 순이익(흑자/적자)은?"
PAT_8d9226f4b09d,"SELECT 'EP4SGX360HF35C2N' AS part_number, COALESCE((SELECT SUM(sale_quantity*actual_selling_price) FROM sales_orders WHERE part_number={{part_number}} AND strftime('%Y', sale_date)={{year}}), 0) AS total_sales, COALESCE((SELECT SUM(purchase_quantity*actual_unit_cost) FROM purchase_orders WHERE part_number={{part_number}} AND strftime('%Y', purchase_date)={{year}}), 0) AS total_purchase, COALESCE((SELECT SUM(sale_quantity*actual_selling_price) FROM sales_orders WHERE part_number={{part_number}} AND strftime('%Y', sale_date)={{year}}), 0) - COALESCE((SELECT SUM(purchase_quantity*actual_unit_cost) FROM purchase_orders WHERE part_number={{part_number}} AND strftime('%Y', purchase_date)={{year}}), 0) AS profit;","part_number, year",3,"2023년 EP4SGX360HF35C2N의 총매출, 총매입, 순이익(흑자/적자)은?"
PAT_8dd9a4b55ceb,"SELECT '64M29EWB' AS part_number, COALESCE((SELECT SUM(sale_quantity*actual_selling_price) FROM sales_orders WHERE part_number={{part_number}} AND strftime('%Y', sale_date)={{year}}), 0) AS total_sales, COALESCE((SELECT SUM(purchase_quantity*actual_unit_cost) FROM purchase_orders WHERE part_number={{part_number}} AND strftime('%Y', purchase_date)={{year}}), 0) AS total_purchase, COALESCE((SELECT SUM(sale_quantity*actual_selling_price) FROM sales_orders WHERE part_number={{part_number}} AND strftime('%Y', sale_date)={{year}}), 0) - COALESCE((SELECT SUM(purchase_quantity*actual_unit_cost) FROM purchase_orders WHERE part_number={{part_number}} AND strftime('%Y', purchase_date)={{year}}), 0) AS profit;","part_number, year",3,"2023년 64M29EWB의 총매출, 총매입, 순이익(흑자/적자)은?"
PAT_8df6055051ec,"SELECT 'CY7C1305TV25-167BZC' AS part_number, SUM(sale_quantity) AS total_qty, SUM(sale_quantity*actual_selling_price) AS total_amount FROM sales_orders WHERE part_number={{part_number}} AND strftime('%Y', sale_date)={{year}};","part_number, year",3,2023년 CY7C1305TV25-167BZC의 총 판매 수량과 판매 금액은?
PAT_8e09774dc54e,"SELECT 'BCM3361KPBG' AS part_number, SUM(purchase_quantity) AS total_qty, SUM(purchase_quantity*actual_unit_cost) AS total_amount FROM purchase_orders WHERE part_number={{part_number}} AND strftime('%Y', purchase_date)={{year}};","part_number, year",3,2023년 BCM3361KPBG의 총 구매 수량과 구매 금액은?
PAT_8e179c6fce32,"SELECT 'EP2AGX65DF29I5N' AS part_number, SUM(purchase_quantity) AS total_qty, SUM(purchase_quantity*actual_unit_cost) AS total_amount FROM purchase_orders WHERE part_number={{part_number}} AND strftime('%Y', purchase_date)={{year}};","part_number, year",3,2023년 EP2AGX65DF29I5N의 총 구매 수량과 구매 금액은?
PAT_8e2afc698208,"SELECT 'BCM8040A2KPBG' AS part_number, SUM(sale_quantity) AS total_qty, SUM(sale_quantity*actual_selling_price) AS total_amount FROM sales_orders WHERE part_number={{part_number}} AND strftime('%Y', sale_date)={{year}};","part_number, year",3,2023년 BCM8040A2KPBG의 총 판매 수량과 판매 금액은?
PAT_8e7d3e5143a9,"SELECT '680-64-SM-G10-R14-1' AS part_number, SUM(sale_quantity) AS total_qty, SUM(sale_quantity*actual_selling_price) AS total_amount FROM sales_orders WHERE part_number={{part_number}} AND strftime('%Y', sale_date)={{year}};","part_number, year",3,2023년 680-64-SM-G10-R14-1의 총 판매 수량과 판매 금액은?
PAT_8e88670f5701,"SELECT 'DM365ZCE2I' AS part_number, SUM(sale_quantity) AS total_qty, SUM(sale_quantity*actual_selling_price) AS total_amount FROM sales_orders WHERE part_number={{part_number}} AND strftime('%Y', sale_date)={{year}};","part_number, year",3,2023년 DM365ZCE2I의 총 판매 수량과 판매 금액은?
PAT_8f02be3732a5,"SELECT 'EP3C16F484C8N' AS part_number, COALESCE((SELECT SUM(sale_quantity*actual_selling_price) FROM sales_orders WHERE part_number={{part_number}} AND strftime('%Y', sale_date)={{year}}), 0) AS total_sales, COALESCE((SELECT SUM(purchase_quantity*actual_unit_cost) FROM purchase_orders WHERE part_number={{part_number}} AND strftime('%Y', purchase_date)={{year}}), 0) AS total_purchase, COALESCE((SELECT SUM(sale_quantity*actual_selling_price) FROM sales_orders WHERE part_number={{part_number}} AND strftime('%Y', sale_date)={{year}}), 0) - COALESCE((SELECT SUM(purchase_quantity*actual_unit_cost) FROM purchase_orders WHERE part_number={{part_number}} AND strftime('%Y', purchase_date)={{year}}), 0) AS profit;","part_number, year",3,"2023년 EP3C16F484C8N의 총매출, 총매입, 순이익(흑자/적자)은?"
PAT_8f1340787d20,"SELECT 'AR9132-BC1E' AS part_number, SUM(sale_quantity) AS total_qty, SUM(sale_quantity*actual_selling_price) AS total_amount FROM sales_orders WHERE part_number={{part_number}} AND strftime('%Y', sale_date)={{year}};","part_number, year",3,2023년 AR9132-BC1E의 총 판매 수량과 판매 금액은?
PAT_8f7b68d09e12,"SELECT m.name AS manufacturer_name, SUM(p.purchase_quantity*p.actual_unit_cost) AS total_amount FROM purchase_orders p JOIN manufacturers m ON p.manufacturer_id=m.manufacturer_id WHERE strftime('%Y', p.purchase_date)='2023' AND strftime('%m', p.purchase_date)='09' GROUP BY m.name ORDER BY total_amount DESC LIMIT 10;",,1,2023년 09월 제조사별 구매 금액 TOP 10은?
PAT_8f8fdd2304fc,"SELECT 'DS3641B+' AS part_number, SUM(purchase_quantity) AS total_qty, SUM(purchase_quantity*actual_unit_cost) AS total_amount FROM purchase_orders WHERE part_number={{part_number}} AND strftime('%Y', purchase_date)={{year}};","part_number, year",3,2023년 DS3641B+의 총 구매 수량과 구매 금액은?
PAT_8f981810010e,"SELECT 'EP3C16F256C7N' AS part_number, SUM(sale_quantity) AS total_qty, SUM(sale_quantity*actual_selling_price) AS total_amount FROM sales_orders WHERE part_number={{part_number}} AND strftime('%Y', sale_date)={{year}};","part_number, year",3,2023년 EP3C16F256C7N의 총 판매 수량과 판매 금액은?
PAT_8fbdb51ba6f7,"SELECT m.name AS manufacturer_name, SUM(p.purchase_quantity*p.actual_unit_cost) AS total_amount FROM purchase_orders p JOIN manufacturers m ON p.manufacturer_id=m.manufacturer_id WHERE strftime('%Y', p.purchase_date)='2024' AND strftime('%m', p.purchase_date)='10' GROUP BY m.name ORDER BY total_amount DESC LIMIT 10;",,1,2024년 10월 제조사별 구매 금액 TOP 10은?
PAT_8ffc27241752,"SELECT 'EN2210-BG2' AS part_number, COALESCE((SELECT SUM(sale_quantity*actual_selling_price) FROM sales_orders WHERE part_number={{part_number}} AND strftime('%Y', sale_date)={{year}}), 0) AS total_sales, COALESCE((SELECT SUM(purchase_quantity*actual_unit_cost) FROM purchase_orders WHERE part_number={{part_number}} AND strftime('%Y', purchase_date)={{year}}), 0) AS total_purchase, COALESCE((SELECT SUM(sale_quantity*actual_selling_price) FROM sales_orders WHERE part_number={{part_number}} AND strftime('%Y', sale_date)={{year}}), 0) - COALESCE((SELECT SUM(purchase_quantity*actual_unit_cost) FROM purchase_orders WHERE part_number={{part_number}} AND strftime('%Y', purchase_date)={{year}}), 0) AS profit;","part_number, year",3,"2023년 EN2210-BG2의 총매출, 총매입, 순이익(흑자/적자)은?"
PAT_90188d03179c,"SELECT '5CGTFD5C5F23I7N' AS part_number, COALESCE((SELECT SUM(sale_quantity*actual_selling_price) FROM sales_orders WHERE part_number={{part_number}} AND strftime('%Y', sale_date)={{year}}), 0) AS total_sales, COALESCE((SELECT SUM(purchase_quantity*actual_unit_cost) FROM purchase_orders WHERE part_number={{part_number}} AND strftime('%Y', purchase_date)={{year}}), 0) AS total_purchase, COALESCE((SELECT SUM(sale_quantity*actual_selling_price) FROM sales_orders WHERE part_number={{part_number}} AND strftime('%Y', sale_date)={{year}}), 0) - COALESCE((SELECT SUM(purchase_quantity*actual_unit_cost) FROM purchase_orders WHERE part_number={{part_number}} AND strftime('%Y', purchase_date)={{year}}), 0) AS profit;","part_number, year",3,"2023년 5CGTFD5C5F23I7N의 총매출, 총매입, 순이익(흑자/적자)은?"
PAT_90868e4060ed,"SELECT 'AM29DL323DT-90WDI' AS part_number, SUM(purchase_quantity) AS total_qty, SUM(purchase_quantity*actual_unit_cost) AS total_amount FROM purchase_orders WHERE part_number={{part_number}} AND strftime('%Y', purchase_date)={{year}};","part_number, year",3,2023년 AM29DL323DT-90WDI의 총 구매 수량과 구매 금액은?
PAT_910cc5c19245,"SELECT '81-GCM188R71H104KA7D' AS part_number, SUM(sale_quantity) AS total_qty, SUM(sale_quantity*actual_selling_price) AS total_amount FROM sales_orders WHERE part_number={{part_number}} AND strftime('%Y', sale_date)={{year}};","part_number, year",3,2023년 81-GCM188R71H104KA7D의 총 판매 수량과 판매 금액은?
PAT_9123093d870a,"SELECT part_number, current_quantity, last_updated FROM current_products WHERE part_number={{part_number}};",part_number,300,10AX115H3F34E2SG의 현재 재고 수량은?
PAT_913de3e9367c,"SELECT '88E3082-BAR1' AS part_number, COALESCE((SELECT SUM(sale_quantity*actual_selling_price) FROM sales_orders WHERE part_number={{part_number}} AND strftime('%Y', sale_date)={{year}}), 0) AS total_sales, COALESCE((SELECT SUM(purchase_quantity*actual_unit_cost) FROM purchase_orders WHERE part_number={{part_number}} AND strftime('%Y', purchase_date)={{year}}), 0) AS total_purchase, COALESCE((SELECT SUM(sale_quantity*actual_selling_price) FROM sales_orders WHERE part_number={{part_number}} AND strftime('%Y', sale_date)={{year}}), 0) - COALESCE((SELECT SUM(purchase_quantity*actual_unit_cost) FROM purchase_orders WHERE part_number={{part_number}} AND strftime('%Y', purchase_date)={{year}}), 0) AS profit;","part_number, year",3,"2023년 88E3082-BAR1의 총매출, 총매입, 순이익(흑자/적자)은?"
PAT_915f01e30033,"SELECT 'BCM56115A0IFEBG' AS part_number, SUM(sale_quantity) AS total_qty, SUM(sale_quantity*actual_selling_price) AS total_amount FROM sales_orders WHERE part_number={{part_number}} AND strftime('%Y', sale_date)={{year}};","part_number, year",3,2023년 BCM56115A0IFEBG의 총 판매 수량과 판매 금액은?
PAT_91b70ee8d325,"SELECT 'ADSP-21160M' AS part_number, COALESCE((SELECT SUM(sale_quantity*actual_selling_price) FROM sales_orders WHERE part_number={{part_number}} AND strftime('%Y', sale_date)={{year}}), 0) AS total_sales, COALESCE((SELECT SUM(purchase_quantity*actual_unit_cost) FROM purchase_orders WHERE part_number={{part_number}} AND strftime('%Y', purchase_date)={{year}}), 0) AS total_purchase, COALESCE((SELECT SUM(sale_quantity*actual_selling_price) FROM sales_orders WHERE part_number={{part_number}} AND strftime('%Y', sale_date)={{year}}), 0) - COALESCE((SELECT SUM(purchase_quantity*actual_unit_cost) FROM purchase_orders WHERE part_number={{part_number}} AND strftime('%Y', purchase_date)={{year}}), 0) AS profit;","part_number, year",3,"2023년 ADSP-21160M의 총매출, 총매입, 순이익(흑자/적자)은?"
PAT_925b3b9057f5,"SELECT 'LE87281NQCT' AS part_number, SUM(purchase_quantity) AS total_qty, SUM(purchase_quantity*actual_unit_cost) AS total_amount FROM purchase_orders WHERE part_number={{part_number}} AND strftime('%Y', purchase_date)={{year}};","part_number, year",3,2023년 LE87281NQCT의 총 구매 수량과 구매 금액은?
PAT_9269ae86d20c,"SELECT 'BCM5482SA1KFB' AS part_number, SUM(purchase_quantity) AS total_qty, SUM(purchase_quantity*actual_unit_cost) AS total_amount FROM purchase_orders WHERE part_number={{part_number}} AND strftime('%Y', purchase_date)={{year}};","part_number, year",3,2023년 BCM5482SA1KFB의 총 구매 수량과 구매 금액은?
PAT_932577a66726,"SELECT 'FLI75LX-EHBB' AS part_number, COALESCE((SELECT SUM(sale_quantity*actual_selling_price) FROM sales_orders WHERE part_number={{part_number}} AND strftime('%Y', sale_date)={{year}}), 0) AS total_sales, COALESCE((SELECT SUM(purchase_quantity*actual_unit_cost) FROM purchase_orders WHERE part_number={{part_number}} AND strftime('%Y', purchase_date)={{year}}), 0) AS total_purchase, COALESCE((SELECT SUM(sale_quantity*actual_selling_price) FROM sales_orders WHERE part_number={{part_number}} AND strftime('%Y', sale_date)={{year}}), 0) - COALESCE((SELECT SUM(purchase_quantity*actual_unit_cost) FROM purchase_orders WHERE part_number={{part_number}} AND strftime('%Y', purchase_date)={{year}}), 0) AS profit;","part_number, year",3,"2023년 FLI75LX-EHBB의 총매출, 총매입, 순이익(흑자/적자)은?"
PAT_93af86527d37,"SELECT 'HD64F38104FPV' AS part_number, COALESCE((SELECT SUM(sale_quantity*actual_selling_price) FROM sales_orders WHERE part_number={{part_number}} AND strftime('%Y', sale_date)={{year}}), 0) AS total_sales, COALESCE((SELECT SUM(purchase_quantity*actual_unit_cost) FROM purchase_orders WHERE part_number={{part_number}} AND strftime('%Y', purchase_date)={{year}}), 0) AS total_purchase, COALESCE((SELECT SUM(sale_quantity*actual_selling_price) FROM sales_orders WHERE part_number={{part_number}} AND strftime('%Y', sale_date)={{year}}), 0) - COALESCE((SELECT SUM(purchase_quantity*actual_unit_cost) FROM purchase_orders WHERE part_number={{part_number}} AND strftime('%Y', purchase_date)={{year}}), 0) AS profit;","part_number, year",3,"2023년 HD64F38104FPV의 총매출, 총매입, 순이익(흑자/적자)은?"
PAT_93b80b1d63f7,"SELECT '680-64-SM-G10-R14-1' AS part_number, SUM(purchase_quantity) AS total_qty, SUM(purchase_quantity*actual_unit_cost) AS total_amount FROM purchase_orders WHERE part_number={{part_number}} AND strftime('%Y', purchase_date)={{year}};","part_number, year",3,2023년 680-64-SM-G10-R14-1의 총 구매 수량과 구매 금액은?
PAT_93f2efc0590d,"SELECT '5CEFA5F23I7N' AS part_number, SUM(sale_quantity) AS total_qty, SUM(sale_quantity*actual_selling_price) AS total_amount FROM sales_orders WHERE part_number={{part_number}} AND strftime('%Y', sale_date)={{year}};","part_number, year",3,2023년 5CEFA5F23I7N의 총 판매 수량과 판매 금액은?
PAT_94311e1248d6,"SELECT 'ACS9510T' AS part_number, COALESCE((SELECT SUM(sale_quantity*actual_selling_price) FROM sales_orders WHERE part_number={{part_number}} AND strftime('%Y', sale_date)={{year}}), 0) AS total_sales, COALESCE((SELECT SUM(purchase_quantity*actual_unit_cost) FROM purchase_orders WHERE part_number={{part_number}} AND strftime('%Y', purchase_date)={{year}}), 0) AS total_purchase, COALESCE((SELECT SUM(sale_quantity*actual_selling_price) FROM sales_orders WHERE part_number={{part_number}} AND strftime('%Y', sale_date)={{year}}), 0) - COALESCE((SELECT SUM(purchase_quantity*actual_unit_cost) FROM purchase_orders WHERE part_number={{part_number}} AND strftime('%Y', purchase_date)={{year}}), 0) AS profit;","part_number, year",3,"2023년 ACS9510T의 총매출, 총매입, 순이익(흑자/적자)은?"
PAT_943bdb7b862a,"SELECT 'APA075-FG144' AS part_number, SUM(sale_quantity) AS total_qty, SUM(sale_quantity*actual_selling_price) AS total_amount FROM sales_orders WHERE part_number={{part_number}} AND strftime('%Y', sale_date)={{year}};","part_number, year",3,2023년 APA075-FG144의 총 판매 수량과 판매 금액은?
PAT_9488e132113e,"SELECT 'CSD18532Q5B' AS part_number, SUM(purchase_quantity) AS total_qty, SUM(purchase_quantity*actual_unit_cost) AS total_amount FROM purchase_orders WHERE part_number={{part_number}} AND strftime('%Y', purchase_date)={{year}};","part_number, year",3,2023년 CSD18532Q5B의 총 구매 수량과 구매 금액은?
PAT_949d8acc22a8,"SELECT m.name AS manufacturer_name, SUM(p.purchase_quantity*p.actual_unit_cost) AS total_amount FROM purchase_orders p JOIN manufacturers m ON p.manufacturer_id=m.manufacturer_id WHERE strftime('%Y', p.purchase_date)='2023' AND strftime('%m', p.purchase_date)='11' GROUP BY m.name ORDER BY total_amount DESC LIMIT 10;",,1,2023년 11월 제조사별 구매 금액 TOP 10은?
PAT_9512ecc8a87f,"SELECT 'AU1000-266MCC' AS part_number, COALESCE((SELECT SUM(sale_quantity*actual_selling_price) FROM sales_orders WHERE part_number={{part_number}} AND strftime('%Y', sale_date)={{year}}), 0) AS total_sales, COALESCE((SELECT SUM(purchase_quantity*actual_unit_cost) FROM purchase_orders WHERE part_number={{part_number}} AND strftime('%Y', purchase_date)={{year}}), 0) AS total_purchase, COALESCE((SELECT SUM(sale_quantity*actual_selling_price) FROM sales_orders WHERE part_number={{part_number}} AND strftime('%Y', sale_date)={{year}}), 0) - COALESCE((SELECT SUM(purchase_quantity*actual_unit_cost) FROM purchase_orders WHERE part_number={{part_number}} AND strftime('%Y', purchase_date)={{year}}), 0) AS profit;","part_number, year",3,"2023년 AU1000-266MCC의 총매출, 총매입, 순이익(흑자/적자)은?"
PAT_951f168dc78e,"SELECT 'EX128-FCSG128' AS part_number, SUM(sale_quantity) AS total_qty, SUM(sale_quantity*actual_selling_price) AS total_amount FROM sales_orders WHERE part_number={{part_number}} AND strftime('%Y', sale_date)={{year}};","part_number, year",3,2023년 EX128-FCSG128의 총 판매 수량과 판매 금액은?
PAT_9540d0ea82d4,"SELECT 'XC4005E-4TQ144C' AS part_number, SUM(sale_quantity) AS total_qty, SUM(sale_quantity*actual_selling_price) AS total_amount FROM sales_orders WHERE part_number={{part_number}} AND strftime('%Y', sale_date)={{year}};","part_number, year",3,2023년 XC4005E-4TQ144C의 총 판매 수량과 판매 금액은?
PAT_958830101c6f,"SELECT 'BCM74371CUKFEBA1G' AS part_number, COALESCE((SELECT SUM(sale_quantity*actual_selling_price) FROM sales_orders WHERE part_number={{part_number}} AND strftime('%Y', sale_date)={{year}}), 0) AS total_sales, COALESCE((SELECT SUM(purchase_quantity*actual_unit_cost) FROM purchase_orders WHERE part_number={{part_number}} AND strftime('%Y', purchase_date)={{year}}), 0) AS total_purchase, COALESCE((SELECT SUM(sale_quantity*actual_selling_price) FROM sales_orders WHERE part_number={{part_number}} AND strftime('%Y', sale_date)={{year}}), 0) - COALESCE((SELECT SUM(purchase_quantity*actual_unit_cost) FROM purchase_orders WHERE part_number={{part_number}} AND strftime('%Y', purchase_date)={{year}}), 0) AS profit;","part_number, year",3,"2023년 BCM74371CUKFEBA1G의 총매출, 총매입, 순이익(흑자/적자)은?"
PAT_95dce59bff9c,"SELECT 'CS6222GY' AS part_number, SUM(purchase_quantity) AS total_qty, SUM(purchase_quantity*actual_unit_cost) AS total_amount FROM purchase_orders WHERE part_number={{part_number}} AND strftime('%Y', purchase_date)={{year}};","part_number, year",3,2023년 CS6222GY의 총 구매 수량과 구매 금액은?
PAT_95e817b14134,"SELECT 'AGXD533EEXF0BD' AS part_number, SUM(sale_quantity) AS total_qty, SUM(sale_quantity*actual_selling_price) AS total_amount FROM sales_orders WHERE part_number={{part_number}} AND strftime('%Y', sale_date)={{year}};","part_number, year",3,2023년 AGXD533EEXF0BD의 총 판매 수량과 판매 금액은?
PAT_961d279da1c8,"SELECT v.vendor_name, SUM(s.sale_quantity*s.actual_selling_price) AS total_amount FROM sales_orders s JOIN vendors v ON s.vendor_id=v.vendor_id WHERE strftime('%Y', s.sale_date)='2025' AND strftime('%m', s.sale_date)='01' GROUP BY v.vendor_name ORDER BY total_amount DESC LIMIT 10;",,1,2025년 01월 벤더별 판매 금액 TOP 10은?
PAT_964711435562,"SELECT 'BCM21000A3KPB' AS part_number, SUM(sale_quantity) AS total_qty, SUM(sale_quantity*actual_selling_price) AS total_amount FROM sales_orders WHERE part_number={{part_number}} AND strftime('%Y', sale_date)={{year}};","part_number, year",3,2023년 BCM21000A3KPB의 총 판매 수량과 판매 금액은?
PAT_96a4f50fd8db,"SELECT '80-CBR04C229B5G' AS part_number, SUM(purchase_quantity) AS total_qty, SUM(purchase_quantity*actual_unit_cost) AS total_amount FROM purchase_orders WHERE part_number={{part_number}} AND strftime('%Y', purchase_date)={{year}};","part_number, year",3,2023년 80-CBR04C229B5G의 총 구매 수량과 구매 금액은?
PAT_96b1c2dc611f,"SELECT 'EP1C4F400C7N' AS part_number, SUM(sale_quantity) AS total_qty, SUM(sale_quantity*actual_selling_price) AS total_amount FROM sales_orders WHERE part_number={{part_number}} AND strftime('%Y', sale_date)={{year}};","part_number, year",3,2023년 EP1C4F400C7N의 총 판매 수량과 판매 금액은?
PAT_96c09a9007e8,"SELECT 'EP2C35F672I8N' AS part_number, SUM(purchase_quantity) AS total_qty, SUM(purchase_quantity*actual_unit_cost) AS total_amount FROM purchase_orders WHERE part_number={{part_number}} AND strftime('%Y', purchase_date)={{year}};","part_number, year",3,2023년 EP2C35F672I8N의 총 구매 수량과 구매 금액은?
PAT_96ceb1e5f851,"SELECT 'ADS5409IZAY' AS part_number, SUM(sale_quantity) AS total_qty, SUM(sale_quantity*actual_selling_price) AS total_amount FROM sales_orders WHERE part_number={{part_number}} AND strftime('%Y', sale_date)={{year}};","part_number, year",3,2023년 ADS5409IZAY의 총 판매 수량과 판매 금액은?
PAT_9824d07d2957,"SELECT 'CY7C1370DV25-200BZCT' AS part_number, SUM(sale_quantity) AS total_qty, SUM(sale_quantity*actual_selling_price) AS total_amount FROM sales_orders WHERE part_number={{part_number}} AND strftime('%Y', sale_date)={{year}};","part_number, year",3,2023년 CY7C1370DV25-200BZCT의 총 판매 수량과 판매 금액은?
PAT_985a8f34d496,"SELECT 'EX128-FCSG128' AS part_number, SUM(purchase_quantity) AS total_qty, SUM(purchase_quantity*actual_unit_cost) AS total_amount FROM purchase_orders WHERE part_number={{part_number}} AND strftime('%Y', purchase_date)={{year}};","part_number, year",3,2023년 EX128-FCSG128의 총 구매 수량과 구매 금액은?
PAT_988f579c0e25,"SELECT 'AT24C256-10UI-2.7' AS part_number, SUM(purchase_quantity) AS total_qty, SUM(purchase_quantity*actual_unit_cost) AS total_amount FROM purchase_orders WHERE part_number={{part_number}} AND strftime('%Y', purchase_date)={{year}};","part_number, year",3,2023년 AT24C256-10UI-2.7의 총 구매 수량과 구매 금액은?
PAT_98d6a2371623,"SELECT 'ELJRF47NJFB' AS part_number, SUM(purchase_quantity) AS total_qty, SUM(purchase_quantity*actual_unit_cost) AS total_amount FROM purchase_orders WHERE part_number={{part_number}} AND strftime('%Y', purchase_date)={{year}};","part_number, year",3,2023년 ELJRF47NJFB의 총 구매 수량과 구매 금액은?
PAT_997814ae9ca5,"SELECT 'AU80586GE025D' AS part_number, SUM(purchase_quantity) AS total_qty, SUM(purchase_quantity*actual_unit_cost) AS total_amount FROM purchase_orders WHERE part_number={{part_number}} AND strftime('%Y', purchase_date)={{year}};","part_number, year",3,2023년 AU80586GE025D의 총 구매 수량과 구매 금액은?
PAT_99903fffd33a,"SELECT 'CXE16KDT-1' AS part_number, SUM(purchase_quantity) AS total_qty, SUM(purchase_quantity*actual_unit_cost) AS total_amount FROM purchase_orders WHERE part_number={{part_number}} AND strftime('%Y', purchase_date)={{year}};","part_number, year",3,2023년 CXE16KDT-1의 총 구매 수량과 구매 금액은?
PAT_99933c714b03,"SELECT 'BCM3341A0KPBG' AS part_number, COALESCE((SELECT SUM(sale_quantity*actual_selling_price) FROM sales_orders WHERE part_number={{part_number}} AND strftime('%Y', sale_date)={{year}}), 0) AS total_sales, COALESCE((SELECT SUM(purchase_quantity*actual_unit_cost) FROM purchase_orders WHERE part_number={{part_number}} AND strftime('%Y', purchase_date)={{year}}), 0) AS total_purchase, COALESCE((SELECT SUM(sale_quantity*actual_selling_price) FROM sales_orders WHERE part_number={{part_number}} AND strftime('%Y', sale_date)={{year}}), 0) - COALESCE((SELECT SUM(purchase_quantity*actual_unit_cost) FROM purchase_orders WHERE part_number={{part_number}} AND strftime('%Y', purchase_date)={{year}}), 0) AS profit;","part_number, year",3,"2023년 BCM3341A0KPBG의 총매출, 총매입, 순이익(흑자/적자)은?"
PAT_9999d1547ab1,"SELECT 'AU80586GE025D' AS part_number, COALESCE((SELECT SUM(sale_quantity*actual_selling_price) FROM sales_orders WHERE part_number={{part_number}} AND strftime('%Y', sale_date)={{year}}), 0) AS total_sales, COALESCE((SELECT SUM(purchase_quantity*actual_unit_cost) FROM purchase_orders WHERE part_number={{part_number}} AND strftime('%Y', purchase_date)={{year}}), 0) AS total_purchase, COALESCE((SELECT SUM(sale_quantity*actual_selling_price) FROM sales_orders WHERE part_number={{part_number}} AND strftime('%Y', sale_date)={{year}}), 0) - COALESCE((SELECT SUM(purchase_quantity*actual_unit_cost) FROM purchase_orders WHERE part_number={{part_number}} AND strftime('%Y', purchase_date)={{year}}), 0) AS profit;","part_number, year",3,"2023년 AU80586GE025D의 총매출, 총매입, 순이익(흑자/적자)은?"
PAT_99a033267459,"SELECT 'CX95580-00Z' AS part_number, SUM(purchase_quantity) AS total_qty, SUM(purchase_quantity*actual_unit_cost) AS total_amount FROM purchase_orders WHERE part_number={{part_number}} AND strftime('%Y', purchase_date)={{year}};","part_number, year",3,2023년 CX95580-00Z의 총 구매 수량과 구매 금액은?
PAT_99f556e874a0,"SELECT 'CY7C1393KV18-300BZXC' AS part_number, COALESCE((SELECT SUM(sale_quantity*actual_selling_price) FROM sales_orders WHERE part_number={{part_number}} AND strftime('%Y', sale_date)={{year}}), 0) AS total_sales, COALESCE((SELECT SUM(purchase_quantity*actual_unit_cost) FROM purchase_orders WHERE part_number={{part_number}} AND strftime('%Y', purchase_date)={{year}}), 0) AS total_purchase, COALESCE((SELECT SUM(sale_quantity*actual_selling_price) FROM sales_orders WHERE part_number={{part_number}} AND strftime('%Y', sale_date)={{year}}), 0) - COALESCE((SELECT SUM(purchase_quantity*actual_unit_cost) FROM purchase_orders WHERE part_number={{part_number}} AND strftime('%Y', purchase_date)={{year}}), 0) AS profit;","part_number, year",3,"2023년 CY7C1393KV18-300BZXC의 총매출, 총매입, 순이익(흑자/적자)은?"
PAT_9a392ec30ef0,"SELECT 'APA075-FG144' AS part_number, SUM(purchase_quantity) AS total_qty, SUM(purchase_quantity*actual_unit_cost) AS total_amount FROM purchase_orders WHERE part_number={{part_number}} AND strftime('%Y', purchase_date)={{year}};","part_number, year",3,2023년 APA075-FG144의 총 구매 수량과 구매 금액은?
PAT_9a6d8ca94eea,"SELECT 'CYDMX256A16-65BVXI' AS part_number, COALESCE((SELECT SUM(sale_quantity*actual_selling_price) FROM sales_orders WHERE part_number={{part_number}} AND strftime('%Y', sale_date)={{year}}), 0) AS total_sales, COALESCE((SELECT SUM(purchase_quantity*actual_unit_cost) FROM purchase_orders WHERE part_number={{part_number}} AND strftime('%Y', purchase_date)={{year}}), 0) AS total_purchase, COALESCE((SELECT SUM(sale_quantity*actual_selling_price) FROM sales_orders WHERE part_number={{part_number}} AND strftime('%Y', sale_date)={{year}}), 0) - COALESCE((SELECT SUM(purchase_quantity*actual_unit_cost) FROM purchase_orders WHERE part_number={{part_number}} AND strftime('%Y', purchase_date)={{year}}), 0) AS profit;","part_number, year",3,"2023년 CYDMX256A16-65BVXI의 총매출, 총매입, 순이익(흑자/적자)은?"
PAT_9aaf50ae5c16,"SELECT 'EP2C8F25618' AS part_number, COALESCE((SELECT SUM(sale_quantity*actual_selling_price) FROM sales_orders WHERE part_number={{part_number}} AND strftime('%Y', sale_date)={{year}}), 0) AS total_sales, COALESCE((SELECT SUM(purchase_quantity*actual_unit_cost) FROM purchase_orders WHERE part_number={{part_number}} AND strftime('%Y', purchase_date)={{year}}), 0) AS total_purchase, COALESCE((SELECT SUM(sale_quantity*actual_selling_price) FROM sales_orders WHERE part_number={{part_number}} AND strftime('%Y', sale_date)={{year}}), 0) - COALESCE((SELECT SUM(purchase_quantity*actual_unit_cost) FROM purchase_orders WHERE part_number={{part_number}} AND strftime('%Y', purchase_date)={{year}}), 0) AS profit;","part_number, year",3,"2023년 EP2C8F25618의 총매출, 총매입, 순이익(흑자/적자)은?"
PAT_9abf057417c0,"SELECT 'CYDM256B16-55BVXI' AS part_number, SUM(purchase_quantity) AS total_qty, SUM(purchase_quantity*actual_unit_cost) AS total_amount FROM purchase_orders WHERE part_number={{part_number}} AND strftime('%Y', purchase_date)={{year}};","part_number, year",3,2023년 CYDM256B16-55BVXI의 총 구매 수량과 구매 금액은?
PAT_9adaefaf8ab1,"SELECT 'EP2C70F896C8' AS part_number, SUM(purchase_quantity) AS total_qty, SUM(purchase_quantity*actual_unit_cost) AS total_amount FROM purchase_orders WHERE part_number={{part_number}} AND strftime('%Y', purchase_date)={{year}};","part_number, year",3,2023년 EP2C70F896C8의 총 구매 수량과 구매 금액은?
PAT_9af9cf76e301,"SELECT '98EX126-BDN' AS part_number, SUM(sale_quantity) AS total_qty, SUM(sale_quantity*actual_selling_price) AS total_amount FROM sales_orders WHERE part_number={{part_number}} AND strftime('%Y', sale_date)={{year}};","part_number, year",3,2023년 98EX126-BDN의 총 판매 수량과 판매 금액은?
PAT_9afe885db0f3,"SELECT 'EPM7256AEFI100-7' AS part_number, SUM(sale_quantity) AS total_qty, SUM(sale_quantity*actual_selling_price) AS total_amount FROM sales_orders WHERE part_number={{part_number}} AND strftime('%Y', sale_date)={{year}};","part_number, year",3,2023년 EPM7256AEFI100-7의 총 판매 수량과 판매 금액은?
PAT_9b17c9d055ca,"SELECT 'AGXD533EEXF0BC' AS part_number, COALESCE((SELECT SUM(sale_quantity*actual_selling_price) FROM sales_orders WHERE part_number={{part_number}} AND strftime('%Y', sale_date)={{year}}), 0) AS total_sales, COALESCE((SELECT SUM(purchase_quantity*actual_unit_cost) FROM purchase_orders WHERE part_number={{part_number}} AND strftime('%Y', purchase_date)={{year}}), 0) AS total_purchase, COALESCE((SELECT SUM(sale_quantity*actual_selling_price) FROM sales_orders WHERE part_number={{part_number}} AND strftime('%Y', sale_date)={{year}}), 0) - COALESCE((SELECT SUM(purchase_quantity*actual_unit_cost) FROM purchase_orders WHERE part_number={{part_number}} AND strftime('%Y', purchase_date)={{year}}), 0) AS profit;","part_number, year",3,"2023년 AGXD533EEXF0BC의 총매출, 총매입, 순이익(흑자/적자)은?"
PAT_9b22b24d6a54,"SELECT 'BCM1125HA4K600' AS part_number, SUM(sale_quantity) AS total_qty, SUM(sale_quantity*actual_selling_price) AS total_amount FROM sales_orders WHERE part_number={{part_number}} AND strftime('%Y', sale_date)={{year}};","part_number, year",3,2023년 BCM1125HA4K600의 총 판매 수량과 판매 금액은?
PAT_9b7b987b40f2,"SELECT m.name AS manufacturer_name, SUM(p.purchase_quantity*p.actual_unit_cost) AS total_amount FROM purchase_orders p JOIN manufacturers m ON p.manufacturer_id=m.manufacturer_id WHERE strftime('%Y', p.purchase_date)='2023' AND strftime('%m', p.purchase_date)='05' GROUP BY m.name ORDER BY total_amount DESC LIMIT 10;",,1,2023년 05월 제조사별 구매 금액 TOP 10은?
PAT_9b9772fa62b2,"SELECT m.name AS manufacturer_name, SUM(p.purchase_quantity*p.actual_unit_cost) AS total_amount FROM purchase_orders p JOIN manufacturers m ON p.manufacturer_id=m.manufacturer_id WHERE strftime('%Y', p.purchase_date)='2024' AND strftime('%m', p.purchase_date)='08' GROUP BY m.name ORDER BY total_amount DESC LIMIT 10;",,1,2024년 08월 제조사별 구매 금액 TOP 10은?
PAT_9be7f176e2c4,"SELECT 'TLF50201EL' AS part_number, COALESCE((SELECT SUM(sale_quantity*actual_selling_price) FROM sales_orders WHERE part_number={{part_number}} AND strftime('%Y', sale_date)={{year}}), 0) AS total_sales, COALESCE((SELECT SUM(purchase_quantity*actual_unit_cost) FROM purchase_orders WHERE part_number={{part_number}} AND strftime('%Y', purchase_date)={{year}}), 0) AS total_purchase, COALESCE((SELECT SUM(sale_quantity*actual_selling_price) FROM sales_orders WHERE part_number={{part_number}} AND strftime('%Y', sale_date)={{year}}), 0) - COALESCE((SELECT SUM(purchase_quantity*actual_unit_cost) FROM purchase_orders WHERE part_number={{part_number}} AND strftime('%Y', purchase_date)={{year}}), 0) AS profit;","part_number, year",3,"2023년 TLF50201EL의 총매출, 총매입, 순이익(흑자/적자)은?"
PAT_9c37c92e6e13,"SELECT 'AU1000-266MCC' AS part_number, SUM(purchase_quantity) AS total_qty, SUM(purchase_quantity*actual_unit_cost) AS total_amount FROM purchase_orders WHERE part_number={{part_number}} AND strftime('%Y', purchase_date)={{year}};","part_number, year",3,2023년 AU1000-266MCC의 총 구매 수량과 구매 금액은?
PAT_9cf165be8f5d,"SELECT 'ADSP-BF533SBBC500' AS part_number, SUM(sale_quantity) AS total_qty, SUM(sale_quantity*actual_selling_price) AS total_amount FROM sales_orders WHERE part_number={{part_number}} AND strftime('%Y', sale_date)={{year}};","part_number, year",3,2023년 ADSP-BF533SBBC500의 총 판매 수량과 판매 금액은?
PAT_9d4fa8a5004b,"SELECT '5J29902A' AS part_number, SUM(sale_quantity) AS total_qty, SUM(sale_quantity*actual_selling_price) AS total_amount FROM sales_orders WHERE part_number={{part_number}} AND strftime('%Y', sale_date)={{year}};","part_number, year",3,2023년 5J29902A의 총 판매 수량과 판매 금액은?
PAT_9d62440f1bce,"SELECT '25LC160BT-I/ST' AS part_number, SUM(sale_quantity) AS total_qty, SUM(sale_quantity*actual_selling_price) AS total_amount FROM sales_orders WHERE part_number={{part_number}} AND strftime('%Y', sale_date)={{year}};","part_number, year",3,2023년 25LC160BT-I/ST의 총 판매 수량과 판매 금액은?
PAT_9d7c4f43a83a,"SELECT 'BCM5693A2KEBG' AS part_number, COALESCE((SELECT SUM(sale_quantity*actual_selling_price) FROM sales_orders WHERE part_number={{part_number}} AND strftime('%Y', sale_date)={{year}}), 0) AS total_sales, COALESCE((SELECT SUM(purchase_quantity*actual_unit_cost) FROM purchase_orders WHERE part_number={{part_number}} AND strftime('%Y', purchase_date)={{year}}), 0) AS total_purchase, COALESCE((SELECT SUM(sale_quantity*actual_selling_price) FROM sales_orders WHERE part_number={{part_number}} AND strftime('%Y', sale_date)={{year}}), 0) - COALESCE((SELECT SUM(purchase_quantity*actual_unit_cost) FROM purchase_orders WHERE part_number={{part_number}} AND strftime('%Y', purchase_date)={{year}}), 0) AS profit;","part_number, year",3,"2023년 BCM5693A2KEBG의 총매출, 총매입, 순이익(흑자/적자)은?"
PAT_9d9a587eec00,"SELECT 'BCM5680B2KTB' AS part_number, SUM(purchase_quantity) AS total_qty, SUM(purchase_quantity*actual_unit_cost) AS total_amount FROM purchase_orders WHERE part_number={{part_number}} AND strftime('%Y', purchase_date)={{year}};","part_number, year",3,2023년 BCM5680B2KTB의 총 구매 수량과 구매 금액은?
PAT_9dba38452c04,"SELECT 'AT24C256U2-10UI-2.7' AS part_number, COALESCE((SELECT SUM(sale_quantity*actual_selling_price) FROM sales_orders WHERE part_number={{part_number}} AND strftime('%Y', sale_date)={{year}}), 0) AS total_sales, COALESCE((SELECT SUM(purchase_quantity*actual_unit_cost) FROM purchase_orders WHERE part_number={{part_number}} AND strftime('%Y', purchase_date)={{year}}), 0) AS total_purchase, COALESCE((SELECT SUM(sale_quantity*actual_selling_price) FROM sales_orders WHERE part_number={{part_number}} AND strftime('%Y', sale_date)={{year}}), 0) - COALESCE((SELECT SUM(purchase_quantity*actual_unit_cost) FROM purchase_orders WHERE part_number={{part_number}} AND strftime('%Y', purchase_date)={{year}}), 0) AS profit;","part_number, year",3,"2023년 AT24C256U2-10UI-2.7의 총매출, 총매입, 순이익(흑자/적자)은?"
PAT_9e12852d5abe,"SELECT 'BCM6550IPB1G' AS part_number, SUM(sale_quantity) AS total_qty, SUM(sale_quantity*actual_selling_price) AS total_amount FROM sales_orders WHERE part_number={{part_number}} AND strftime('%Y', sale_date)={{year}};","part_number, year",3,2023년 BCM6550IPB1G의 총 판매 수량과 판매 금액은?
PAT_9ef01208be25,"SELECT 'EP4CE115F29C8N' AS part_number, SUM(sale_quantity) AS total_qty, SUM(sale_quantity*actual_selling_price) AS total_amount FROM sales_orders WHERE part_number={{part_number}} AND strftime('%Y', sale_date)={{year}};","part_number, year",3,2023년 EP4CE115F29C8N의 총 판매 수량과 판매 금액은?
PAT_9f285c07cce6,"SELECT m.name AS manufacturer_name, SUM(p.purchase_quantity*p.actual_unit_cost) AS total_amount FROM purchase_orders p JOIN manufacturers m ON p.manufacturer_id=m.manufacturer_id WHERE strftime('%Y', p.purchase_date)='2024' AND strftime('%m', p.purchase_date)='02' GROUP BY m.name ORDER BY total_amount DESC LIMIT 10;",,1,2024년 02월 제조사별 구매 금액 TOP 10은?
PAT_9fd0c9147a21,"SELECT m.name AS manufacturer_name, SUM(p.purchase_quantity*p.actual_unit_cost) AS total_amount FROM purchase_orders p JOIN manufacturers m ON p.manufacturer_id=m.manufacturer_id WHERE strftime('%Y', p.purchase_date)='2023' AND strftime('%m', p.purchase_date)='08' GROUP BY m.name ORDER BY total_amount DESC LIMIT 10;",,1,2023년 08월 제조사별 구매 금액 TOP 10은?
PAT_9fd3709901fe,"SELECT '215H48BGA21HG' AS part_number, SUM(sale_quantity) AS total_qty, SUM(sale_quantity*actual_selling_price) AS total_amount FROM sales_orders WHERE part_number={{part_number}} AND strftime('%Y', sale_date)={{year}};","part_number, year",3,2023년 215H48BGA21HG의 총 판매 수량과 판매 금액은?
PAT_9fe10f05c1d4,"SELECT m.name AS manufacturer_name, SUM(p.purchase_quantity*p.actual_unit_cost) AS total_amount FROM purchase_orders p JOIN manufacturers m ON p.manufacturer_id=m.manufacturer_id WHERE strftime('%Y', p.purchase_date)='2024' AND strftime('%m', p.purchase_date)='09' GROUP BY m.name ORDER BY total_amount DESC LIMIT 10;",,1,2024년 09월 제조사별 구매 금액 TOP 10은?
PAT_a0a97e9b7d55,"SELECT 'CY7C1512V18-200BZXC' AS part_number, SUM(sale_quantity) AS total_qty, SUM(sale_quantity*actual_selling_price) AS total_amount FROM sales_orders WHERE part_number={{part_number}} AND strftime('%Y', sale_date)={{year}};","part_number, year",3,2023년 CY7C1512V18-200BZXC의 총 판매 수량과 판매 금액은?
PAT_a0d18f1a39d2,"SELECT 'A3P250-FGG144' AS part_number, SUM(sale_quantity) AS total_qty, SUM(sale_quantity*actual_selling_price) AS total_amount FROM sales_orders WHERE part_number={{part_number}} AND strftime('%Y', sale_date)={{year}};","part_number, year",3,2023년 A3P250-FGG144의 총 판매 수량과 판매 금액은?
PAT_a0e2caa085fc,"SELECT 'AM29LV800BB-90WBCT' AS part_number, SUM(purchase_quantity) AS total_qty, SUM(purchase_quantity*actual_unit_cost) AS total_amount FROM purchase_orders WHERE part_number={{part_number}} AND strftime('%Y', purchase_date)={{year}};","part_number, year",3,2023년 AM29LV800BB-90WBCT의 총 구매 수량과 구매 금액은?
PAT_a15216773286,"SELECT v.vendor_name, SUM(s.sale_quantity*s.actual_selling_price) AS total_amount FROM sales_orders s JOIN vendors v ON s.vendor_id=v.vendor_id WHERE strftime('%Y', s.sale_date)='2023' AND strftime('%m', s.sale_date)='09' GROUP BY v.vendor_name ORDER BY total_amount DESC LIMIT 10;",,1,2023년 09월 벤더별 판매 금액 TOP 10은?
PAT_a163477ff5d6,"SELECT 'EP3C40F780C8N' AS part_number, COALESCE((SELECT SUM(sale_quantity*actual_selling_price) FROM sales_orders WHERE part_number={{part_number}} AND strftime('%Y', sale_date)={{year}}), 0) AS total_sales, COALESCE((SELECT SUM(purchase_quantity*actual_unit_cost) FROM purchase_orders WHERE part_number={{part_number}} AND strftime('%Y', purchase_date)={{year}}), 0) AS total_purchase, COALESCE((SELECT SUM(sale_quantity*actual_selling_price) FROM sales_orders WHERE part_number={{part_number}} AND strftime('%Y', sale_date)={{year}}), 0) - COALESCE((SELECT SUM(purchase_quantity*actual_unit_cost) FROM purchase_orders WHERE part_number={{part_number}} AND strftime('%Y', purchase_date)={{year}}), 0) AS profit;","part_number, year",3,"2023년 EP3C40F780C8N의 총매출, 총매입, 순이익(흑자/적자)은?"
PAT_a2b8b41d7e0d,"SELECT 'EP20K200EFC484-1' AS part_number, SUM(sale_quantity) AS total_qty, SUM(sale_quantity*actual_selling_price) AS total_amount FROM sales_orders WHERE part_number={{part_number}} AND strftime('%Y', sale_date)={{year}};","part_number, year",3,2023년 EP20K200EFC484-1의 총 판매 수량과 판매 금액은?
PAT_a2b9a7591e2d,"SELECT 'CY7C1061DV33-10BVXI' AS part_number, SUM(purchase_quantity) AS total_qty, SUM(purchase_quantity*actual_unit_cost) AS total_amount FROM purchase_orders WHERE part_number={{part_number}} AND strftime('%Y', purchase_date)={{year}};","part_number, year",3,2023년 CY7C1061DV33-10BVXI의 총 구매 수량과 구매 금액은?
PAT_a31264678a8f,"SELECT '88E3082-BAR1' AS part_number, SUM(purchase_quantity) AS total_qty, SUM(purchase_quantity*actual_unit_cost) AS total_amount FROM purchase_orders WHERE part_number={{part_number}} AND strftime('%Y', purchase_date)={{year}};","part_number, year",3,2023년 88E3082-BAR1의 총 구매 수량과 구매 금액은?
PAT_a32019ecfb8b,"SELECT 'VZH101M1HTR-0810' AS part_number, COALESCE((SELECT SUM(sale_quantity*actual_selling_price) FROM sales_orders WHERE part_number={{part_number}} AND strftime('%Y', sale_date)={{year}}), 0) AS total_sales, COALESCE((SELECT SUM(purchase_quantity*actual_unit_cost) FROM purchase_orders WHERE part_number={{part_number}} AND strftime('%Y', purchase_date)={{year}}), 0) AS total_purchase, COALESCE((SELECT SUM(sale_quantity*actual_selling_price) FROM sales_orders WHERE part_number={{part_number}} AND strftime('%Y', sale_date)={{year}}), 0) - COALESCE((SELECT SUM(purchase_quantity*actual_unit_cost) FROM purchase_orders WHERE part_number={{part_number}} AND strftime('%Y', purchase_date)={{year}}), 0) AS profit;","part_number, year",3,"2023년 VZH101M1HTR-0810의 총매출, 총매입, 순이익(흑자/적자)은?"
PAT_a3275fabba73,"SELECT 'CS61884-IB' AS part_number, SUM(purchase_quantity) AS total_qty, SUM(purchase_quantity*actual_unit_cost) AS total_amount FROM purchase_orders WHERE part_number={{part_number}} AND strftime('%Y', purchase_date)={{year}};","part_number, year",3,2023년 CS61884-IB의 총 구매 수량과 구매 금액은?
PAT_a32eaf5a232b,"SELECT 'ADSP-BF524KBCZ-3' AS part_number, COALESCE((SELECT SUM(sale_quantity*actual_selling_price) FROM sales_orders WHERE part_number={{part_number}} AND strftime('%Y', sale_date)={{year}}), 0) AS total_sales, COALESCE((SELECT SUM(purchase_quantity*actual_unit_cost) FROM purchase_orders WHERE part_number={{part_number}} AND strftime('%Y', purchase_date)={{year}}), 0) AS total_purchase, COALESCE((SELECT SUM(sale_quantity*actual_selling_price) FROM sales_orders WHERE part_number={{part_number}} AND strftime('%Y', sale_date)={{year}}), 0) - COALESCE((SELECT SUM(purchase_quantity*actual_unit_cost) FROM purchase_orders WHERE part_number={{part_number}} AND strftime('%Y', purchase_date)={{year}}), 0) AS profit;","part_number, year",3,"2023년 ADSP-BF524KBCZ-3의 총매출, 총매입, 순이익(흑자/적자)은?"
PAT_a33c4c40420f,"SELECT 'BCM1125HA4K600' AS part_number, SUM(purchase_quantity) AS total_qty, SUM(purchase_quantity*actual_unit_cost) AS total_amount FROM purchase_orders WHERE part_number={{part_number}} AND strftime('%Y', purchase_date)={{year}};","part_number, year",3,2023년 BCM1125HA4K600의 총 구매 수량과 구매 금액은?
PAT_a33f39ffd19f,"SELECT 'BCM8152CIFBG' AS part_number, SUM(sale_quantity) AS total_qty, SUM(sale_quantity*actual_selling_price) AS total_amount FROM sales_orders WHERE part_number={{part_number}} AND strftime('%Y', sale_date)={{year}};","part_number, year",3,2023년 BCM8152CIFBG의 총 판매 수량과 판매 금액은?
PAT_a360c5d5a339,"SELECT 'VZH101M1HTR-0810' AS part_number, SUM(purchase_quantity) AS total_qty, SUM(purchase_quantity*actual_unit_cost) AS total_amount FROM purchase_orders WHERE part_number={{part_number}} AND strftime('%Y', purchase_date)={{year}};","part_number, year",3,2023년 VZH101M1HTR-0810의 총 구매 수량과 구매 금액은?
PAT_a372fe95258f,"SELECT 'CX82310-14' AS part_number, COALESCE((SELECT SUM(sale_quantity*actual_selling_price) FROM sales_orders WHERE part_number={{part_number}} AND strftime('%Y', sale_date)={{year}}), 0) AS total_sales, COALESCE((SELECT SUM(purchase_quantity*actual_unit_cost) FROM purchase_orders WHERE part_number={{part_number}} AND strftime('%Y', purchase_date)={{year}}), 0) AS total_purchase, COALESCE((SELECT SUM(sale_quantity*actual_selling_price) FROM sales_orders WHERE part_number={{part_number}} AND strftime('%Y', sale_date)={{year}}), 0) - COALESCE((SELECT SUM(purchase_quantity*actual_unit_cost) FROM purchase_orders WHERE part_number={{part_number}} AND strftime('%Y', purchase_date)={{year}}), 0) AS profit;","part_number, year",3,"2023년 CX82310-14의 총매출, 총매입, 순이익(흑자/적자)은?"
PAT_a385cb363380,"SELECT v.vendor_name, SUM(s.sale_quantity*s.actual_selling_price) AS total_amount FROM sales_orders s JOIN vendors v ON s.vendor_id=v.vendor_id WHERE strftime('%Y', s.sale_date)='2023' AND strftime('%m', s.sale_date)='03' GROUP BY v.vendor_name ORDER BY total_amount DESC LIMIT 10;",,1,2023년 03월 벤더별 판매 금액 TOP 10은?
PAT_a3c34e7a38ea,"SELECT 'EPCQL1024F24IN' AS part_number, SUM(sale_quantity) AS total_qty, SUM(sale_quantity*actual_selling_price) AS total_amount FROM sales_orders WHERE part_number={{part_number}} AND strftime('%Y', sale_date)={{year}};","part_number, year",3,2023년 EPCQL1024F24IN의 총 판매 수량과 판매 금액은?
PAT_a3d749537fb3,"SELECT 'BCM5656KPBG' AS part_number, SUM(purchase_quantity) AS total_qty, SUM(purchase_quantity*actual_unit_cost) AS total_amount FROM purchase_orders WHERE part_number={{part_number}} AND strftime('%Y', purchase_date)={{year}};","part_number, year",3,2023년 BCM5656KPBG의 총 구매 수량과 구매 금액은?
PAT_a4eaf1ec5fef,"SELECT 'ALT3800-B0' AS part_number, COALESCE((SELECT SUM(sale_quantity*actual_selling_price) FROM sales_orders WHERE part_number={{part_number}} AND strftime('%Y', sale_date)={{year}}), 0) AS total_sales, COALESCE((SELECT SUM(purchase_quantity*actual_unit_cost) FROM purchase_orders WHERE part_number={{part_number}} AND strftime('%Y', purchase_date)={{year}}), 0) AS total_purchase, COALESCE((SELECT SUM(sale_quantity*actual_selling_price) FROM sales_orders WHERE part_number={{part_number}} AND strftime('%Y', sale_date)={{year}}), 0) - COALESCE((SELECT SUM(purchase_quantity*actual_unit_cost) FROM purchase_orders WHERE part_number={{part_number}} AND strftime('%Y', purchase_date)={{year}}), 0) AS profit;","part_number, year",3,"2023년 ALT3800-B0의 총매출, 총매입, 순이익(흑자/적자)은?"
PAT_a5243ac60908,"SELECT part_number, std_selling_price FROM products ORDER BY std_selling_price DESC LIMIT 1;",,1,products에서 std_selling_price 최댓값 제품은?
PAT_a53df22c9f0b,"SELECT pr.part_number, pr.description, SUM(p.purchase_quantity) AS total_qty FROM purchase_orders p JOIN products pr ON p.part_number=pr.part_number WHERE strftime('%Y', p.purchase_date)='2024' GROUP BY pr.part_number, pr.description ORDER BY total_qty DESC LIMIT 20;",,1,2024년 제품 설명 기준 구매 수량 TOP 20은?
PAT_a54e7bfe9201,"SELECT 'EP1C4F324C8N' AS part_number, SUM(purchase_quantity) AS total_qty, SUM(purchase_quantity*actual_unit_cost) AS total_amount FROM purchase_orders WHERE part_number={{part_number}} AND strftime('%Y', purchase_date)={{year}};","part_number, year",3,2023년 EP1C4F324C8N의 총 구매 수량과 구매 금액은?
PAT_a57287fa587a,"SELECT 'ADSP-21369KBPZ-3A' AS part_number, SUM(purchase_quantity) AS total_qty, SUM(purchase_quantity*actual_unit_cost) AS total_amount FROM purchase_orders WHERE part_number={{part_number}} AND strftime('%Y', purchase_date)={{year}};","part_number, year",3,2023년 ADSP-21369KBPZ-3A의 총 구매 수량과 구매 금액은?
PAT_a589225080dc,"SELECT m.name AS manufacturer_name, SUM(p.purchase_quantity*p.actual_unit_cost) AS total_amount FROM purchase_orders p JOIN manufacturers m ON p.manufacturer_id=m.manufacturer_id WHERE strftime('%Y', p.purchase_date)='2025' AND strftime('%m', p.purchase_date)='12' GROUP BY m.name ORDER BY total_amount DESC LIMIT 10;",,1,2025년 12월 제조사별 구매 금액 TOP 10은?
PAT_a5d0c6400f57,"SELECT '88E1111-BO-BAB-C000' AS part_number, SUM(purchase_quantity) AS total_qty, SUM(purchase_quantity*actual_unit_cost) AS total_amount FROM purchase_orders WHERE part_number={{part_number}} AND strftime('%Y', purchase_date)={{year}};","part_number, year",3,2023년 88E1111-BO-BAB-C000의 총 구매 수량과 구매 금액은?
PAT_a5dce876b3d2,"SELECT 'AT24C256-10UI-2.7' AS part_number, SUM(sale_quantity) AS total_qty, SUM(sale_quantity*actual_selling_price) AS total_amount FROM sales_orders WHERE part_number={{part_number}} AND strftime('%Y', sale_date)={{year}};","part_number, year",3,2023년 AT24C256-10UI-2.7의 총 판매 수량과 판매 금액은?
PAT_a614fde3cba2,"SELECT 'BCM7601YKFEBG' AS part_number, SUM(purchase_quantity) AS total_qty, SUM(purchase_quantity*actual_unit_cost) AS total_amount FROM purchase_orders WHERE part_number={{part_number}} AND strftime('%Y', purchase_date)={{year}};","part_number, year",3,2023년 BCM7601YKFEBG의 총 구매 수량과 구매 금액은?
PAT_a66a43db511c,"SELECT 'BCM54616SC0KFBG' AS part_number, COALESCE((SELECT SUM(sale_quantity*actual_selling_price) FROM sales_orders WHERE part_number={{part_number}} AND strftime('%Y', sale_date)={{year}}), 0) AS total_sales, COALESCE((SELECT SUM(purchase_quantity*actual_unit_cost) FROM purchase_orders WHERE part_number={{part_number}} AND strftime('%Y', purchase_date)={{year}}), 0) AS total_purchase, COALESCE((SELECT SUM(sale_quantity*actual_selling_price) FROM sales_orders WHERE part_number={{part_number}} AND strftime('%Y', sale_date)={{year}}), 0) - COALESCE((SELECT SUM(purchase_quantity*actual_unit_cost) FROM purchase_orders WHERE part_number={{part_number}} AND strftime('%Y', purchase_date)={{year}}), 0) AS profit;","part_number, year",3,"2023년 BCM54616SC0KFBG의 총매출, 총매입, 순이익(흑자/적자)은?"
PAT_a73141c4bad7,"SELECT 'AT91FR40162SB-CI' AS part_number, SUM(sale_quantity) AS total_qty, SUM(sale_quantity*actual_selling_price) AS total_amount FROM sales_orders WHERE part_number={{part_number}} AND strftime('%Y', sale_date)={{year}};","part_number, year",3,2023년 AT91FR40162SB-CI의 총 판매 수량과 판매 금액은?
PAT_a7a6c95f06bc,"SELECT 'EP3C16F256I7N' AS part_number, SUM(purchase_quantity) AS total_qty, SUM(purchase_quantity*actual_unit_cost) AS total_amount FROM purchase_orders WHERE part_number={{part_number}} AND strftime('%Y', purchase_date)={{year}};","part_number, year",3,2023년 EP3C16F256I7N의 총 구매 수량과 구매 금액은?
PAT_a7d620061304,"SELECT 'EP1C6F256C8' AS part_number, SUM(sale_quantity) AS total_qty, SUM(sale_quantity*actual_selling_price) AS total_amount FROM sales_orders WHERE part_number={{part_number}} AND strftime('%Y', sale_date)={{year}};","part_number, year",3,2023년 EP1C6F256C8의 총 판매 수량과 판매 금액은?
PAT_a85bc1dc9357,"SELECT 'BCM5354KFBG' AS part_number, SUM(purchase_quantity) AS total_qty, SUM(purchase_quantity*actual_unit_cost) AS total_amount FROM purchase_orders WHERE part_number={{part_number}} AND strftime('%Y', purchase_date)={{year}};","part_number, year",3,2023년 BCM5354KFBG의 총 구매 수량과 구매 금액은?
PAT_a87de9e86172,"SELECT 'AT91SAM9260' AS part_number, SUM(purchase_quantity) AS total_qty, SUM(purchase_quantity*actual_unit_cost) AS total_amount FROM purchase_orders WHERE part_number={{part_number}} AND strftime('%Y', purchase_date)={{year}};","part_number, year",3,2023년 AT91SAM9260의 총 구매 수량과 구매 금액은?
PAT_a88cf503486c,"SELECT 'EP2S60F1020C4N' AS part_number, SUM(sale_quantity) AS total_qty, SUM(sale_quantity*actual_selling_price) AS total_amount FROM sales_orders WHERE part_number={{part_number}} AND strftime('%Y', sale_date)={{year}};","part_number, year",3,2023년 EP2S60F1020C4N의 총 판매 수량과 판매 금액은?
PAT_a8faecec47d9,"SELECT 'EP2C20F484I8N' AS part_number, SUM(sale_quantity) AS total_qty, SUM(sale_quantity*actual_selling_price) AS total_amount FROM sales_orders WHERE part_number={{part_number}} AND strftime('%Y', sale_date)={{year}};","part_number, year",3,2023년 EP2C20F484I8N의 총 판매 수량과 판매 금액은?
PAT_a9071a1dc1db,"SELECT 'DS34T108GN' AS part_number, SUM(sale_quantity) AS total_qty, SUM(sale_quantity*actual_selling_price) AS total_amount FROM sales_orders WHERE part_number={{part_number}} AND strftime('%Y', sale_date)={{year}};","part_number, year",3,2023년 DS34T108GN의 총 판매 수량과 판매 금액은?
PAT_a95499d4f1c1,"SELECT 'EP1S40F1020C6' AS part_number, COALESCE((SELECT SUM(sale_quantity*actual_selling_price) FROM sales_orders WHERE part_number={{part_number}} AND strftime('%Y', sale_date)={{year}}), 0) AS total_sales, COALESCE((SELECT SUM(purchase_quantity*actual_unit_cost) FROM purchase_orders WHERE part_number={{part_number}} AND strftime('%Y', purchase_date)={{year}}), 0) AS total_purchase, COALESCE((SELECT SUM(sale_quantity*actual_selling_price) FROM sales_orders WHERE part_number={{part_number}} AND strftime('%Y', sale_date)={{year}}), 0) - COALESCE((SELECT SUM(purchase_quantity*actual_unit_cost) FROM purchase_orders WHERE part_number={{part_number}} AND strftime('%Y', purchase_date)={{year}}), 0) AS profit;","part_number, year",3,"2023년 EP1S40F1020C6의 총매출, 총매입, 순이익(흑자/적자)은?"
PAT_a9b4701b84fc,"SELECT 'CX25930-31Z' AS part_number, SUM(purchase_quantity) AS total_qty, SUM(purchase_quantity*actual_unit_cost) AS total_amount FROM purchase_orders WHERE part_number={{part_number}} AND strftime('%Y', purchase_date)={{year}};","part_number, year",3,2023년 CX25930-31Z의 총 구매 수량과 구매 금액은?
PAT_a9f5ad51fbf7,"SELECT 'EP1S25F1020C7N' AS part_number, SUM(sale_quantity) AS total_qty, SUM(sale_quantity*actual_selling_price) AS total_amount FROM sales_orders WHERE part_number={{part_number}} AND strftime('%Y', sale_date)={{year}};","part_number, year",3,2023년 EP1S25F1020C7N의 총 판매 수량과 판매 금액은?
PAT_aa82d08986bc,"SELECT '88F5182-A2-BEG1C500' AS part_number, COALESCE((SELECT SUM(sale_quantity*actual_selling_price) FROM sales_orders WHERE part_number={{part_number}} AND strftime('%Y', sale_date)={{year}}), 0) AS total_sales, COALESCE((SELECT SUM(purchase_quantity*actual_unit_cost) FROM purchase_orders WHERE part_number={{part_number}} AND strftime('%Y', purchase_date)={{year}}), 0) AS total_purchase, COALESCE((SELECT SUM(sale_quantity*actual_selling_price) FROM sales_orders WHERE part_number={{part_number}} AND strftime('%Y', sale_date)={{year}}), 0) - COALESCE((SELECT SUM(purchase_quantity*actual_unit_cost) FROM purchase_orders WHERE part_number={{part_number}} AND strftime('%Y', purchase_date)={{year}}), 0) AS profit;","part_number, year",3,"2023년 88F5182-A2-BEG1C500의 총매출, 총매입, 순이익(흑자/적자)은?"
PAT_aab73d592bf3,"SELECT 'CY7C1314BV18-167BZC' AS part_number, SUM(purchase_quantity) AS total_qty, SUM(purchase_quantity*actual_unit_cost) AS total_amount FROM purchase_orders WHERE part_number={{part_number}} AND strftime('%Y', purchase_date)={{year}};","part_number, year",3,2023년 CY7C1314BV18-167BZC의 총 구매 수량과 구매 금액은?
PAT_ab46b0897884,"SELECT v.vendor_name, SUM(s.sale_quantity*s.actual_selling_price) AS total_amount FROM sales_orders s JOIN vendors v ON s.vendor_id=v.vendor_id WHERE strftime('%Y', s.sale_date)='2024' AND strftime('%m', s.sale_date)='01' GROUP BY v.vendor_name ORDER BY total_amount DESC LIMIT 10;",,1,2024년 01월 벤더별 판매 금액 TOP 10은?
PAT_ab62bf14bb47,"SELECT 'AGXD533EEXF0BD' AS part_number, SUM(purchase_quantity) AS total_qty, SUM(purchase_quantity*actual_unit_cost) AS total_amount FROM purchase_orders WHERE part_number={{part_number}} AND strftime('%Y', purchase_date)={{year}};","part_number, year",3,2023년 AGXD533EEXF0BD의 총 구매 수량과 구매 금액은?
PAT_abb9ce18588e,"SELECT p.part_number, p.description, SUM(s.sale_quantity) AS total_qty FROM sales_orders s JOIN products p ON s.part_number=p.part_number WHERE strftime('%Y', s.sale_date)='2023' GROUP BY p.part_number, p.description ORDER BY total_qty DESC LIMIT 20;",,1,2023년 제품 설명 기준 판매 수량 TOP 20은?
PAT_abbf54fddcb7,"SELECT '88F6282-A1-BKI2C160' AS part_number, SUM(sale_quantity) AS total_qty, SUM(sale_quantity*actual_selling_price) AS total_amount FROM sales_orders WHERE part_number={{part_number}} AND strftime('%Y', sale_date)={{year}};","part_number, year",3,2023년 88F6282-A1-BKI2C160의 총 판매 수량과 판매 금액은?
PAT_abc006dcaf6e,"SELECT 'BCM8040A2KPBG' AS part_number, COALESCE((SELECT SUM(sale_quantity*actual_selling_price) FROM sales_orders WHERE part_number={{part_number}} AND strftime('%Y', sale_date)={{year}}), 0) AS total_sales, COALESCE((SELECT SUM(purchase_quantity*actual_unit_cost) FROM purchase_orders WHERE part_number={{part_number}} AND strftime('%Y', purchase_date)={{year}}), 0) AS total_purchase, COALESCE((SELECT SUM(sale_quantity*actual_selling_price) FROM sales_orders WHERE part_number={{part_number}} AND strftime('%Y', sale_date)={{year}}), 0) - COALESCE((SELECT SUM(purchase_quantity*actual_unit_cost) FROM purchase_orders WHERE part_number={{part_number}} AND strftime('%Y', purchase_date)={{year}}), 0) AS profit;","part_number, year",3,"2023년 BCM8040A2KPBG의 총매출, 총매입, 순이익(흑자/적자)은?"
PAT_abc18e832e68,"SELECT 'CS82TPCF' AS part_number, SUM(sale_quantity) AS total_qty, SUM(sale_quantity*actual_selling_price) AS total_amount FROM sales_orders WHERE part_number={{part_number}} AND strftime('%Y', sale_date)={{year}};","part_number, year",3,2023년 CS82TPCF의 총 판매 수량과 판매 금액은?
PAT_aca3f63a3d25,"SELECT '680-64-SM-G10-R14-1' AS part_number, COALESCE((SELECT SUM(sale_quantity*actual_selling_price) FROM sales_orders WHERE part_number={{part_number}} AND strftime('%Y', sale_date)={{year}}), 0) AS total_sales, COALESCE((SELECT SUM(purchase_quantity*actual_unit_cost) FROM purchase_orders WHERE part_number={{part_number}} AND strftime('%Y', purchase_date)={{year}}), 0) AS total_purchase, COALESCE((SELECT SUM(sale_quantity*actual_selling_price) FROM sales_orders WHERE part_number={{part_number}} AND strftime('%Y', sale_date)={{year}}), 0) - COALESCE((SELECT SUM(purchase_quantity*actual_unit_cost) FROM purchase_orders WHERE part_number={{part_number}} AND strftime('%Y', purchase_date)={{year}}), 0) AS profit;","part_number, year",3,"2023년 680-64-SM-G10-R14-1의 총매출, 총매입, 순이익(흑자/적자)은?"
PAT_acae6f576e51,"SELECT 'CN5230R-600BG729-SCP-Y-G' AS part_number, SUM(sale_quantity) AS total_qty, SUM(sale_quantity*actual_selling_price) AS total_amount FROM sales_orders WHERE part_number={{part_number}} AND strftime('%Y', sale_date)={{year}};","part_number, year",3,2023년 CN5230R-600BG729-SCP-Y-G의 총 판매 수량과 판매 금액은?
PAT_ad0e5c8c885d,"SELECT 'ATMEGA88PB-MN' AS part_number, COALESCE((SELECT SUM(sale_quantity*actual_selling_price) FROM sales_orders WHERE part_number={{part_number}} AND strftime('%Y', sale_date)={{year}}), 0) AS total_sales, COALESCE((SELECT SUM(purchase_quantity*actual_unit_cost) FROM purchase_orders WHERE part_number={{part_number}} AND strftime('%Y', purchase_date)={{year}}), 0) AS total_purchase, COALESCE((SELECT SUM(sale_quantity*actual_selling_price) FROM sales_orders WHERE part_number={{part_number}} AND strftime('%Y', sale_date)={{year}}), 0) - COALESCE((SELECT SUM(purchase_quantity*actual_unit_cost) FROM purchase_orders WHERE part_number={{part_number}} AND strftime('%Y', purchase_date)={{year}}), 0) AS profit;","part_number, year",3,"2023년 ATMEGA88PB-MN의 총매출, 총매입, 순이익(흑자/적자)은?"
PAT_adbe512db4a3,"SELECT 'EPCQL1024F24IN' AS part_number, COALESCE((SELECT SUM(sale_quantity*actual_selling_price) FROM sales_orders WHERE part_number={{part_number}} AND strftime('%Y', sale_date)={{year}}), 0) AS total_sales, COALESCE((SELECT SUM(purchase_quantity*actual_unit_cost) FROM purchase_orders WHERE part_number={{part_number}} AND strftime('%Y', purchase_date)={{year}}), 0) AS total_purchase, COALESCE((SELECT SUM(sale_quantity*actual_selling_price) FROM sales_orders WHERE part_number={{part_number}} AND strftime('%Y', sale_date)={{year}}), 0) - COALESCE((SELECT SUM(purchase_quantity*actual_unit_cost) FROM purchase_orders WHERE part_number={{part_number}} AND strftime('%Y', purchase_date)={{year}}), 0) AS profit;","part_number, year",3,"2023년 EPCQL1024F24IN의 총매출, 총매입, 순이익(흑자/적자)은?"
PAT_adbf8b337943,"SELECT 'A54SX32A-TQ176' AS part_number, SUM(sale_quantity) AS total_qty, SUM(sale_quantity*actual_selling_price) AS total_amount FROM sales_orders WHERE part_number={{part_number}} AND strftime('%Y', sale_date)={{year}};","part_number, year",3,2023년 A54SX32A-TQ176의 총 판매 수량과 판매 금액은?
PAT_adc07105edd9,"SELECT 'CY62167DV30LL-55BVXI' AS part_number, SUM(purchase_quantity) AS total_qty, SUM(purchase_quantity*actual_unit_cost) AS total_amount FROM purchase_orders WHERE part_number={{part_number}} AND strftime('%Y', purchase_date)={{year}};","part_number, year",3,2023년 CY62167DV30LL-55BVXI의 총 구매 수량과 구매 금액은?
PAT_adcd9c2ece29,"SELECT 'ALT6300-C0' AS part_number, SUM(purchase_quantity) AS total_qty, SUM(purchase_quantity*actual_unit_cost) AS total_amount FROM purchase_orders WHERE part_number={{part_number}} AND strftime('%Y', purchase_date)={{year}};","part_number, year",3,2023년 ALT6300-C0의 총 구매 수량과 구매 금액은?
PAT_ae09b47be9c2,"SELECT 'XCF08PFS48C' AS part_number, SUM(purchase_quantity) AS total_qty, SUM(purchase_quantity*actual_unit_cost) AS total_amount FROM purchase_orders WHERE part_number={{part_number}} AND strftime('%Y', purchase_date)={{year}};","part_number, year",3,2023년 XCF08PFS48C의 총 구매 수량과 구매 금액은?
PAT_ae0dc78a9a5a,"SELECT 'XC4005E-4TQ144C' AS part_number, SUM(purchase_quantity) AS total_qty, SUM(purchase_quantity*actual_unit_cost) AS total_amount FROM purchase_orders WHERE part_number={{part_number}} AND strftime('%Y', purchase_date)={{year}};","part_number, year",3,2023년 XC4005E-4TQ144C의 총 구매 수량과 구매 금액은?
PAT_ae1a9bd12e5d,"SELECT '10M16SAU169I7G' AS part_number, SUM(purchase_quantity) AS total_qty, SUM(purchase_quantity*actual_unit_cost) AS total_amount FROM purchase_orders WHERE part_number={{part_number}} AND strftime('%Y', purchase_date)={{year}};","part_number, year",3,2023년 10M16SAU169I7G의 총 구매 수량과 구매 금액은?
PAT_ae1c667439e1,"SELECT 'XCF08PFS48C' AS part_number, COALESCE((SELECT SUM(sale_quantity*actual_selling_price) FROM sales_orders WHERE part_number={{part_number}} AND strftime('%Y', sale_date)={{year}}), 0) AS total_sales, COALESCE((SELECT SUM(purchase_quantity*actual_unit_cost) FROM purchase_orders WHERE part_number={{part_number}} AND strftime('%Y', purchase_date)={{year}}), 0) AS total_purchase, COALESCE((SELECT SUM(sale_quantity*actual_selling_price) FROM sales_orders WHERE part_number={{part_number}} AND strftime('%Y', sale_date)={{year}}), 0) - COALESCE((SELECT SUM(purchase_quantity*actual_unit_cost) FROM purchase_orders WHERE part_number={{part_number}} AND strftime('%Y', purchase_date)={{year}}), 0) AS profit;","part_number, year",3,"2023년 XCF08PFS48C의 총매출, 총매입, 순이익(흑자/적자)은?"
PAT_aea7b9e5f4e6,"SELECT 'CS92288-CB' AS part_number, SUM(purchase_quantity) AS total_qty, SUM(purchase_quantity*actual_unit_cost) AS total_amount FROM purchase_orders WHERE part_number={{part_number}} AND strftime('%Y', purchase_date)={{year}};","part_number, year",3,2023년 CS92288-CB의 총 구매 수량과 구매 금액은?
PAT_aed132c34ff0,"SELECT 'BCM8040A2KPBG' AS part_number, SUM(purchase_quantity) AS total_qty, SUM(purchase_quantity*actual_unit_cost) AS total_amount FROM purchase_orders WHERE part_number={{part_number}} AND strftime('%Y', purchase_date)={{year}};","part_number, year",3,2023년 BCM8040A2KPBG의 총 구매 수량과 구매 금액은?
PAT_af09329c30f5,"SELECT '88E1111-BO-BAB-C000' AS part_number, COALESCE((SELECT SUM(sale_quantity*actual_selling_price) FROM sales_orders WHERE part_number={{part_number}} AND strftime('%Y', sale_date)={{year}}), 0) AS total_sales, COALESCE((SELECT SUM(purchase_quantity*actual_unit_cost) FROM purchase_orders WHERE part_number={{part_number}} AND strftime('%Y', purchase_date)={{year}}), 0) AS total_purchase, COALESCE((SELECT SUM(sale_quantity*actual_selling_price) FROM sales_orders WHERE part_number={{part_number}} AND strftime('%Y', sale_date)={{year}}), 0) - COALESCE((SELECT SUM(purchase_quantity*actual_unit_cost) FROM purchase_orders WHERE part_number={{part_number}} AND strftime('%Y', purchase_date)={{year}}), 0) AS profit;","part_number, year",3,"2023년 88E1111-BO-BAB-C000의 총매출, 총매입, 순이익(흑자/적자)은?"
PAT_af7225283766,"SELECT v.vendor_name, SUM(s.sale_quantity*s.actual_selling_price) AS total_amount FROM sales_orders s JOIN vendors v ON s.vendor_id=v.vendor_id WHERE strftime('%Y', s.sale_date)='2023' AND strftime('%m', s.sale_date)='06' GROUP BY v.vendor_name ORDER BY total_amount DESC LIMIT 10;",,1,2023년 06월 벤더별 판매 금액 TOP 10은?
PAT_afb1238eb087,"SELECT 'BCM5228BA4KPBG' AS part_number, SUM(sale_quantity) AS total_qty, SUM(sale_quantity*actual_selling_price) AS total_amount FROM sales_orders WHERE part_number={{part_number}} AND strftime('%Y', sale_date)={{year}};","part_number, year",3,2023년 BCM5228BA4KPBG의 총 판매 수량과 판매 금액은?
PAT_afbacb95be2c,"SELECT v.vendor_name, SUM(s.sale_quantity*s.actual_selling_price) AS total_amount FROM sales_orders s JOIN vendors v ON s.vendor_id=v.vendor_id WHERE strftime('%Y', s.sale_date)='2025' AND strftime('%m', s.sale_date)='09' GROUP BY v.vendor_name ORDER BY total_amount DESC LIMIT 10;",,1,2025년 09월 벤더별 판매 금액 TOP 10은?
PAT_afcae4c57cfd,"SELECT 'AT89C5130A-PUTUM' AS part_number, SUM(sale_quantity) AS total_qty, SUM(sale_quantity*actual_selling_price) AS total_amount FROM sales_orders WHERE part_number={{part_number}} AND strftime('%Y', sale_date)={{year}};","part_number, year",3,2023년 AT89C5130A-PUTUM의 총 판매 수량과 판매 금액은?
PAT_b00b7d9c9e1e,"SELECT m.name AS manufacturer_name, SUM(p.purchase_quantity*p.actual_unit_cost) AS total_amount FROM purchase_orders p JOIN manufacturers m ON p.manufacturer_id=m.manufacturer_id WHERE strftime('%Y', p.purchase_date)='2023' AND strftime('%m', p.purchase_date)='07' GROUP BY m.name ORDER BY total_amount DESC LIMIT 10;",,1,2023년 07월 제조사별 구매 금액 TOP 10은?
PAT_b03d0396f079,"SELECT '88E111-CAA' AS part_number, SUM(purchase_quantity) AS total_qty, SUM(purchase_quantity*actual_unit_cost) AS total_amount FROM purchase_orders WHERE part_number={{part_number}} AND strftime('%Y', purchase_date)={{year}};","part_number, year",3,2023년 88E111-CAA의 총 구매 수량과 구매 금액은?
PAT_b04bb469c7fd,"SELECT '64M29EWB' AS part_number, SUM(sale_quantity) AS total_qty, SUM(sale_quantity*actual_selling_price) AS total_amount FROM sales_orders WHERE part_number={{part_number}} AND strftime('%Y', sale_date)={{year}};","part_number, year",3,2023년 64M29EWB의 총 판매 수량과 판매 금액은?
PAT_b08d2e8669e4,"SELECT 'A54SX32A-TQ176' AS part_number, SUM(purchase_quantity) AS total_qty, SUM(purchase_quantity*actual_unit_cost) AS total_amount FROM purchase_orders WHERE part_number={{part_number}} AND strftime('%Y', purchase_date)={{year}};","part_number, year",3,2023년 A54SX32A-TQ176의 총 구매 수량과 구매 금액은?
PAT_b11ca67cc17c,"SELECT 'BCM5464RA1KFB' AS part_number, SUM(purchase_quantity) AS total_qty, SUM(purchase_quantity*actual_unit_cost) AS total_amount FROM purchase_orders WHERE part_number={{part_number}} AND strftime('%Y', purchase_date)={{year}};","part_number, year",3,2023년 BCM5464RA1KFB의 총 구매 수량과 구매 금액은?
PAT_b16d580f8831,"SELECT 'AT45DB041B-CU' AS part_number, COALESCE((SELECT SUM(sale_quantity*actual_selling_price) FROM sales_orders WHERE part_number={{part_number}} AND strftime('%Y', sale_date)={{year}}), 0) AS total_sales, COALESCE((SELECT SUM(purchase_quantity*actual_unit_cost) FROM purchase_orders WHERE part_number={{part_number}} AND strftime('%Y', purchase_date)={{year}}), 0) AS total_purchase, COALESCE((SELECT SUM(sale_quantity*actual_selling_price) FROM sales_orders WHERE part_number={{part_number}} AND strftime('%Y', sale_date)={{year}}), 0) - COALESCE((SELECT SUM(purchase_quantity*actual_unit_cost) FROM purchase_orders WHERE part_number={{part_number}} AND strftime('%Y', purchase_date)={{year}}), 0) AS profit;","part_number, year",3,"2023년 AT45DB041B-CU의 총매출, 총매입, 순이익(흑자/적자)은?"
PAT_b176f27240c3,"SELECT 'Z84C3006PEC' AS part_number, COALESCE((SELECT SUM(sale_quantity*actual_selling_price) FROM sales_orders WHERE part_number={{part_number}} AND strftime('%Y', sale_date)={{year}}), 0) AS total_sales, COALESCE((SELECT SUM(purchase_quantity*actual_unit_cost) FROM purchase_orders WHERE part_number={{part_number}} AND strftime('%Y', purchase_date)={{year}}), 0) AS total_purchase, COALESCE((SELECT SUM(sale_quantity*actual_selling_price) FROM sales_orders WHERE part_number={{part_number}} AND strftime('%Y', sale_date)={{year}}), 0) - COALESCE((SELECT SUM(purchase_quantity*actual_unit_cost) FROM purchase_orders WHERE part_number={{part_number}} AND strftime('%Y', purchase_date)={{year}}), 0) AS profit;","part_number, year",3,"2023년 Z84C3006PEC의 총매출, 총매입, 순이익(흑자/적자)은?"
PAT_b1e45d9b08eb,"SELECT 'EP4CE30F19A7N' AS part_number, SUM(sale_quantity) AS total_qty, SUM(sale_quantity*actual_selling_price) AS total_amount FROM sales_orders WHERE part_number={{part_number}} AND strftime('%Y', sale_date)={{year}};","part_number, year",3,2023년 EP4CE30F19A7N의 총 판매 수량과 판매 금액은?
PAT_b1ea987cf56c,"SELECT 'EP1C6F256C7N' AS part_number, SUM(purchase_quantity) AS total_qty, SUM(purchase_quantity*actual_unit_cost) AS total_amount FROM purchase_orders WHERE part_number={{part_number}} AND strftime('%Y', purchase_date)={{year}};","part_number, year",3,2023년 EP1C6F256C7N의 총 구매 수량과 구매 금액은?
PAT_b23a46c52c7e,"SELECT '5AGTFD3H3F35I3NAA' AS part_number, SUM(purchase_quantity) AS total_qty, SUM(purchase_quantity*actual_unit_cost) AS total_amount FROM purchase_orders WHERE part_number={{part_number}} AND strftime('%Y', purchase_date)={{year}};","part_number, year",3,2023년 5AGTFD3H3F35I3NAA의 총 구매 수량과 구매 금액은?
PAT_b2978b10e520,"SELECT 'ELANSC410-33AC' AS part_number, COALESCE((SELECT SUM(sale_quantity*actual_selling_price) FROM sales_orders WHERE part_number={{part_number}} AND strftime('%Y', sale_date)={{year}}), 0) AS total_sales, COALESCE((SELECT SUM(purchase_quantity*actual_unit_cost) FROM purchase_orders WHERE part_number={{part_number}} AND strftime('%Y', purchase_date)={{year}}), 0) AS total_purchase, COALESCE((SELECT SUM(sale_quantity*actual_selling_price) FROM sales_orders WHERE part_number={{part_number}} AND strftime('%Y', sale_date)={{year}}), 0) - COALESCE((SELECT SUM(purchase_quantity*actual_unit_cost) FROM purchase_orders WHERE part_number={{part_number}} AND strftime('%Y', purchase_date)={{year}}), 0) AS profit;","part_number, year",3,"2023년 ELANSC410-33AC의 총매출, 총매입, 순이익(흑자/적자)은?"
PAT_b29935af8db7,"SELECT 'CY7C0831AV-133BXI' AS part_number, SUM(purchase_quantity) AS total_qty, SUM(purchase_quantity*actual_unit_cost) AS total_amount FROM purchase_orders WHERE part_number={{part_number}} AND strftime('%Y', purchase_date)={{year}};","part_number, year",3,2023년 CY7C0831AV-133BXI의 총 구매 수량과 구매 금액은?
PAT_b328d99b8e1b,"SELECT 'BCM6512IPBG' AS part_number, SUM(purchase_quantity) AS total_qty, SUM(purchase_quantity*actual_unit_cost) AS total_amount FROM purchase_orders WHERE part_number={{part_number}} AND strftime('%Y', purchase_date)={{year}};","part_number, year",3,2023년 BCM6512IPBG의 총 구매 수량과 구매 금액은?
PAT_b37359079f98,"SELECT 'EP1C12F324I7' AS part_number, COALESCE((SELECT SUM(sale_quantity*actual_selling_price) FROM sales_orders WHERE part_number={{part_number}} AND strftime('%Y', sale_date)={{year}}), 0) AS total_sales, COALESCE((SELECT SUM(purchase_quantity*actual_unit_cost) FROM purchase_orders WHERE part_number={{part_number}} AND strftime('%Y', purchase_date)={{year}}), 0) AS total_purchase, COALESCE((SELECT SUM(sale_quantity*actual_selling_price) FROM sales_orders WHERE part_number={{part_number}} AND strftime('%Y', sale_date)={{year}}), 0) - COALESCE((SELECT SUM(purchase_quantity*actual_unit_cost) FROM purchase_orders WHERE part_number={{part_number}} AND strftime('%Y', purchase_date)={{year}}), 0) AS profit;","part_number, year",3,"2023년 EP1C12F324I7의 총매출, 총매입, 순이익(흑자/적자)은?"
PAT_b38eacc043fe,"SELECT 'EPF10K100ABC356-2' AS part_number, SUM(purchase_quantity) AS total_qty, SUM(purchase_quantity*actual_unit_cost) AS total_amount FROM purchase_orders WHERE part_number={{part_number}} AND strftime('%Y', purchase_date)={{year}};","part_number, year",3,2023년 EPF10K100ABC356-2의 총 구매 수량과 구매 금액은?
PAT_b3b5a6ca6f40,"SELECT 'EP1S40B956C6' AS part_number, SUM(purchase_quantity) AS total_qty, SUM(purchase_quantity*actual_unit_cost) AS total_amount FROM purchase_orders WHERE part_number={{part_number}} AND strftime('%Y', purchase_date)={{year}};","part_number, year",3,2023년 EP1S40B956C6의 총 구매 수량과 구매 금액은?
PAT_b3d9d08ccc81,"SELECT 'CS5916AA' AS part_number, COALESCE((SELECT SUM(sale_quantity*actual_selling_price) FROM sales_orders WHERE part_number={{part_number}} AND strftime('%Y', sale_date)={{year}}), 0) AS total_sales, COALESCE((SELECT SUM(purchase_quantity*actual_unit_cost) FROM purchase_orders WHERE part_number={{part_number}} AND strftime('%Y', purchase_date)={{year}}), 0) AS total_purchase, COALESCE((SELECT SUM(sale_quantity*actual_selling_price) FROM sales_orders WHERE part_number={{part_number}} AND strftime('%Y', sale_date)={{year}}), 0) - COALESCE((SELECT SUM(purchase_quantity*actual_unit_cost) FROM purchase_orders WHERE part_number={{part_number}} AND strftime('%Y', purchase_date)={{year}}), 0) AS profit;","part_number, year",3,"2023년 CS5916AA의 총매출, 총매입, 순이익(흑자/적자)은?"
PAT_b41bcf63b6f0,"SELECT 'AGXD533EEXF0BC' AS part_number, SUM(purchase_quantity) AS total_qty, SUM(purchase_quantity*actual_unit_cost) AS total_amount FROM purchase_orders WHERE part_number={{part_number}} AND strftime('%Y', purchase_date)={{year}};","part_number, year",3,2023년 AGXD533EEXF0BC의 총 구매 수량과 구매 금액은?
PAT_b4cb13d12f3a,"SELECT 'ALT3800-B0' AS part_number, SUM(purchase_quantity) AS total_qty, SUM(purchase_quantity*actual_unit_cost) AS total_amount FROM purchase_orders WHERE part_number={{part_number}} AND strftime('%Y', purchase_date)={{year}};","part_number, year",3,2023년 ALT3800-B0의 총 구매 수량과 구매 금액은?
PAT_b506f9dd5a38,"SELECT 'EX128-FCSG128' AS part_number, COALESCE((SELECT SUM(sale_quantity*actual_selling_price) FROM sales_orders WHERE part_number={{part_number}} AND strftime('%Y', sale_date)={{year}}), 0) AS total_sales, COALESCE((SELECT SUM(purchase_quantity*actual_unit_cost) FROM purchase_orders WHERE part_number={{part_number}} AND strftime('%Y', purchase_date)={{year}}), 0) AS total_purchase, COALESCE((SELECT SUM(sale_quantity*actual_selling_price) FROM sales_orders WHERE part_number={{part_number}} AND strftime('%Y', sale_date)={{year}}), 0) - COALESCE((SELECT SUM(purchase_quantity*actual_unit_cost) FROM purchase_orders WHERE part_number={{part_number}} AND strftime('%Y', purchase_date)={{year}}), 0) AS profit;","part_number, year",3,"2023년 EX128-FCSG128의 총매출, 총매입, 순이익(흑자/적자)은?"
PAT_b52d85df9544,"SELECT 'CY62157DV30LL-70BVI' AS part_number, SUM(purchase_quantity) AS total_qty, SUM(purchase_quantity*actual_unit_cost) AS total_amount FROM purchase_orders WHERE part_number={{part_number}} AND strftime('%Y', purchase_date)={{year}};","part_number, year",3,2023년 CY62157DV30LL-70BVI의 총 구매 수량과 구매 금액은?
PAT_b5561d25e37b,"SELECT 'BCM5321MKPBG' AS part_number, COALESCE((SELECT SUM(sale_quantity*actual_selling_price) FROM sales_orders WHERE part_number={{part_number}} AND strftime('%Y', sale_date)={{year}}), 0) AS total_sales, COALESCE((SELECT SUM(purchase_quantity*actual_unit_cost) FROM purchase_orders WHERE part_number={{part_number}} AND strftime('%Y', purchase_date)={{year}}), 0) AS total_purchase, COALESCE((SELECT SUM(sale_quantity*actual_selling_price) FROM sales_orders WHERE part_number={{part_number}} AND strftime('%Y', sale_date)={{year}}), 0) - COALESCE((SELECT SUM(purchase_quantity*actual_unit_cost) FROM purchase_orders WHERE part_number={{part_number}} AND strftime('%Y', purchase_date)={{year}}), 0) AS profit;","part_number, year",3,"2023년 BCM5321MKPBG의 총매출, 총매입, 순이익(흑자/적자)은?"
PAT_b559bde42285,"SELECT 'CNW5302-250BG624-SCP-G' AS part_number, SUM(sale_quantity) AS total_qty, SUM(sale_quantity*actual_selling_price) AS total_amount FROM sales_orders WHERE part_number={{part_number}} AND strftime('%Y', sale_date)={{year}};","part_number, year",3,2023년 CNW5302-250BG624-SCP-G의 총 판매 수량과 판매 금액은?
PAT_b5d1ebefdb0e,"SELECT 'BSZ15DC02KDH' AS part_number, SUM(sale_quantity) AS total_qty, SUM(sale_quantity*actual_selling_price) AS total_amount FROM sales_orders WHERE part_number={{part_number}} AND strftime('%Y', sale_date)={{year}};","part_number, year",3,2023년 BSZ15DC02KDH의 총 판매 수량과 판매 금액은?
PAT_b5f7d384f8a3,"SELECT 'DL-165' AS part_number, SUM(purchase_quantity) AS total_qty, SUM(purchase_quantity*actual_unit_cost) AS total_amount FROM purchase_orders WHERE part_number={{part_number}} AND strftime('%Y', purchase_date)={{year}};","part_number, year",3,2023년 DL-165의 총 구매 수량과 구매 금액은?
PAT_b65182ac8c1c,"SELECT '80-CBR04C229B5G' AS part_number, SUM(sale_quantity) AS total_qty, SUM(sale_quantity*actual_selling_price) AS total_amount FROM sales_orders WHERE part_number={{part_number}} AND strftime('%Y', sale_date)={{year}};","part_number, year",3,2023년 80-CBR04C229B5G의 총 판매 수량과 판매 금액은?
PAT_b7277db636f6,"SELECT 'CXD4130GG' AS part_number, SUM(purchase_quantity) AS total_qty, SUM(purchase_quantity*actual_unit_cost) AS total_amount FROM purchase_orders WHERE part_number={{part_number}} AND strftime('%Y', purchase_date)={{year}};","part_number, year",3,2023년 CXD4130GG의 총 구매 수량과 구매 금액은?
PAT_b729c8e52588,"SELECT 'AG64EB1N' AS part_number, SUM(sale_quantity) AS total_qty, SUM(sale_quantity*actual_selling_price) AS total_amount FROM sales_orders WHERE part_number={{part_number}} AND strftime('%Y', sale_date)={{year}};","part_number, year",3,2023년 AG64EB1N의 총 판매 수량과 판매 금액은?
PAT_b73b802aca20,"SELECT 'EP1S25F1020C7N' AS part_number, SUM(purchase_quantity) AS total_qty, SUM(purchase_quantity*actual_unit_cost) AS total_amount FROM purchase_orders WHERE part_number={{part_number}} AND strftime('%Y', purchase_date)={{year}};","part_number, year",3,2023년 EP1S25F1020C7N의 총 구매 수량과 구매 금액은?
PAT_b7c2ea42d961,"SELECT 'CA91L862A-50IL' AS part_number, SUM(purchase_quantity) AS total_qty, SUM(purchase_quantity*actual_unit_cost) AS total_amount FROM purchase_orders WHERE part_number={{part_number}} AND strftime('%Y', purchase_date)={{year}};","part_number, year",3,2023년 CA91L862A-50IL의 총 구매 수량과 구매 금액은?
PAT_b7e6f2513ae7,"SELECT 'BCM5387IFBG' AS part_number, COALESCE((SELECT SUM(sale_quantity*actual_selling_price) FROM sales_orders WHERE part_number={{part_number}} AND strftime('%Y', sale_date)={{year}}), 0) AS total_sales, COALESCE((SELECT SUM(purchase_quantity*actual_unit_cost) FROM purchase_orders WHERE part_number={{part_number}} AND strftime('%Y', purchase_date)={{year}}), 0) AS total_purchase, COALESCE((SELECT SUM(sale_quantity*actual_selling_price) FROM sales_orders WHERE part_number={{part_number}} AND strftime('%Y', sale_date)={{year}}), 0) - COALESCE((SELECT SUM(purchase_quantity*actual_unit_cost) FROM purchase_orders WHERE part_number={{part_number}} AND strftime('%Y', purchase_date)={{year}}), 0) AS profit;","part_number, year",3,"2023년 BCM5387IFBG의 총매출, 총매입, 순이익(흑자/적자)은?"
PAT_b8082b3ad877,"SELECT 'EP1S25F672C7' AS part_number, SUM(sale_quantity) AS total_qty, SUM(sale_quantity*actual_selling_price) AS total_amount FROM sales_orders WHERE part_number={{part_number}} AND strftime('%Y', sale_date)={{year}};","part_number, year",3,2023년 EP1S25F672C7의 총 판매 수량과 판매 금액은?
PAT_b935bead685b,"SELECT 'BCM54610KFBG' AS part_number, SUM(sale_quantity) AS total_qty, SUM(sale_quantity*actual_selling_price) AS total_amount FROM sales_orders WHERE part_number={{part_number}} AND strftime('%Y', sale_date)={{year}};","part_number, year",3,2023년 BCM54610KFBG의 총 판매 수량과 판매 금액은?
PAT_b9cfc1b6140b,"SELECT 'EPF10K50SFC256-3' AS part_number, SUM(sale_quantity) AS total_qty, SUM(sale_quantity*actual_selling_price) AS total_amount FROM sales_orders WHERE part_number={{part_number}} AND strftime('%Y', sale_date)={{year}};","part_number, year",3,2023년 EPF10K50SFC256-3의 총 판매 수량과 판매 금액은?
PAT_b9d807542e53,"SELECT 'FWIXP425BC' AS part_number, COALESCE((SELECT SUM(sale_quantity*actual_selling_price) FROM sales_orders WHERE part_number={{part_number}} AND strftime('%Y', sale_date)={{year}}), 0) AS total_sales, COALESCE((SELECT SUM(purchase_quantity*actual_unit_cost) FROM purchase_orders WHERE part_number={{part_number}} AND strftime('%Y', purchase_date)={{year}}), 0) AS total_purchase, COALESCE((SELECT SUM(sale_quantity*actual_selling_price) FROM sales_orders WHERE part_number={{part_number}} AND strftime('%Y', sale_date)={{year}}), 0) - COALESCE((SELECT SUM(purchase_quantity*actual_unit_cost) FROM purchase_orders WHERE part_number={{part_number}} AND strftime('%Y', purchase_date)={{year}}), 0) AS profit;","part_number, year",3,"2023년 FWIXP425BC의 총매출, 총매입, 순이익(흑자/적자)은?"
PAT_ba28a858b5b7,"SELECT '5J29902A' AS part_number, COALESCE((SELECT SUM(sale_quantity*actual_selling_price) FROM sales_orders WHERE part_number={{part_number}} AND strftime('%Y', sale_date)={{year}}), 0) AS total_sales, COALESCE((SELECT SUM(purchase_quantity*actual_unit_cost) FROM purchase_orders WHERE part_number={{part_number}} AND strftime('%Y', purchase_date)={{year}}), 0) AS total_purchase, COALESCE((SELECT SUM(sale_quantity*actual_selling_price) FROM sales_orders WHERE part_number={{part_number}} AND strftime('%Y', sale_date)={{year}}), 0) - COALESCE((SELECT SUM(purchase_quantity*actual_unit_cost) FROM purchase_orders WHERE part_number={{part_number}} AND strftime('%Y', purchase_date)={{year}}), 0) AS profit;","part_number, year",3,"2023년 5J29902A의 총매출, 총매입, 순이익(흑자/적자)은?"
PAT_ba88dfb45f87,"SELECT 'EPF10K100ABC356-2' AS part_number, COALESCE((SELECT SUM(sale_quantity*actual_selling_price) FROM sales_orders WHERE part_number={{part_number}} AND strftime('%Y', sale_date)={{year}}), 0) AS total_sales, COALESCE((SELECT SUM(purchase_quantity*actual_unit_cost) FROM purchase_orders WHERE part_number={{part_number}} AND strftime('%Y', purchase_date)={{year}}), 0) AS total_purchase, COALESCE((SELECT SUM(sale_quantity*actual_selling_price) FROM sales_orders WHERE part_number={{part_number}} AND strftime('%Y', sale_date)={{year}}), 0) - COALESCE((SELECT SUM(purchase_quantity*actual_unit_cost) FROM purchase_orders WHERE part_number={{part_number}} AND strftime('%Y', purchase_date)={{year}}), 0) AS profit;","part_number, year",3,"2023년 EPF10K100ABC356-2의 총매출, 총매입, 순이익(흑자/적자)은?"
PAT_bae84c83e331,"SELECT 'LE87281NQCT' AS part_number, SUM(sale_quantity) AS total_qty, SUM(sale_quantity*actual_selling_price) AS total_amount FROM sales_orders WHERE part_number={{part_number}} AND strftime('%Y', sale_date)={{year}};","part_number, year",3,2023년 LE87281NQCT의 총 판매 수량과 판매 금액은?
PAT_bb3d0115550b,"SELECT 'CA91L862A-50CE' AS part_number, COALESCE((SELECT SUM(sale_quantity*actual_selling_price) FROM sales_orders WHERE part_number={{part_number}} AND strftime('%Y', sale_date)={{year}}), 0) AS total_sales, COALESCE((SELECT SUM(purchase_quantity*actual_unit_cost) FROM purchase_orders WHERE part_number={{part_number}} AND strftime('%Y', purchase_date)={{year}}), 0) AS total_purchase, COALESCE((SELECT SUM(sale_quantity*actual_selling_price) FROM sales_orders WHERE part_number={{part_number}} AND strftime('%Y', sale_date)={{year}}), 0) - COALESCE((SELECT SUM(purchase_quantity*actual_unit_cost) FROM purchase_orders WHERE part_number={{part_number}} AND strftime('%Y', purchase_date)={{year}}), 0) AS profit;","part_number, year",3,"2023년 CA91L862A-50CE의 총매출, 총매입, 순이익(흑자/적자)은?"
PAT_bb4184ea6981,"SELECT '5CEFA5F23I7N' AS part_number, COALESCE((SELECT SUM(sale_quantity*actual_selling_price) FROM sales_orders WHERE part_number={{part_number}} AND strftime('%Y', sale_date)={{year}}), 0) AS total_sales, COALESCE((SELECT SUM(purchase_quantity*actual_unit_cost) FROM purchase_orders WHERE part_number={{part_number}} AND strftime('%Y', purchase_date)={{year}}), 0) AS total_purchase, COALESCE((SELECT SUM(sale_quantity*actual_selling_price) FROM sales_orders WHERE part_number={{part_number}} AND strftime('%Y', sale_date)={{year}}), 0) - COALESCE((SELECT SUM(purchase_quantity*actual_unit_cost) FROM purchase_orders WHERE part_number={{part_number}} AND strftime('%Y', purchase_date)={{year}}), 0) AS profit;","part_number, year",3,"2023년 5CEFA5F23I7N의 총매출, 총매입, 순이익(흑자/적자)은?"
PAT_bb5dcf00ed37,"SELECT 'BCM7401RKPB33G' AS part_number, SUM(purchase_quantity) AS total_qty, SUM(purchase_quantity*actual_unit_cost) AS total_amount FROM purchase_orders WHERE part_number={{part_number}} AND strftime('%Y', purchase_date)={{year}};","part_number, year",3,2023년 BCM7401RKPB33G의 총 구매 수량과 구매 금액은?
PAT_bb6cb5c1e1db,"SELECT 'AM29LV640DU90RWHIT' AS part_number, SUM(purchase_quantity) AS total_qty, SUM(purchase_quantity*actual_unit_cost) AS total_amount FROM purchase_orders WHERE part_number={{part_number}} AND strftime('%Y', purchase_date)={{year}};","part_number, year",3,2023년 AM29LV640DU90RWHIT의 총 구매 수량과 구매 금액은?
PAT_bc61435ccf3a,"SELECT 'ADSP-21369KBPZ-2A' AS part_number, SUM(sale_quantity) AS total_qty, SUM(sale_quantity*actual_selling_price) AS total_amount FROM sales_orders WHERE part_number={{part_number}} AND strftime('%Y', sale_date)={{year}};","part_number, year",3,2023년 ADSP-21369KBPZ-2A의 총 판매 수량과 판매 금액은?
PAT_bc79693419b1,"SELECT 'TLT9255WLC' AS part_number, COALESCE((SELECT SUM(sale_quantity*actual_selling_price) FROM sales_orders WHERE part_number={{part_number}} AND strftime('%Y', sale_date)={{year}}), 0) AS total_sales, COALESCE((SELECT SUM(purchase_quantity*actual_unit_cost) FROM purchase_orders WHERE part_number={{part_number}} AND strftime('%Y', purchase_date)={{year}}), 0) AS total_purchase, COALESCE((SELECT SUM(sale_quantity*actual_selling_price) FROM sales_orders WHERE part_number={{part_number}} AND strftime('%Y', sale_date)={{year}}), 0) - COALESCE((SELECT SUM(purchase_quantity*actual_unit_cost) FROM purchase_orders WHERE part_number={{part_number}} AND strftime('%Y', purchase_date)={{year}}), 0) AS profit;","part_number, year",3,"2023년 TLT9255WLC의 총매출, 총매입, 순이익(흑자/적자)은?"
PAT_bcbe79502520,"SELECT 'CY7C1313AV18-250BZC' AS part_number, SUM(sale_quantity) AS total_qty, SUM(sale_quantity*actual_selling_price) AS total_amount FROM sales_orders WHERE part_number={{part_number}} AND strftime('%Y', sale_date)={{year}};","part_number, year",3,2023년 CY7C1313AV18-250BZC의 총 판매 수량과 판매 금액은?
PAT_bcd099a99c5a,"SELECT 'CY7C1515KV18-300BZXI' AS part_number, SUM(purchase_quantity) AS total_qty, SUM(purchase_quantity*actual_unit_cost) AS total_amount FROM purchase_orders WHERE part_number={{part_number}} AND strftime('%Y', purchase_date)={{year}};","part_number, year",3,2023년 CY7C1515KV18-300BZXI의 총 구매 수량과 구매 금액은?
PAT_bd650c14d8ac,"SELECT 'EP1S80F1020C6N' AS part_number, SUM(purchase_quantity) AS total_qty, SUM(purchase_quantity*actual_unit_cost) AS total_amount FROM purchase_orders WHERE part_number={{part_number}} AND strftime('%Y', purchase_date)={{year}};","part_number, year",3,2023년 EP1S80F1020C6N의 총 구매 수량과 구매 금액은?
PAT_bda4cd51a5de,"SELECT 'EP1S80F1020C6N' AS part_number, SUM(sale_quantity) AS total_qty, SUM(sale_quantity*actual_selling_price) AS total_amount FROM sales_orders WHERE part_number={{part_number}} AND strftime('%Y', sale_date)={{year}};","part_number, year",3,2023년 EP1S80F1020C6N의 총 판매 수량과 판매 금액은?
PAT_bdeffd9b0354,"SELECT 'EP20K400EFC672-1X' AS part_number, COALESCE((SELECT SUM(sale_quantity*actual_selling_price) FROM sales_orders WHERE part_number={{part_number}} AND strftime('%Y', sale_date)={{year}}), 0) AS total_sales, COALESCE((SELECT SUM(purchase_quantity*actual_unit_cost) FROM purchase_orders WHERE part_number={{part_number}} AND strftime('%Y', purchase_date)={{year}}), 0) AS total_purchase, COALESCE((SELECT SUM(sale_quantity*actual_selling_price) FROM sales_orders WHERE part_number={{part_number}} AND strftime('%Y', sale_date)={{year}}), 0) - COALESCE((SELECT SUM(purchase_quantity*actual_unit_cost) FROM purchase_orders WHERE part_number={{part_number}} AND strftime('%Y', purchase_date)={{year}}), 0) AS profit;","part_number, year",3,"2023년 EP20K400EFC672-1X의 총매출, 총매입, 순이익(흑자/적자)은?"
PAT_bee1a3e99f6a,"SELECT 'FLLXT384BE.B1' AS part_number, COALESCE((SELECT SUM(sale_quantity*actual_selling_price) FROM sales_orders WHERE part_number={{part_number}} AND strftime('%Y', sale_date)={{year}}), 0) AS total_sales, COALESCE((SELECT SUM(purchase_quantity*actual_unit_cost) FROM purchase_orders WHERE part_number={{part_number}} AND strftime('%Y', purchase_date)={{year}}), 0) AS total_purchase, COALESCE((SELECT SUM(sale_quantity*actual_selling_price) FROM sales_orders WHERE part_number={{part_number}} AND strftime('%Y', sale_date)={{year}}), 0) - COALESCE((SELECT SUM(purchase_quantity*actual_unit_cost) FROM purchase_orders WHERE part_number={{part_number}} AND strftime('%Y', purchase_date)={{year}}), 0) AS profit;","part_number, year",3,"2023년 FLLXT384BE.B1의 총매출, 총매입, 순이익(흑자/적자)은?"
PAT_bef96e2725c4,"SELECT '98EX126-BDN' AS part_number, SUM(purchase_quantity) AS total_qty, SUM(purchase_quantity*actual_unit_cost) AS total_amount FROM purchase_orders WHERE part_number={{part_number}} AND strftime('%Y', purchase_date)={{year}};","part_number, year",3,2023년 98EX126-BDN의 총 구매 수량과 구매 금액은?
PAT_bf73d951bc8b,"SELECT 'BCM5228BA4KPBG' AS part_number, COALESCE((SELECT SUM(sale_quantity*actual_selling_price) FROM sales_orders WHERE part_number={{part_number}} AND strftime('%Y', sale_date)={{year}}), 0) AS total_sales, COALESCE((SELECT SUM(purchase_quantity*actual_unit_cost) FROM purchase_orders WHERE part_number={{part_number}} AND strftime('%Y', purchase_date)={{year}}), 0) AS total_purchase, COALESCE((SELECT SUM(sale_quantity*actual_selling_price) FROM sales_orders WHERE part_number={{part_number}} AND strftime('%Y', sale_date)={{year}}), 0) - COALESCE((SELECT SUM(purchase_quantity*actual_unit_cost) FROM purchase_orders WHERE part_number={{part_number}} AND strftime('%Y', purchase_date)={{year}}), 0) AS profit;","part_number, year",3,"2023년 BCM5228BA4KPBG의 총매출, 총매입, 순이익(흑자/적자)은?"
PAT_bfb66ed96383,"SELECT 'AM29LV800BB-90WBCT' AS part_number, COALESCE((SELECT SUM(sale_quantity*actual_selling_price) FROM sales_orders WHERE part_number={{part_number}} AND strftime('%Y', sale_date)={{year}}), 0) AS total_sales, COALESCE((SELECT SUM(purchase_quantity*actual_unit_cost) FROM purchase_orders WHERE part_number={{part_number}} AND strftime('%Y', purchase_date)={{year}}), 0) AS total_purchase, COALESCE((SELECT SUM(sale_quantity*actual_selling_price) FROM sales_orders WHERE part_number={{part_number}} AND strftime('%Y', sale_date)={{year}}), 0) - COALESCE((SELECT SUM(purchase_quantity*actual_unit_cost) FROM purchase_orders WHERE part_number={{part_number}} AND strftime('%Y', purchase_date)={{year}}), 0) AS profit;","part_number, year",3,"2023년 AM29LV800BB-90WBCT의 총매출, 총매입, 순이익(흑자/적자)은?"
PAT_bfbc1b1eea68,"SELECT 'EP1C20F324C7' AS part_number, COALESCE((SELECT SUM(sale_quantity*actual_selling_price) FROM sales_orders WHERE part_number={{part_number}} AND strftime('%Y', sale_date)={{year}}), 0) AS total_sales, COALESCE((SELECT SUM(purchase_quantity*actual_unit_cost) FROM purchase_orders WHERE part_number={{part_number}} AND strftime('%Y', purchase_date)={{year}}), 0) AS total_purchase, COALESCE((SELECT SUM(sale_quantity*actual_selling_price) FROM sales_orders WHERE part_number={{part_number}} AND strftime('%Y', sale_date)={{year}}), 0) - COALESCE((SELECT SUM(purchase_quantity*actual_unit_cost) FROM purchase_orders WHERE part_number={{part_number}} AND strftime('%Y', purchase_date)={{year}}), 0) AS profit;","part_number, year",3,"2023년 EP1C20F324C7의 총매출, 총매입, 순이익(흑자/적자)은?"
PAT_bfd50a5b8223,"SELECT 'CXE16KDT-1' AS part_number, SUM(sale_quantity) AS total_qty, SUM(sale_quantity*actual_selling_price) AS total_amount FROM sales_orders WHERE part_number={{part_number}} AND strftime('%Y', sale_date)={{year}};","part_number, year",3,2023년 CXE16KDT-1의 총 판매 수량과 판매 금액은?
PAT_bfe20f28d60a,"SELECT 'CYP15G0401DXB-BGXI' AS part_number, COALESCE((SELECT SUM(sale_quantity*actual_selling_price) FROM sales_orders WHERE part_number={{part_number}} AND strftime('%Y', sale_date)={{year}}), 0) AS total_sales, COALESCE((SELECT SUM(purchase_quantity*actual_unit_cost) FROM purchase_orders WHERE part_number={{part_number}} AND strftime('%Y', purchase_date)={{year}}), 0) AS total_purchase, COALESCE((SELECT SUM(sale_quantity*actual_selling_price) FROM sales_orders WHERE part_number={{part_number}} AND strftime('%Y', sale_date)={{year}}), 0) - COALESCE((SELECT SUM(purchase_quantity*actual_unit_cost) FROM purchase_orders WHERE part_number={{part_number}} AND strftime('%Y', purchase_date)={{year}}), 0) AS profit;","part_number, year",3,"2023년 CYP15G0401DXB-BGXI의 총매출, 총매입, 순이익(흑자/적자)은?"
PAT_c030abce569e,"SELECT '88F5182-A2-BEG1C500' AS part_number, SUM(purchase_quantity) AS total_qty, SUM(purchase_quantity*actual_unit_cost) AS total_amount FROM purchase_orders WHERE part_number={{part_number}} AND strftime('%Y', purchase_date)={{year}};","part_number, year",3,2023년 88F5182-A2-BEG1C500의 총 구매 수량과 구매 금액은?
PAT_c034d6c9838d,"SELECT 'CY7C1314CV18-200BZI' AS part_number, SUM(sale_quantity) AS total_qty, SUM(sale_quantity*actual_selling_price) AS total_amount FROM sales_orders WHERE part_number={{part_number}} AND strftime('%Y', sale_date)={{year}};","part_number, year",3,2023년 CY7C1314CV18-200BZI의 총 판매 수량과 판매 금액은?
PAT_c034f5540168,"SELECT 'CS61884-IB' AS part_number, SUM(sale_quantity) AS total_qty, SUM(sale_quantity*actual_selling_price) AS total_amount FROM sales_orders WHERE part_number={{part_number}} AND strftime('%Y', sale_date)={{year}};","part_number, year",3,2023년 CS61884-IB의 총 판매 수량과 판매 금액은?
PAT_c06b4511e3f0,"SELECT 'EP3C16F256I7N' AS part_number, SUM(sale_quantity) AS total_qty, SUM(sale_quantity*actual_selling_price) AS total_amount FROM sales_orders WHERE part_number={{part_number}} AND strftime('%Y', sale_date)={{year}};","part_number, year",3,2023년 EP3C16F256I7N의 총 판매 수량과 판매 금액은?
PAT_c0d9706438cb,"SELECT 'BCM5387IFBG' AS part_number, SUM(sale_quantity) AS total_qty, SUM(sale_quantity*actual_selling_price) AS total_amount FROM sales_orders WHERE part_number={{part_number}} AND strftime('%Y', sale_date)={{year}};","part_number, year",3,2023년 BCM5387IFBG의 총 판매 수량과 판매 금액은?
PAT_c0f2ed88a0fb,"SELECT 'CN5020-300BG564-SCP-G' AS part_number, SUM(purchase_quantity) AS total_qty, SUM(purchase_quantity*actual_unit_cost) AS total_amount FROM purchase_orders WHERE part_number={{part_number}} AND strftime('%Y', purchase_date)={{year}};","part_number, year",3,2023년 CN5020-300BG564-SCP-G의 총 구매 수량과 구매 금액은?
PAT_c0f7fd8e7f43,"SELECT 'LC4032ZE-7TN48I-P018' AS part_number, SUM(purchase_quantity) AS total_qty, SUM(purchase_quantity*actual_unit_cost) AS total_amount FROM purchase_orders WHERE part_number={{part_number}} AND strftime('%Y', purchase_date)={{year}};","part_number, year",3,2023년 LC4032ZE-7TN48I-P018의 총 구매 수량과 구매 금액은?
PAT_c0fd7bc1b2e5,"SELECT 'CY7C1021BV33L-15BAIT' AS part_number, COALESCE((SELECT SUM(sale_quantity*actual_selling_price) FROM sales_orders WHERE part_number={{part_number}} AND strftime('%Y', sale_date)={{year}}), 0) AS total_sales, COALESCE((SELECT SUM(purchase_quantity*actual_unit_cost) FROM purchase_orders WHERE part_number={{part_number}} AND strftime('%Y', purchase_date)={{year}}), 0) AS total_purchase, COALESCE((SELECT SUM(sale_quantity*actual_selling_price) FROM sales_orders WHERE part_number={{part_number}} AND strftime('%Y', sale_date)={{year}}), 0) - COALESCE((SELECT SUM(purchase_quantity*actual_unit_cost) FROM purchase_orders WHERE part_number={{part_number}} AND strftime('%Y', purchase_date)={{year}}), 0) AS profit;","part_number, year",3,"2023년 CY7C1021BV33L-15BAIT의 총매출, 총매입, 순이익(흑자/적자)은?"
PAT_c1cee509abb1,"SELECT 'EP1K100FC484-3N' AS part_number, COALESCE((SELECT SUM(sale_quantity*actual_selling_price) FROM sales_orders WHERE part_number={{part_number}} AND strftime('%Y', sale_date)={{year}}), 0) AS total_sales, COALESCE((SELECT SUM(purchase_quantity*actual_unit_cost) FROM purchase_orders WHERE part_number={{part_number}} AND strftime('%Y', purchase_date)={{year}}), 0) AS total_purchase, COALESCE((SELECT SUM(sale_quantity*actual_selling_price) FROM sales_orders WHERE part_number={{part_number}} AND strftime('%Y', sale_date)={{year}}), 0) - COALESCE((SELECT SUM(purchase_quantity*actual_unit_cost) FROM purchase_orders WHERE part_number={{part_number}} AND strftime('%Y', purchase_date)={{year}}), 0) AS profit;","part_number, year",3,"2023년 EP1K100FC484-3N의 총매출, 총매입, 순이익(흑자/적자)은?"
PAT_c2996ccfb50d,"SELECT 'CA91L862A-50IL' AS part_number, COALESCE((SELECT SUM(sale_quantity*actual_selling_price) FROM sales_orders WHERE part_number={{part_number}} AND strftime('%Y', sale_date)={{year}}), 0) AS total_sales, COALESCE((SELECT SUM(purchase_quantity*actual_unit_cost) FROM purchase_orders WHERE part_number={{part_number}} AND strftime('%Y', purchase_date)={{year}}), 0) AS total_purchase, COALESCE((SELECT SUM(sale_quantity*actual_selling_price) FROM sales_orders WHERE part_number={{part_number}} AND strftime('%Y', sale_date)={{year}}), 0) - COALESCE((SELECT SUM(purchase_quantity*actual_unit_cost) FROM purchase_orders WHERE part_number={{part_number}} AND strftime('%Y', purchase_date)={{year}}), 0) AS profit;","part_number, year",3,"2023년 CA91L862A-50IL의 총매출, 총매입, 순이익(흑자/적자)은?"
PAT_c2d71cf187b6,"SELECT 'EP20K60EFC324-1' AS part_number, SUM(purchase_quantity) AS total_qty, SUM(purchase_quantity*actual_unit_cost) AS total_amount FROM purchase_orders WHERE part_number={{part_number}} AND strftime('%Y', purchase_date)={{year}};","part_number, year",3,2023년 EP20K60EFC324-1의 총 구매 수량과 구매 금액은?
PAT_c334b7092b13,"SELECT 'Z84C3006PEC' AS part_number, SUM(sale_quantity) AS total_qty, SUM(sale_quantity*actual_selling_price) AS total_amount FROM sales_orders WHERE part_number={{part_number}} AND strftime('%Y', sale_date)={{year}};","part_number, year",3,2023년 Z84C3006PEC의 총 판매 수량과 판매 금액은?
PAT_c393874308eb,"SELECT '71V2556SA133BG' AS part_number, SUM(sale_quantity) AS total_qty, SUM(sale_quantity*actual_selling_price) AS total_amount FROM sales_orders WHERE part_number={{part_number}} AND strftime('%Y', sale_date)={{year}};","part_number, year",3,2023년 71V2556SA133BG의 총 판매 수량과 판매 금액은?
PAT_c3b5964ec8c1,"SELECT 'BCM4752IUB2G' AS part_number, SUM(purchase_quantity) AS total_qty, SUM(purchase_quantity*actual_unit_cost) AS total_amount FROM purchase_orders WHERE part_number={{part_number}} AND strftime('%Y', purchase_date)={{year}};","part_number, year",3,2023년 BCM4752IUB2G의 총 구매 수량과 구매 금액은?
PAT_c3bc5fcaea66,"SELECT '88E1322-A0-BAM2C000' AS part_number, SUM(sale_quantity) AS total_qty, SUM(sale_quantity*actual_selling_price) AS total_amount FROM sales_orders WHERE part_number={{part_number}} AND strftime('%Y', sale_date)={{year}};","part_number, year",3,2023년 88E1322-A0-BAM2C000의 총 판매 수량과 판매 금액은?
PAT_c41316d5252b,"SELECT 'BCM5352KPBG' AS part_number, COALESCE((SELECT SUM(sale_quantity*actual_selling_price) FROM sales_orders WHERE part_number={{part_number}} AND strftime('%Y', sale_date)={{year}}), 0) AS total_sales, COALESCE((SELECT SUM(purchase_quantity*actual_unit_cost) FROM purchase_orders WHERE part_number={{part_number}} AND strftime('%Y', purchase_date)={{year}}), 0) AS total_purchase, COALESCE((SELECT SUM(sale_quantity*actual_selling_price) FROM sales_orders WHERE part_number={{part_number}} AND strftime('%Y', sale_date)={{year}}), 0) - COALESCE((SELECT SUM(purchase_quantity*actual_unit_cost) FROM purchase_orders WHERE part_number={{part_number}} AND strftime('%Y', purchase_date)={{year}}), 0) AS profit;","part_number, year",3,"2023년 BCM5352KPBG의 총매출, 총매입, 순이익(흑자/적자)은?"
PAT_c437f3790a91,"SELECT 'EP4CGX50CF23I7N' AS part_number, COALESCE((SELECT SUM(sale_quantity*actual_selling_price) FROM sales_orders WHERE part_number={{part_number}} AND strftime('%Y', sale_date)={{year}}), 0) AS total_sales, COALESCE((SELECT SUM(purchase_quantity*actual_unit_cost) FROM purchase_orders WHERE part_number={{part_number}} AND strftime('%Y', purchase_date)={{year}}), 0) AS total_purchase, COALESCE((SELECT SUM(sale_quantity*actual_selling_price) FROM sales_orders WHERE part_number={{part_number}} AND strftime('%Y', sale_date)={{year}}), 0) - COALESCE((SELECT SUM(purchase_quantity*actual_unit_cost) FROM purchase_orders WHERE part_number={{part_number}} AND strftime('%Y', purchase_date)={{year}}), 0) AS profit;","part_number, year",3,"2023년 EP4CGX50CF23I7N의 총매출, 총매입, 순이익(흑자/적자)은?"
PAT_c4a153e1e346,"SELECT 'AT89C5130A-PUTUM' AS part_number, COALESCE((SELECT SUM(sale_quantity*actual_selling_price) FROM sales_orders WHERE part_number={{part_number}} AND strftime('%Y', sale_date)={{year}}), 0) AS total_sales, COALESCE((SELECT SUM(purchase_quantity*actual_unit_cost) FROM purchase_orders WHERE part_number={{part_number}} AND strftime('%Y', purchase_date)={{year}}), 0) AS total_purchase, COALESCE((SELECT SUM(sale_quantity*actual_selling_price) FROM sales_orders WHERE part_number={{part_number}} AND strftime('%Y', sale_date)={{year}}), 0) - COALESCE((SELECT SUM(purchase_quantity*actual_unit_cost) FROM purchase_orders WHERE part_number={{part_number}} AND strftime('%Y', purchase_date)={{year}}), 0) AS profit;","part_number, year",3,"2023년 AT89C5130A-PUTUM의 총매출, 총매입, 순이익(흑자/적자)은?"
PAT_c5230753e2ac,"SELECT 'BCM5464RA1KFB' AS part_number, COALESCE((SELECT SUM(sale_quantity*actual_selling_price) FROM sales_orders WHERE part_number={{part_number}} AND strftime('%Y', sale_date)={{year}}), 0) AS total_sales, COALESCE((SELECT SUM(purchase_quantity*actual_unit_cost) FROM purchase_orders WHERE part_number={{part_number}} AND strftime('%Y', purchase_date)={{year}}), 0) AS total_purchase, COALESCE((SELECT SUM(sale_quantity*actual_selling_price) FROM sales_orders WHERE part_number={{part_number}} AND strftime('%Y', sale_date)={{year}}), 0) - COALESCE((SELECT SUM(purchase_quantity*actual_unit_cost) FROM purchase_orders WHERE part_number={{part_number}} AND strftime('%Y', purchase_date)={{year}}), 0) AS profit;","part_number, year",3,"2023년 BCM5464RA1KFB의 총매출, 총매입, 순이익(흑자/적자)은?"
PAT_c55334432e0e,"SELECT 'CN5230R-600BG729-SCP-Y-G' AS part_number, SUM(purchase_quantity) AS total_qty, SUM(purchase_quantity*actual_unit_cost) AS total_amount FROM purchase_orders WHERE part_number={{part_number}} AND strftime('%Y', purchase_date)={{year}};","part_number, year",3,2023년 CN5230R-600BG729-SCP-Y-G의 총 구매 수량과 구매 금액은?
PAT_c56b4e0e4e38,"SELECT 'A54SX16A-FG144' AS part_number, COALESCE((SELECT SUM(sale_quantity*actual_selling_price) FROM sales_orders WHERE part_number={{part_number}} AND strftime('%Y', sale_date)={{year}}), 0) AS total_sales, COALESCE((SELECT SUM(purchase_quantity*actual_unit_cost) FROM purchase_orders WHERE part_number={{part_number}} AND strftime('%Y', purchase_date)={{year}}), 0) AS total_purchase, COALESCE((SELECT SUM(sale_quantity*actual_selling_price) FROM sales_orders WHERE part_number={{part_number}} AND strftime('%Y', sale_date)={{year}}), 0) - COALESCE((SELECT SUM(purchase_quantity*actual_unit_cost) FROM purchase_orders WHERE part_number={{part_number}} AND strftime('%Y', purchase_date)={{year}}), 0) AS profit;","part_number, year",3,"2023년 A54SX16A-FG144의 총매출, 총매입, 순이익(흑자/적자)은?"
PAT_c5c0c66eb2db,"SELECT 'EP1C6F256C6N' AS part_number, SUM(purchase_quantity) AS total_qty, SUM(purchase_quantity*actual_unit_cost) AS total_amount FROM purchase_orders WHERE part_number={{part_number}} AND strftime('%Y', purchase_date)={{year}};","part_number, year",3,2023년 EP1C6F256C6N의 총 구매 수량과 구매 금액은?
PAT_c5cfe3992a84,"SELECT v.vendor_name, SUM(s.sale_quantity*s.actual_selling_price) AS total_amount FROM sales_orders s JOIN vendors v ON s.vendor_id=v.vendor_id WHERE strftime('%Y', s.sale_date)='2025' AND strftime('%m', s.sale_date)='02' GROUP BY v.vendor_name ORDER BY total_amount DESC LIMIT 10;",,1,2025년 02월 벤더별 판매 금액 TOP 10은?
PAT_c6c7aadb604f,"SELECT v.vendor_name, SUM(s.sale_quantity*s.actual_selling_price) AS total_amount FROM sales_orders s JOIN vendors v ON s.vendor_id=v.vendor_id WHERE strftime('%Y', s.sale_date)='2024' AND strftime('%m', s.sale_date)='05' GROUP BY v.vendor_name ORDER BY total_amount DESC LIMIT 10;",,1,2024년 05월 벤더별 판매 금액 TOP 10은?
PAT_c71ed75adcff,"SELECT 'A3P250-FGG144' AS part_number, COALESCE((SELECT SUM(sale_quantity*actual_selling_price) FROM sales_orders WHERE part_number={{part_number}} AND strftime('%Y', sale_date)={{year}}), 0) AS total_sales, COALESCE((SELECT SUM(purchase_quantity*actual_unit_cost) FROM purchase_orders WHERE part_number={{part_number}} AND strftime('%Y', purchase_date)={{year}}), 0) AS total_purchase, COALESCE((SELECT SUM(sale_quantity*actual_selling_price) FROM sales_orders WHERE part_number={{part_number}} AND strftime('%Y', sale_date)={{year}}), 0) - COALESCE((SELECT SUM(purchase_quantity*actual_unit_cost) FROM purchase_orders WHERE part_number={{part_number}} AND strftime('%Y', purchase_date)={{year}}), 0) AS profit;","part_number, year",3,"2023년 A3P250-FGG144의 총매출, 총매입, 순이익(흑자/적자)은?"
PAT_c724ce7f8ccc,"SELECT 'A54SX32A-TQ176' AS part_number, COALESCE((SELECT SUM(sale_quantity*actual_selling_price) FROM sales_orders WHERE part_number={{part_number}} AND strftime('%Y', sale_date)={{year}}), 0) AS total_sales, COALESCE((SELECT SUM(purchase_quantity*actual_unit_cost) FROM purchase_orders WHERE part_number={{part_number}} AND strftime('%Y', purchase_date)={{year}}), 0) AS total_purchase, COALESCE((SELECT SUM(sale_quantity*actual_selling_price) FROM sales_orders WHERE part_number={{part_number}} AND strftime('%Y', sale_date)={{year}}), 0) - COALESCE((SELECT SUM(purchase_quantity*actual_unit_cost) FROM purchase_orders WHERE part_number={{part_number}} AND strftime('%Y', purchase_date)={{year}}), 0) AS profit;","part_number, year",3,"2023년 A54SX32A-TQ176의 총매출, 총매입, 순이익(흑자/적자)은?"
PAT_c7540220c651,"SELECT '98DX163RA2-BCW1C000' AS part_number, SUM(sale_quantity) AS total_qty, SUM(sale_quantity*actual_selling_price) AS total_amount FROM sales_orders WHERE part_number={{part_number}} AND strftime('%Y', sale_date)={{year}};","part_number, year",3,2023년 98DX163RA2-BCW1C000의 총 판매 수량과 판매 금액은?
PAT_c7e3a7f35a59,"SELECT 'AT91SAM7SE32-CU-999' AS part_number, SUM(sale_quantity) AS total_qty, SUM(sale_quantity*actual_selling_price) AS total_amount FROM sales_orders WHERE part_number={{part_number}} AND strftime('%Y', sale_date)={{year}};","part_number, year",3,2023년 AT91SAM7SE32-CU-999의 총 판매 수량과 판매 금액은?
PAT_c80d2e451f3e,"SELECT m.name AS manufacturer_name, SUM(p.purchase_quantity*p.actual_unit_cost) AS total_amount FROM purchase_orders p JOIN manufacturers m ON p.manufacturer_id=m.manufacturer_id WHERE strftime('%Y', p.purchase_date)='2025' AND strftime('%m', p.purchase_date)='08' GROUP BY m.name ORDER BY total_amount DESC LIMIT 10;",,1,2025년 08월 제조사별 구매 금액 TOP 10은?
PAT_c8e44ad4a3e5,"SELECT 'EP4CE30F29C8' AS part_number, SUM(sale_quantity) AS total_qty, SUM(sale_quantity*actual_selling_price) AS total_amount FROM sales_orders WHERE part_number={{part_number}} AND strftime('%Y', sale_date)={{year}};","part_number, year",3,2023년 EP4CE30F29C8의 총 판매 수량과 판매 금액은?
PAT_c8f98752d0ca,"SELECT 'AD6657BBCZ' AS part_number, COALESCE((SELECT SUM(sale_quantity*actual_selling_price) FROM sales_orders WHERE part_number={{part_number}} AND strftime('%Y', sale_date)={{year}}), 0) AS total_sales, COALESCE((SELECT SUM(purchase_quantity*actual_unit_cost) FROM purchase_orders WHERE part_number={{part_number}} AND strftime('%Y', purchase_date)={{year}}), 0) AS total_purchase, COALESCE((SELECT SUM(sale_quantity*actual_selling_price) FROM sales_orders WHERE part_number={{part_number}} AND strftime('%Y', sale_date)={{year}}), 0) - COALESCE((SELECT SUM(purchase_quantity*actual_unit_cost) FROM purchase_orders WHERE part_number={{part_number}} AND strftime('%Y', purchase_date)={{year}}), 0) AS profit;","part_number, year",3,"2023년 AD6657BBCZ의 총매출, 총매입, 순이익(흑자/적자)은?"
PAT_c9095881a132,"SELECT part_number, std_unit_cost FROM products ORDER BY std_unit_cost ASC LIMIT 1;",,1,products에서 std_unit_cost 최솟값 제품은?
PAT_c912df721137,"SELECT 'ATXMEGA16D4-MH' AS part_number, SUM(sale_quantity) AS total_qty, SUM(sale_quantity*actual_selling_price) AS total_amount FROM sales_orders WHERE part_number={{part_number}} AND strftime('%Y', sale_date)={{year}};","part_number, year",3,2023년 ATXMEGA16D4-MH의 총 판매 수량과 판매 금액은?
PAT_c971ba680ea8,"SELECT 'BCM5389KFB' AS part_number, SUM(purchase_quantity) AS total_qty, SUM(purchase_quantity*actual_unit_cost) AS total_amount FROM purchase_orders WHERE part_number={{part_number}} AND strftime('%Y', purchase_date)={{year}};","part_number, year",3,2023년 BCM5389KFB의 총 구매 수량과 구매 금액은?
PAT_c99b44faccde,"SELECT '5AGTFD3H3F35I3NAA' AS part_number, COALESCE((SELECT SUM(sale_quantity*actual_selling_price) FROM sales_orders WHERE part_number={{part_number}} AND strftime('%Y', sale_date)={{year}}), 0) AS total_sales, COALESCE((SELECT SUM(purchase_quantity*actual_unit_cost) FROM purchase_orders WHERE part_number={{part_number}} AND strftime('%Y', purchase_date)={{year}}), 0) AS total_purchase, COALESCE((SELECT SUM(sale_quantity*actual_selling_price) FROM sales_orders WHERE part_number={{part_number}} AND strftime('%Y', sale_date)={{year}}), 0) - COALESCE((SELECT SUM(purchase_quantity*actual_unit_cost) FROM purchase_orders WHERE part_number={{part_number}} AND strftime('%Y', purchase_date)={{year}}), 0) AS profit;","part_number, year",3,"2023년 5AGTFD3H3F35I3NAA의 총매출, 총매입, 순이익(흑자/적자)은?"
PAT_c9bf18bf5b33,"SELECT 'EP2C8F256I8N' AS part_number, COALESCE((SELECT SUM(sale_quantity*actual_selling_price) FROM sales_orders WHERE part_number={{part_number}} AND strftime('%Y', sale_date)={{year}}), 0) AS total_sales, COALESCE((SELECT SUM(purchase_quantity*actual_unit_cost) FROM purchase_orders WHERE part_number={{part_number}} AND strftime('%Y', purchase_date)={{year}}), 0) AS total_purchase, COALESCE((SELECT SUM(sale_quantity*actual_selling_price) FROM sales_orders WHERE part_number={{part_number}} AND strftime('%Y', sale_date)={{year}}), 0) - COALESCE((SELECT SUM(purchase_quantity*actual_unit_cost) FROM purchase_orders WHERE part_number={{part_number}} AND strftime('%Y', purchase_date)={{year}}), 0) AS profit;","part_number, year",3,"2023년 EP2C8F256I8N의 총매출, 총매입, 순이익(흑자/적자)은?"
PAT_ca605edb1872,"SELECT 'ATMEGA88PB-MN' AS part_number, SUM(sale_quantity) AS total_qty, SUM(sale_quantity*actual_selling_price) AS total_amount FROM sales_orders WHERE part_number={{part_number}} AND strftime('%Y', sale_date)={{year}};","part_number, year",3,2023년 ATMEGA88PB-MN의 총 판매 수량과 판매 금액은?
PAT_ca65362eadd9,"SELECT 'CY7C0831AV-133BXI' AS part_number, SUM(sale_quantity) AS total_qty, SUM(sale_quantity*actual_selling_price) AS total_amount FROM sales_orders WHERE part_number={{part_number}} AND strftime('%Y', sale_date)={{year}};","part_number, year",3,2023년 CY7C0831AV-133BXI의 총 판매 수량과 판매 금액은?
PAT_cb8abf994a93,"SELECT 'CSD18532Q5B' AS part_number, COALESCE((SELECT SUM(sale_quantity*actual_selling_price) FROM sales_orders WHERE part_number={{part_number}} AND strftime('%Y', sale_date)={{year}}), 0) AS total_sales, COALESCE((SELECT SUM(purchase_quantity*actual_unit_cost) FROM purchase_orders WHERE part_number={{part_number}} AND strftime('%Y', purchase_date)={{year}}), 0) AS total_purchase, COALESCE((SELECT SUM(sale_quantity*actual_selling_price) FROM sales_orders WHERE part_number={{part_number}} AND strftime('%Y', sale_date)={{year}}), 0) - COALESCE((SELECT SUM(purchase_quantity*actual_unit_cost) FROM purchase_orders WHERE part_number={{part_number}} AND strftime('%Y', purchase_date)={{year}}), 0) AS profit;","part_number, year",3,"2023년 CSD18532Q5B의 총매출, 총매입, 순이익(흑자/적자)은?"
PAT_cbb5e59ea85a,"SELECT 'CY7C1312BV18-167BZC' AS part_number, COALESCE((SELECT SUM(sale_quantity*actual_selling_price) FROM sales_orders WHERE part_number={{part_number}} AND strftime('%Y', sale_date)={{year}}), 0) AS total_sales, COALESCE((SELECT SUM(purchase_quantity*actual_unit_cost) FROM purchase_orders WHERE part_number={{part_number}} AND strftime('%Y', purchase_date)={{year}}), 0) AS total_purchase, COALESCE((SELECT SUM(sale_quantity*actual_selling_price) FROM sales_orders WHERE part_number={{part_number}} AND strftime('%Y', sale_date)={{year}}), 0) - COALESCE((SELECT SUM(purchase_quantity*actual_unit_cost) FROM purchase_orders WHERE part_number={{part_number}} AND strftime('%Y', purchase_date)={{year}}), 0) AS profit;","part_number, year",3,"2023년 CY7C1312BV18-167BZC의 총매출, 총매입, 순이익(흑자/적자)은?"
PAT_cbdbe9b6866d,"SELECT 'EM6AA320BI-5MS' AS part_number, SUM(sale_quantity) AS total_qty, SUM(sale_quantity*actual_selling_price) AS total_amount FROM sales_orders WHERE part_number={{part_number}} AND strftime('%Y', sale_date)={{year}};","part_number, year",3,2023년 EM6AA320BI-5MS의 총 판매 수량과 판매 금액은?
PAT_cbee29443afe,"SELECT 'A1028AOF' AS part_number, SUM(purchase_quantity) AS total_qty, SUM(purchase_quantity*actual_unit_cost) AS total_amount FROM purchase_orders WHERE part_number={{part_number}} AND strftime('%Y', purchase_date)={{year}};","part_number, year",3,2023년 A1028AOF의 총 구매 수량과 구매 금액은?
PAT_cc649aeebeef,"SELECT 'EPC16UI88' AS part_number, COALESCE((SELECT SUM(sale_quantity*actual_selling_price) FROM sales_orders WHERE part_number={{part_number}} AND strftime('%Y', sale_date)={{year}}), 0) AS total_sales, COALESCE((SELECT SUM(purchase_quantity*actual_unit_cost) FROM purchase_orders WHERE part_number={{part_number}} AND strftime('%Y', purchase_date)={{year}}), 0) AS total_purchase, COALESCE((SELECT SUM(sale_quantity*actual_selling_price) FROM sales_orders WHERE part_number={{part_number}} AND strftime('%Y', sale_date)={{year}}), 0) - COALESCE((SELECT SUM(purchase_quantity*actual_unit_cost) FROM purchase_orders WHERE part_number={{part_number}} AND strftime('%Y', purchase_date)={{year}}), 0) AS profit;","part_number, year",3,"2023년 EPC16UI88의 총매출, 총매입, 순이익(흑자/적자)은?"
PAT_cc69da42ac94,"SELECT 'FWIXP425BB' AS part_number, SUM(purchase_quantity) AS total_qty, SUM(purchase_quantity*actual_unit_cost) AS total_amount FROM purchase_orders WHERE part_number={{part_number}} AND strftime('%Y', purchase_date)={{year}};","part_number, year",3,2023년 FWIXP425BB의 총 구매 수량과 구매 금액은?
PAT_cd6be28c45c8,"SELECT v.vendor_name, SUM(s.sale_quantity*s.actual_selling_price) AS total_amount FROM sales_orders s JOIN vendors v ON s.vendor_id=v.vendor_id WHERE strftime('%Y', s.sale_date)='2024' AND strftime('%m', s.sale_date)='11' GROUP BY v.vendor_name ORDER BY total_amount DESC LIMIT 10;",,1,2024년 11월 벤더별 판매 금액 TOP 10은?
PAT_cdaf3b0f0697,"SELECT 'CS82TPCF' AS part_number, COALESCE((SELECT SUM(sale_quantity*actual_selling_price) FROM sales_orders WHERE part_number={{part_number}} AND strftime('%Y', sale_date)={{year}}), 0) AS total_sales, COALESCE((SELECT SUM(purchase_quantity*actual_unit_cost) FROM purchase_orders WHERE part_number={{part_number}} AND strftime('%Y', purchase_date)={{year}}), 0) AS total_purchase, COALESCE((SELECT SUM(sale_quantity*actual_selling_price) FROM sales_orders WHERE part_number={{part_number}} AND strftime('%Y', sale_date)={{year}}), 0) - COALESCE((SELECT SUM(purchase_quantity*actual_unit_cost) FROM purchase_orders WHERE part_number={{part_number}} AND strftime('%Y', purchase_date)={{year}}), 0) AS profit;","part_number, year",3,"2023년 CS82TPCF의 총매출, 총매입, 순이익(흑자/적자)은?"
PAT_cdb9fdb54140,"SELECT 'CY62167DV30LL-55BVXI' AS part_number, SUM(sale_quantity) AS total_qty, SUM(sale_quantity*actual_selling_price) AS total_amount FROM sales_orders WHERE part_number={{part_number}} AND strftime('%Y', sale_date)={{year}};","part_number, year",3,2023년 CY62167DV30LL-55BVXI의 총 판매 수량과 판매 금액은?
PAT_cdee70174ef2,"SELECT 'HD64F38104FPV' AS part_number, SUM(purchase_quantity) AS total_qty, SUM(purchase_quantity*actual_unit_cost) AS total_amount FROM purchase_orders WHERE part_number={{part_number}} AND strftime('%Y', purchase_date)={{year}};","part_number, year",3,2023년 HD64F38104FPV의 총 구매 수량과 구매 금액은?
PAT_cdef35e0d0cc,"SELECT '71V2556SA133BG' AS part_number, COALESCE((SELECT SUM(sale_quantity*actual_selling_price) FROM sales_orders WHERE part_number={{part_number}} AND strftime('%Y', sale_date)={{year}}), 0) AS total_sales, COALESCE((SELECT SUM(purchase_quantity*actual_unit_cost) FROM purchase_orders WHERE part_number={{part_number}} AND strftime('%Y', purchase_date)={{year}}), 0) AS total_purchase, COALESCE((SELECT SUM(sale_quantity*actual_selling_price) FROM sales_orders WHERE part_number={{part_number}} AND strftime('%Y', sale_date)={{year}}), 0) - COALESCE((SELECT SUM(purchase_quantity*actual_unit_cost) FROM purchase_orders WHERE part_number={{part_number}} AND strftime('%Y', purchase_date)={{year}}), 0) AS profit;","part_number, year",3,"2023년 71V2556SA133BG의 총매출, 총매입, 순이익(흑자/적자)은?"
PAT_ce2475b9b9b7,"SELECT 'BCM5650KPBG' AS part_number, SUM(purchase_quantity) AS total_qty, SUM(purchase_quantity*actual_unit_cost) AS total_amount FROM purchase_orders WHERE part_number={{part_number}} AND strftime('%Y', purchase_date)={{year}};","part_number, year",3,2023년 BCM5650KPBG의 총 구매 수량과 구매 금액은?
PAT_ce4e80553632,"SELECT 'CY62167DV30LL-70BVXI' AS part_number, SUM(sale_quantity) AS total_qty, SUM(sale_quantity*actual_selling_price) AS total_amount FROM sales_orders WHERE part_number={{part_number}} AND strftime('%Y', sale_date)={{year}};","part_number, year",3,2023년 CY62167DV30LL-70BVXI의 총 판매 수량과 판매 금액은?
PAT_ce6b39f20c11,"SELECT m.manufacturer_id, m.name AS manufacturer_name, SUM(p.purchase_quantity) AS total_qty, SUM(p.purchase_quantity*p.actual_unit_cost) AS total_amount FROM purchase_orders p JOIN manufacturers m ON p.manufacturer_id=m.manufacturer_id WHERE p.manufacturer_id={{manufacturer_id}} AND strftime('%Y', p.purchase_date)='2023' GROUP BY m.manufacturer_id, m.name;",manufacturer_id,69,2023년 제조사 1의 총 구매 수량과 구매 금액은?
PAT_cede5a3168aa,"SELECT 'AR9132-BC1E' AS part_number, COALESCE((SELECT SUM(sale_quantity*actual_selling_price) FROM sales_orders WHERE part_number={{part_number}} AND strftime('%Y', sale_date)={{year}}), 0) AS total_sales, COALESCE((SELECT SUM(purchase_quantity*actual_unit_cost) FROM purchase_orders WHERE part_number={{part_number}} AND strftime('%Y', purchase_date)={{year}}), 0) AS total_purchase, COALESCE((SELECT SUM(sale_quantity*actual_selling_price) FROM sales_orders WHERE part_number={{part_number}} AND strftime('%Y', sale_date)={{year}}), 0) - COALESCE((SELECT SUM(purchase_quantity*actual_unit_cost) FROM purchase_orders WHERE part_number={{part_number}} AND strftime('%Y', purchase_date)={{year}}), 0) AS profit;","part_number, year",3,"2023년 AR9132-BC1E의 총매출, 총매입, 순이익(흑자/적자)은?"
PAT_cf0327a37ccb,"SELECT 'EP4CE30F19A7N' AS part_number, SUM(purchase_quantity) AS total_qty, SUM(purchase_quantity*actual_unit_cost) AS total_amount FROM purchase_orders WHERE part_number={{part_number}} AND strftime('%Y', purchase_date)={{year}};","part_number, year",3,2023년 EP4CE30F19A7N의 총 구매 수량과 구매 금액은?
PAT_cf74c34f8ed9,"SELECT '98DX163RA2-BCW1C000' AS part_number, SUM(purchase_quantity) AS total_qty, SUM(purchase_quantity*actual_unit_cost) AS total_amount FROM purchase_orders WHERE part_number={{part_number}} AND strftime('%Y', purchase_date)={{year}};","part_number, year",3,2023년 98DX163RA2-BCW1C000의 총 구매 수량과 구매 금액은?
PAT_cf97fd248e4d,"SELECT 'ADSP-TS101SAB1Z-100' AS part_number, SUM(sale_quantity) AS total_qty, SUM(sale_quantity*actual_selling_price) AS total_amount FROM sales_orders WHERE part_number={{part_number}} AND strftime('%Y', sale_date)={{year}};","part_number, year",3,2023년 ADSP-TS101SAB1Z-100의 총 판매 수량과 판매 금액은?
PAT_cfe376f5573b,"SELECT 'BCM5228FA4KPFG' AS part_number, COALESCE((SELECT SUM(sale_quantity*actual_selling_price) FROM sales_orders WHERE part_number={{part_number}} AND strftime('%Y', sale_date)={{year}}), 0) AS total_sales, COALESCE((SELECT SUM(purchase_quantity*actual_unit_cost) FROM purchase_orders WHERE part_number={{part_number}} AND strftime('%Y', purchase_date)={{year}}), 0) AS total_purchase, COALESCE((SELECT SUM(sale_quantity*actual_selling_price) FROM sales_orders WHERE part_number={{part_number}} AND strftime('%Y', sale_date)={{year}}), 0) - COALESCE((SELECT SUM(purchase_quantity*actual_unit_cost) FROM purchase_orders WHERE part_number={{part_number}} AND strftime('%Y', purchase_date)={{year}}), 0) AS profit;","part_number, year",3,"2023년 BCM5228FA4KPFG의 총매출, 총매입, 순이익(흑자/적자)은?"
PAT_d0311dc7f038,"SELECT 'EP1K50FI256-2N' AS part_number, SUM(purchase_quantity) AS total_qty, SUM(purchase_quantity*actual_unit_cost) AS total_amount FROM purchase_orders WHERE part_number={{part_number}} AND strftime('%Y', purchase_date)={{year}};","part_number, year",3,2023년 EP1K50FI256-2N의 총 구매 수량과 구매 금액은?
PAT_d0ba41b1276a,"SELECT 'CS6222GY' AS part_number, SUM(sale_quantity) AS total_qty, SUM(sale_quantity*actual_selling_price) AS total_amount FROM sales_orders WHERE part_number={{part_number}} AND strftime('%Y', sale_date)={{year}};","part_number, year",3,2023년 CS6222GY의 총 판매 수량과 판매 금액은?
PAT_d0c4f5eba13f,"SELECT 'EPC16UC88' AS part_number, SUM(sale_quantity) AS total_qty, SUM(sale_quantity*actual_selling_price) AS total_amount FROM sales_orders WHERE part_number={{part_number}} AND strftime('%Y', sale_date)={{year}};","part_number, year",3,2023년 EPC16UC88의 총 판매 수량과 판매 금액은?
PAT_d0f71cf2bd68,"SELECT 'BCM54610KFBG' AS part_number, SUM(purchase_quantity) AS total_qty, SUM(purchase_quantity*actual_unit_cost) AS total_amount FROM purchase_orders WHERE part_number={{part_number}} AND strftime('%Y', purchase_date)={{year}};","part_number, year",3,2023년 BCM54610KFBG의 총 구매 수량과 구매 금액은?
PAT_d111fab22730,"SELECT 'AGLP125V5-CSG289' AS part_number, SUM(sale_quantity) AS total_qty, SUM(sale_quantity*actual_selling_price) AS total_amount FROM sales_orders WHERE part_number={{part_number}} AND strftime('%Y', sale_date)={{year}};","part_number, year",3,2023년 AGLP125V5-CSG289의 총 판매 수량과 판매 금액은?
PAT_d182a5cb8ac6,"SELECT 'FWIXP425BC' AS part_number, SUM(sale_quantity) AS total_qty, SUM(sale_quantity*actual_selling_price) AS total_amount FROM sales_orders WHERE part_number={{part_number}} AND strftime('%Y', sale_date)={{year}};","part_number, year",3,2023년 FWIXP425BC의 총 판매 수량과 판매 금액은?
PAT_d1b84f522e57,"SELECT 'BCM5464RA1KFB' AS part_number, SUM(sale_quantity) AS total_qty, SUM(sale_quantity*actual_selling_price) AS total_amount FROM sales_orders WHERE part_number={{part_number}} AND strftime('%Y', sale_date)={{year}};","part_number, year",3,2023년 BCM5464RA1KFB의 총 판매 수량과 판매 금액은?
PAT_d1d907bb5bfc,"SELECT 'BCM3361KPBG' AS part_number, COALESCE((SELECT SUM(sale_quantity*actual_selling_price) FROM sales_orders WHERE part_number={{part_number}} AND strftime('%Y', sale_date)={{year}}), 0) AS total_sales, COALESCE((SELECT SUM(purchase_quantity*actual_unit_cost) FROM purchase_orders WHERE part_number={{part_number}} AND strftime('%Y', purchase_date)={{year}}), 0) AS total_purchase, COALESCE((SELECT SUM(sale_quantity*actual_selling_price) FROM sales_orders WHERE part_number={{part_number}} AND strftime('%Y', sale_date)={{year}}), 0) - COALESCE((SELECT SUM(purchase_quantity*actual_unit_cost) FROM purchase_orders WHERE part_number={{part_number}} AND strftime('%Y', purchase_date)={{year}}), 0) AS profit;","part_number, year",3,"2023년 BCM3361KPBG의 총매출, 총매입, 순이익(흑자/적자)은?"
PAT_d1e997feacf2,"SELECT 'BCM21000A3KPB' AS part_number, SUM(purchase_quantity) AS total_qty, SUM(purchase_quantity*actual_unit_cost) AS total_amount FROM purchase_orders WHERE part_number={{part_number}} AND strftime('%Y', purchase_date)={{year}};","part_number, year",3,2023년 BCM21000A3KPB의 총 구매 수량과 구매 금액은?
PAT_d1f3efe97ce6,"SELECT 'EP2C8F256I8N' AS part_number, SUM(purchase_quantity) AS total_qty, SUM(purchase_quantity*actual_unit_cost) AS total_amount FROM purchase_orders WHERE part_number={{part_number}} AND strftime('%Y', purchase_date)={{year}};","part_number, year",3,2023년 EP2C8F256I8N의 총 구매 수량과 구매 금액은?
PAT_d2975cfb4c1e,"SELECT m.name AS manufacturer_name, SUM(p.purchase_quantity*p.actual_unit_cost) AS total_amount FROM purchase_orders p JOIN manufacturers m ON p.manufacturer_id=m.manufacturer_id WHERE strftime('%Y', p.purchase_date)='2024' AND strftime('%m', p.purchase_date)='11' GROUP BY m.name ORDER BY total_amount DESC LIMIT 10;",,1,2024년 11월 제조사별 구매 금액 TOP 10은?
PAT_d29d5b7de5ed,"SELECT 'CY7C1021BV33L-15BAIT' AS part_number, SUM(purchase_quantity) AS total_qty, SUM(purchase_quantity*actual_unit_cost) AS total_amount FROM purchase_orders WHERE part_number={{part_number}} AND strftime('%Y', purchase_date)={{year}};","part_number, year",3,2023년 CY7C1021BV33L-15BAIT의 총 구매 수량과 구매 금액은?
PAT_d29e2ec44f25,"SELECT 'EP2C20F484C8N' AS part_number, SUM(purchase_quantity) AS total_qty, SUM(purchase_quantity*actual_unit_cost) AS total_amount FROM purchase_orders WHERE part_number={{part_number}} AND strftime('%Y', purchase_date)={{year}};","part_number, year",3,2023년 EP2C20F484C8N의 총 구매 수량과 구매 금액은?
PAT_d2f0fee4e075,"SELECT 'EPM7256AEFI100-7' AS part_number, COALESCE((SELECT SUM(sale_quantity*actual_selling_price) FROM sales_orders WHERE part_number={{part_number}} AND strftime('%Y', sale_date)={{year}}), 0) AS total_sales, COALESCE((SELECT SUM(purchase_quantity*actual_unit_cost) FROM purchase_orders WHERE part_number={{part_number}} AND strftime('%Y', purchase_date)={{year}}), 0) AS total_purchase, COALESCE((SELECT SUM(sale_quantity*actual_selling_price) FROM sales_orders WHERE part_number={{part_number}} AND strftime('%Y', sale_date)={{year}}), 0) - COALESCE((SELECT SUM(purchase_quantity*actual_unit_cost) FROM purchase_orders WHERE part_number={{part_number}} AND strftime('%Y', purchase_date)={{year}}), 0) AS profit;","part_number, year",3,"2023년 EPM7256AEFI100-7의 총매출, 총매입, 순이익(흑자/적자)은?"
PAT_d3494335dffb,"SELECT 'CN5020-300BG564-SCP-G' AS part_number, COALESCE((SELECT SUM(sale_quantity*actual_selling_price) FROM sales_orders WHERE part_number={{part_number}} AND strftime('%Y', sale_date)={{year}}), 0) AS total_sales, COALESCE((SELECT SUM(purchase_quantity*actual_unit_cost) FROM purchase_orders WHERE part_number={{part_number}} AND strftime('%Y', purchase_date)={{year}}), 0) AS total_purchase, COALESCE((SELECT SUM(sale_quantity*actual_selling_price) FROM sales_orders WHERE part_number={{part_number}} AND strftime('%Y', sale_date)={{year}}), 0) - COALESCE((SELECT SUM(purchase_quantity*actual_unit_cost) FROM purchase_orders WHERE part_number={{part_number}} AND strftime('%Y', purchase_date)={{year}}), 0) AS profit;","part_number, year",3,"2023년 CN5020-300BG564-SCP-G의 총매출, 총매입, 순이익(흑자/적자)은?"
PAT_d356902af7de,"SELECT 'EPIC20F3247N' AS part_number, SUM(sale_quantity) AS total_qty, SUM(sale_quantity*actual_selling_price) AS total_amount FROM sales_orders WHERE part_number={{part_number}} AND strftime('%Y', sale_date)={{year}};","part_number, year",3,2023년 EPIC20F3247N의 총 판매 수량과 판매 금액은?
PAT_d3a2c11d8f02,"SELECT 'DM365ZCE2I' AS part_number, COALESCE((SELECT SUM(sale_quantity*actual_selling_price) FROM sales_orders WHERE part_number={{part_number}} AND strftime('%Y', sale_date)={{year}}), 0) AS total_sales, COALESCE((SELECT SUM(purchase_quantity*actual_unit_cost) FROM purchase_orders WHERE part_number={{part_number}} AND strftime('%Y', purchase_date)={{year}}), 0) AS total_purchase, COALESCE((SELECT SUM(sale_quantity*actual_selling_price) FROM sales_orders WHERE part_number={{part_number}} AND strftime('%Y', sale_date)={{year}}), 0) - COALESCE((SELECT SUM(purchase_quantity*actual_unit_cost) FROM purchase_orders WHERE part_number={{part_number}} AND strftime('%Y', purchase_date)={{year}}), 0) AS profit;","part_number, year",3,"2023년 DM365ZCE2I의 총매출, 총매입, 순이익(흑자/적자)은?"
PAT_d3d328778878,"SELECT 'EDB8064B2PB-8D-F' AS part_number, COALESCE((SELECT SUM(sale_quantity*actual_selling_price) FROM sales_orders WHERE part_number={{part_number}} AND strftime('%Y', sale_date)={{year}}), 0) AS total_sales, COALESCE((SELECT SUM(purchase_quantity*actual_unit_cost) FROM purchase_orders WHERE part_number={{part_number}} AND strftime('%Y', purchase_date)={{year}}), 0) AS total_purchase, COALESCE((SELECT SUM(sale_quantity*actual_selling_price) FROM sales_orders WHERE part_number={{part_number}} AND strftime('%Y', sale_date)={{year}}), 0) - COALESCE((SELECT SUM(purchase_quantity*actual_unit_cost) FROM purchase_orders WHERE part_number={{part_number}} AND strftime('%Y', purchase_date)={{year}}), 0) AS profit;","part_number, year",3,"2023년 EDB8064B2PB-8D-F의 총매출, 총매입, 순이익(흑자/적자)은?"
PAT_d3f9ce94b9c7,"SELECT 'ADSP-21369KBPZ-3A' AS part_number, SUM(sale_quantity) AS total_qty, SUM(sale_quantity*actual_selling_price) AS total_amount FROM sales_orders WHERE part_number={{part_number}} AND strftime('%Y', sale_date)={{year}};","part_number, year",3,2023년 ADSP-21369KBPZ-3A의 총 판매 수량과 판매 금액은?
PAT_d40d7d2bc223,"SELECT 'CY7C0831AV-133BXI' AS part_number, COALESCE((SELECT SUM(sale_quantity*actual_selling_price) FROM sales_orders WHERE part_number={{part_number}} AND strftime('%Y', sale_date)={{year}}), 0) AS total_sales, COALESCE((SELECT SUM(purchase_quantity*actual_unit_cost) FROM purchase_orders WHERE part_number={{part_number}} AND strftime('%Y', purchase_date)={{year}}), 0) AS total_purchase, COALESCE((SELECT SUM(sale_quantity*actual_selling_price) FROM sales_orders WHERE part_number={{part_number}} AND strftime('%Y', sale_date)={{year}}), 0) - COALESCE((SELECT SUM(purchase_quantity*actual_unit_cost) FROM purchase_orders WHERE part_number={{part_number}} AND strftime('%Y', purchase_date)={{year}}), 0) AS profit;","part_number, year",3,"2023년 CY7C0831AV-133BXI의 총매출, 총매입, 순이익(흑자/적자)은?"
PAT_d40f91095cb1,"SELECT 'AG64BB1N' AS part_number, SUM(sale_quantity) AS total_qty, SUM(sale_quantity*actual_selling_price) AS total_amount FROM sales_orders WHERE part_number={{part_number}} AND strftime('%Y', sale_date)={{year}};","part_number, year",3,2023년 AG64BB1N의 총 판매 수량과 판매 금액은?
PAT_d45d12f44ec2,"SELECT 'CS92288-CB' AS part_number, COALESCE((SELECT SUM(sale_quantity*actual_selling_price) FROM sales_orders WHERE part_number={{part_number}} AND strftime('%Y', sale_date)={{year}}), 0) AS total_sales, COALESCE((SELECT SUM(purchase_quantity*actual_unit_cost) FROM purchase_orders WHERE part_number={{part_number}} AND strftime('%Y', purchase_date)={{year}}), 0) AS total_purchase, COALESCE((SELECT SUM(sale_quantity*actual_selling_price) FROM sales_orders WHERE part_number={{part_number}} AND strftime('%Y', sale_date)={{year}}), 0) - COALESCE((SELECT SUM(purchase_quantity*actual_unit_cost) FROM purchase_orders WHERE part_number={{part_number}} AND strftime('%Y', purchase_date)={{year}}), 0) AS profit;","part_number, year",3,"2023년 CS92288-CB의 총매출, 총매입, 순이익(흑자/적자)은?"
PAT_d464c2d8dc76,"SELECT v.vendor_name, SUM(s.sale_quantity*s.actual_selling_price) AS total_amount FROM sales_orders s JOIN vendors v ON s.vendor_id=v.vendor_id WHERE strftime('%Y', s.sale_date)='2025' AND strftime('%m', s.sale_date)='05' GROUP BY v.vendor_name ORDER BY total_amount DESC LIMIT 10;",,1,2025년 05월 벤더별 판매 금액 TOP 10은?
PAT_d46ae26f4cac,"SELECT 'BCM6512IPBG' AS part_number, COALESCE((SELECT SUM(sale_quantity*actual_selling_price) FROM sales_orders WHERE part_number={{part_number}} AND strftime('%Y', sale_date)={{year}}), 0) AS total_sales, COALESCE((SELECT SUM(purchase_quantity*actual_unit_cost) FROM purchase_orders WHERE part_number={{part_number}} AND strftime('%Y', purchase_date)={{year}}), 0) AS total_purchase, COALESCE((SELECT SUM(sale_quantity*actual_selling_price) FROM sales_orders WHERE part_number={{part_number}} AND strftime('%Y', sale_date)={{year}}), 0) - COALESCE((SELECT SUM(purchase_quantity*actual_unit_cost) FROM purchase_orders WHERE part_number={{part_number}} AND strftime('%Y', purchase_date)={{year}}), 0) AS profit;","part_number, year",3,"2023년 BCM6512IPBG의 총매출, 총매입, 순이익(흑자/적자)은?"
PAT_d4ab575faad1,"SELECT 'EN2011-A1' AS part_number, SUM(purchase_quantity) AS total_qty, SUM(purchase_quantity*actual_unit_cost) AS total_amount FROM purchase_orders WHERE part_number={{part_number}} AND strftime('%Y', purchase_date)={{year}};","part_number, year",3,2023년 EN2011-A1의 총 구매 수량과 구매 금액은?
PAT_d55064523e1f,"SELECT 'CS5535-UDCF' AS part_number, SUM(purchase_quantity) AS total_qty, SUM(purchase_quantity*actual_unit_cost) AS total_amount FROM purchase_orders WHERE part_number={{part_number}} AND strftime('%Y', purchase_date)={{year}};","part_number, year",3,2023년 CS5535-UDCF의 총 구매 수량과 구매 금액은?
PAT_d5854ec90c78,"SELECT 'CY7C1460AV25-167BZCT' AS part_number, COALESCE((SELECT SUM(sale_quantity*actual_selling_price) FROM sales_orders WHERE part_number={{part_number}} AND strftime('%Y', sale_date)={{year}}), 0) AS total_sales, COALESCE((SELECT SUM(purchase_quantity*actual_unit_cost) FROM purchase_orders WHERE part_number={{part_number}} AND strftime('%Y', purchase_date)={{year}}), 0) AS total_purchase, COALESCE((SELECT SUM(sale_quantity*actual_selling_price) FROM sales_orders WHERE part_number={{part_number}} AND strftime('%Y', sale_date)={{year}}), 0) - COALESCE((SELECT SUM(purchase_quantity*actual_unit_cost) FROM purchase_orders WHERE part_number={{part_number}} AND strftime('%Y', purchase_date)={{year}}), 0) AS profit;","part_number, year",3,"2023년 CY7C1460AV25-167BZCT의 총매출, 총매입, 순이익(흑자/적자)은?"
PAT_d5f009c52be3,"SELECT 'BCM5248XA2KFB' AS part_number, SUM(sale_quantity) AS total_qty, SUM(sale_quantity*actual_selling_price) AS total_amount FROM sales_orders WHERE part_number={{part_number}} AND strftime('%Y', sale_date)={{year}};","part_number, year",3,2023년 BCM5248XA2KFB의 총 판매 수량과 판매 금액은?
PAT_d649fe43a1bc,"SELECT 'BCM5354KFBG' AS part_number, SUM(sale_quantity) AS total_qty, SUM(sale_quantity*actual_selling_price) AS total_amount FROM sales_orders WHERE part_number={{part_number}} AND strftime('%Y', sale_date)={{year}};","part_number, year",3,2023년 BCM5354KFBG의 총 판매 수량과 판매 금액은?
PAT_d70fdb63c851,"SELECT 'EPM7256AEFI100-7' AS part_number, SUM(purchase_quantity) AS total_qty, SUM(purchase_quantity*actual_unit_cost) AS total_amount FROM purchase_orders WHERE part_number={{part_number}} AND strftime('%Y', purchase_date)={{year}};","part_number, year",3,2023년 EPM7256AEFI100-7의 총 구매 수량과 구매 금액은?
PAT_d77381408ce4,"SELECT 'FLLXT384BE.B1' AS part_number, SUM(sale_quantity) AS total_qty, SUM(sale_quantity*actual_selling_price) AS total_amount FROM sales_orders WHERE part_number={{part_number}} AND strftime('%Y', sale_date)={{year}};","part_number, year",3,2023년 FLLXT384BE.B1의 총 판매 수량과 판매 금액은?
PAT_d77e58654fba,"SELECT 'BCM5753KFBG' AS part_number, SUM(purchase_quantity) AS total_qty, SUM(purchase_quantity*actual_unit_cost) AS total_amount FROM purchase_orders WHERE part_number={{part_number}} AND strftime('%Y', purchase_date)={{year}};","part_number, year",3,2023년 BCM5753KFBG의 총 구매 수량과 구매 금액은?
PAT_d78c53fa8bf6,"SELECT 'CY62167DV30LL-70BVI' AS part_number, SUM(purchase_quantity) AS total_qty, SUM(purchase_quantity*actual_unit_cost) AS total_amount FROM purchase_orders WHERE part_number={{part_number}} AND strftime('%Y', purchase_date)={{year}};","part_number, year",3,2023년 CY62167DV30LL-70BVI의 총 구매 수량과 구매 금액은?
PAT_d815a2348341,"SELECT 'ALT6300-C0' AS part_number, COALESCE((SELECT SUM(sale_quantity*actual_selling_price) FROM sales_orders WHERE part_number={{part_number}} AND strftime('%Y', sale_date)={{year}}), 0) AS total_sales, COALESCE((SELECT SUM(purchase_quantity*actual_unit_cost) FROM purchase_orders WHERE part_number={{part_number}} AND strftime('%Y', purchase_date)={{year}}), 0) AS total_purchase, COALESCE((SELECT SUM(sale_quantity*actual_selling_price) FROM sales_orders WHERE part_number={{part_number}} AND strftime('%Y', sale_date)={{year}}), 0) - COALESCE((SELECT SUM(purchase_quantity*actual_unit_cost) FROM purchase_orders WHERE part_number={{part_number}} AND strftime('%Y', purchase_date)={{year}}), 0) AS profit;","part_number, year",3,"2023년 ALT6300-C0의 총매출, 총매입, 순이익(흑자/적자)은?"
PAT_d876ed273118,"SELECT 'CX25930-31Z' AS part_number, COALESCE((SELECT SUM(sale_quantity*actual_selling_price) FROM sales_orders WHERE part_number={{part_number}} AND strftime('%Y', sale_date)={{year}}), 0) AS total_sales, COALESCE((SELECT SUM(purchase_quantity*actual_unit_cost) FROM purchase_orders WHERE part_number={{part_number}} AND strftime('%Y', purchase_date)={{year}}), 0) AS total_purchase, COALESCE((SELECT SUM(sale_quantity*actual_selling_price) FROM sales_orders WHERE part_number={{part_number}} AND strftime('%Y', sale_date)={{year}}), 0) - COALESCE((SELECT SUM(purchase_quantity*actual_unit_cost) FROM purchase_orders WHERE part_number={{part_number}} AND strftime('%Y', purchase_date)={{year}}), 0) AS profit;","part_number, year",3,"2023년 CX25930-31Z의 총매출, 총매입, 순이익(흑자/적자)은?"
PAT_d89c26c609b5,"SELECT 'ACS9510T' AS part_number, SUM(sale_quantity) AS total_qty, SUM(sale_quantity*actual_selling_price) AS total_amount FROM sales_orders WHERE part_number={{part_number}} AND strftime('%Y', sale_date)={{year}};","part_number, year",3,2023년 ACS9510T의 총 판매 수량과 판매 금액은?
PAT_d8bb28f5bf33,"SELECT 'A54SX16A-FG144' AS part_number, SUM(sale_quantity) AS total_qty, SUM(sale_quantity*actual_selling_price) AS total_amount FROM sales_orders WHERE part_number={{part_number}} AND strftime('%Y', sale_date)={{year}};","part_number, year",3,2023년 A54SX16A-FG144의 총 판매 수량과 판매 금액은?
PAT_d8f360b6e583,"SELECT 'EP4CE30F19A7N' AS part_number, COALESCE((SELECT SUM(sale_quantity*actual_selling_price) FROM sales_orders WHERE part_number={{part_number}} AND strftime('%Y', sale_date)={{year}}), 0) AS total_sales, COALESCE((SELECT SUM(purchase_quantity*actual_unit_cost) FROM purchase_orders WHERE part_number={{part_number}} AND strftime('%Y', purchase_date)={{year}}), 0) AS total_purchase, COALESCE((SELECT SUM(sale_quantity*actual_selling_price) FROM sales_orders WHERE part_number={{part_number}} AND strftime('%Y', sale_date)={{year}}), 0) - COALESCE((SELECT SUM(purchase_quantity*actual_unit_cost) FROM purchase_orders WHERE part_number={{part_number}} AND strftime('%Y', purchase_date)={{year}}), 0) AS profit;","part_number, year",3,"2023년 EP4CE30F19A7N의 총매출, 총매입, 순이익(흑자/적자)은?"
PAT_d9d11754dd31,"SELECT v.vendor_name, SUM(s.sale_quantity*s.actual_selling_price) AS total_amount FROM sales_orders s JOIN vendors v ON s.vendor_id=v.vendor_id WHERE strftime('%Y', s.sale_date)='2025' AND strftime('%m', s.sale_date)='03' GROUP BY v.vendor_name ORDER BY total_amount DESC LIMIT 10;",,1,2025년 03월 벤더별 판매 금액 TOP 10은?
PAT_d9f1aabf178c,"SELECT 'BCM6512IPBG' AS part_number, SUM(sale_quantity) AS total_qty, SUM(sale_quantity*actual_selling_price) AS total_amount FROM sales_orders WHERE part_number={{part_number}} AND strftime('%Y', sale_date)={{year}};","part_number, year",3,2023년 BCM6512IPBG의 총 판매 수량과 판매 금액은?
PAT_da2328fdcb79,"SELECT 'CY7C1357C-100BZXC' AS part_number, SUM(purchase_quantity) AS total_qty, SUM(purchase_quantity*actual_unit_cost) AS total_amount FROM purchase_orders WHERE part_number={{part_number}} AND strftime('%Y', purchase_date)={{year}};","part_number, year",3,2023년 CY7C1357C-100BZXC의 총 구매 수량과 구매 금액은?
PAT_da4b6835329b,"SELECT 'CY7C1314BV18-167BZC' AS part_number, COALESCE((SELECT SUM(sale_quantity*actual_selling_price) FROM sales_orders WHERE part_number={{part_number}} AND strftime('%Y', sale_date)={{year}}), 0) AS total_sales, COALESCE((SELECT SUM(purchase_quantity*actual_unit_cost) FROM purchase_orders WHERE part_number={{part_number}} AND strftime('%Y', purchase_date)={{year}}), 0) AS total_purchase, COALESCE((SELECT SUM(sale_quantity*actual_selling_price) FROM sales_orders WHERE part_number={{part_number}} AND strftime('%Y', sale_date)={{year}}), 0) - COALESCE((SELECT SUM(purchase_quantity*actual_unit_cost) FROM purchase_orders WHERE part_number={{part_number}} AND strftime('%Y', purchase_date)={{year}}), 0) AS profit;","part_number, year",3,"2023년 CY7C1314BV18-167BZC의 총매출, 총매입, 순이익(흑자/적자)은?"
PAT_da555d948a78,"SELECT 'EP2C70F896C8' AS part_number, SUM(sale_quantity) AS total_qty, SUM(sale_quantity*actual_selling_price) AS total_amount FROM sales_orders WHERE part_number={{part_number}} AND strftime('%Y', sale_date)={{year}};","part_number, year",3,2023년 EP2C70F896C8의 총 판매 수량과 판매 금액은?
PAT_daca1842b01f,"SELECT v.vendor_name, SUM(s.sale_quantity*s.actual_selling_price) AS total_amount FROM sales_orders s JOIN vendors v ON s.vendor_id=v.vendor_id WHERE strftime('%Y', s.sale_date)='2024' AND strftime('%m', s.sale_date)='09' GROUP BY v.vendor_name ORDER BY total_amount DESC LIMIT 10;",,1,2024년 09월 벤더별 판매 금액 TOP 10은?
PAT_daff478d5d7c,"SELECT 'BCM7313SKPB8G' AS part_number, SUM(sale_quantity) AS total_qty, SUM(sale_quantity*actual_selling_price) AS total_amount FROM sales_orders WHERE part_number={{part_number}} AND strftime('%Y', sale_date)={{year}};","part_number, year",3,2023년 BCM7313SKPB8G의 총 판매 수량과 판매 금액은?
PAT_db2c6abc60ad,"SELECT 'BCSB5200-3' AS part_number, SUM(sale_quantity) AS total_qty, SUM(sale_quantity*actual_selling_price) AS total_amount FROM sales_orders WHERE part_number={{part_number}} AND strftime('%Y', sale_date)={{year}};","part_number, year",3,2023년 BCSB5200-3의 총 판매 수량과 판매 금액은?
PAT_db596ea512c7,"SELECT 'EP4SGX360HF35C2N' AS part_number, SUM(purchase_quantity) AS total_qty, SUM(purchase_quantity*actual_unit_cost) AS total_amount FROM purchase_orders WHERE part_number={{part_number}} AND strftime('%Y', purchase_date)={{year}};","part_number, year",3,2023년 EP4SGX360HF35C2N의 총 구매 수량과 구매 금액은?
PAT_db7e0fd4b463,"SELECT 'FLI75LX-EHBB' AS part_number, SUM(sale_quantity) AS total_qty, SUM(sale_quantity*actual_selling_price) AS total_amount FROM sales_orders WHERE part_number={{part_number}} AND strftime('%Y', sale_date)={{year}};","part_number, year",3,2023년 FLI75LX-EHBB의 총 판매 수량과 판매 금액은?
PAT_db854c2442e7,"SELECT '215H48BGA21HG' AS part_number, COALESCE((SELECT SUM(sale_quantity*actual_selling_price) FROM sales_orders WHERE part_number={{part_number}} AND strftime('%Y', sale_date)={{year}}), 0) AS total_sales, COALESCE((SELECT SUM(purchase_quantity*actual_unit_cost) FROM purchase_orders WHERE part_number={{part_number}} AND strftime('%Y', purchase_date)={{year}}), 0) AS total_purchase, COALESCE((SELECT SUM(sale_quantity*actual_selling_price) FROM sales_orders WHERE part_number={{part_number}} AND strftime('%Y', sale_date)={{year}}), 0) - COALESCE((SELECT SUM(purchase_quantity*actual_unit_cost) FROM purchase_orders WHERE part_number={{part_number}} AND strftime('%Y', purchase_date)={{year}}), 0) AS profit;","part_number, year",3,"2023년 215H48BGA21HG의 총매출, 총매입, 순이익(흑자/적자)은?"
PAT_dbbdcf0e0b4d,"SELECT 'AT24C256-10UI-2.7' AS part_number, COALESCE((SELECT SUM(sale_quantity*actual_selling_price) FROM sales_orders WHERE part_number={{part_number}} AND strftime('%Y', sale_date)={{year}}), 0) AS total_sales, COALESCE((SELECT SUM(purchase_quantity*actual_unit_cost) FROM purchase_orders WHERE part_number={{part_number}} AND strftime('%Y', purchase_date)={{year}}), 0) AS total_purchase, COALESCE((SELECT SUM(sale_quantity*actual_selling_price) FROM sales_orders WHERE part_number={{part_number}} AND strftime('%Y', sale_date)={{year}}), 0) - COALESCE((SELECT SUM(purchase_quantity*actual_unit_cost) FROM purchase_orders WHERE part_number={{part_number}} AND strftime('%Y', purchase_date)={{year}}), 0) AS profit;","part_number, year",3,"2023년 AT24C256-10UI-2.7의 총매출, 총매입, 순이익(흑자/적자)은?"
PAT_dbea301f39aa,"SELECT 'CY7C1313AV18-250BZC' AS part_number, SUM(purchase_quantity) AS total_qty, SUM(purchase_quantity*actual_unit_cost) AS total_amount FROM purchase_orders WHERE part_number={{part_number}} AND strftime('%Y', purchase_date)={{year}};","part_number, year",3,2023년 CY7C1313AV18-250BZC의 총 구매 수량과 구매 금액은?
PAT_dc95a8a9b1b5,"SELECT 'CY7C1393KV18-300BZXC' AS part_number, SUM(purchase_quantity) AS total_qty, SUM(purchase_quantity*actual_unit_cost) AS total_amount FROM purchase_orders WHERE part_number={{part_number}} AND strftime('%Y', purchase_date)={{year}};","part_number, year",3,2023년 CY7C1393KV18-300BZXC의 총 구매 수량과 구매 금액은?
PAT_dca3dd0cdb28,"SELECT 'AK7903-L' AS part_number, COALESCE((SELECT SUM(sale_quantity*actual_selling_price) FROM sales_orders WHERE part_number={{part_number}} AND strftime('%Y', sale_date)={{year}}), 0) AS total_sales, COALESCE((SELECT SUM(purchase_quantity*actual_unit_cost) FROM purchase_orders WHERE part_number={{part_number}} AND strftime('%Y', purchase_date)={{year}}), 0) AS total_purchase, COALESCE((SELECT SUM(sale_quantity*actual_selling_price) FROM sales_orders WHERE part_number={{part_number}} AND strftime('%Y', sale_date)={{year}}), 0) - COALESCE((SELECT SUM(purchase_quantity*actual_unit_cost) FROM purchase_orders WHERE part_number={{part_number}} AND strftime('%Y', purchase_date)={{year}}), 0) AS profit;","part_number, year",3,"2023년 AK7903-L의 총매출, 총매입, 순이익(흑자/적자)은?"
PAT_dca4090d379f,"SELECT 'EP2S60F1020C4N' AS part_number, COALESCE((SELECT SUM(sale_quantity*actual_selling_price) FROM sales_orders WHERE part_number={{part_number}} AND strftime('%Y', sale_date)={{year}}), 0) AS total_sales, COALESCE((SELECT SUM(purchase_quantity*actual_unit_cost) FROM purchase_orders WHERE part_number={{part_number}} AND strftime('%Y', purchase_date)={{year}}), 0) AS total_purchase, COALESCE((SELECT SUM(sale_quantity*actual_selling_price) FROM sales_orders WHERE part_number={{part_number}} AND strftime('%Y', sale_date)={{year}}), 0) - COALESCE((SELECT SUM(purchase_quantity*actual_unit_cost) FROM purchase_orders WHERE part_number={{part_number}} AND strftime('%Y', purchase_date)={{year}}), 0) AS profit;","part_number, year",3,"2023년 EP2S60F1020C4N의 총매출, 총매입, 순이익(흑자/적자)은?"
PAT_dd1c6a54cf9b,"SELECT 'LTC4364IMS-1#TRPBF' AS part_number, SUM(sale_quantity) AS total_qty, SUM(sale_quantity*actual_selling_price) AS total_amount FROM sales_orders WHERE part_number={{part_number}} AND strftime('%Y', sale_date)={{year}};","part_number, year",3,2023년 LTC4364IMS-1#TRPBF의 총 판매 수량과 판매 금액은?
PAT_de543c03c400,"SELECT 'AK7903-L' AS part_number, SUM(purchase_quantity) AS total_qty, SUM(purchase_quantity*actual_unit_cost) AS total_amount FROM purchase_orders WHERE part_number={{part_number}} AND strftime('%Y', purchase_date)={{year}};","part_number, year",3,2023년 AK7903-L의 총 구매 수량과 구매 금액은?
PAT_de7203f1ce23,"SELECT 'DN-FE6001DVA0-ES' AS part_number, COALESCE((SELECT SUM(sale_quantity*actual_selling_price) FROM sales_orders WHERE part_number={{part_number}} AND strftime('%Y', sale_date)={{year}}), 0) AS total_sales, COALESCE((SELECT SUM(purchase_quantity*actual_unit_cost) FROM purchase_orders WHERE part_number={{part_number}} AND strftime('%Y', purchase_date)={{year}}), 0) AS total_purchase, COALESCE((SELECT SUM(sale_quantity*actual_selling_price) FROM sales_orders WHERE part_number={{part_number}} AND strftime('%Y', sale_date)={{year}}), 0) - COALESCE((SELECT SUM(purchase_quantity*actual_unit_cost) FROM purchase_orders WHERE part_number={{part_number}} AND strftime('%Y', purchase_date)={{year}}), 0) AS profit;","part_number, year",3,"2023년 DN-FE6001DVA0-ES의 총매출, 총매입, 순이익(흑자/적자)은?"
PAT_de7392b0f105,"SELECT 'CY7C1313AV18-250BZC' AS part_number, COALESCE((SELECT SUM(sale_quantity*actual_selling_price) FROM sales_orders WHERE part_number={{part_number}} AND strftime('%Y', sale_date)={{year}}), 0) AS total_sales, COALESCE((SELECT SUM(purchase_quantity*actual_unit_cost) FROM purchase_orders WHERE part_number={{part_number}} AND strftime('%Y', purchase_date)={{year}}), 0) AS total_purchase, COALESCE((SELECT SUM(sale_quantity*actual_selling_price) FROM sales_orders WHERE part_number={{part_number}} AND strftime('%Y', sale_date)={{year}}), 0) - COALESCE((SELECT SUM(purchase_quantity*actual_unit_cost) FROM purchase_orders WHERE part_number={{part_number}} AND strftime('%Y', purchase_date)={{year}}), 0) AS profit;","part_number, year",3,"2023년 CY7C1313AV18-250BZC의 총매출, 총매입, 순이익(흑자/적자)은?"
PAT_deb20c633782,"SELECT 'ADSP-BF527KBCZ-6A' AS part_number, SUM(purchase_quantity) AS total_qty, SUM(purchase_quantity*actual_unit_cost) AS total_amount FROM purchase_orders WHERE part_number={{part_number}} AND strftime('%Y', purchase_date)={{year}};","part_number, year",3,2023년 ADSP-BF527KBCZ-6A의 총 구매 수량과 구매 금액은?
PAT_ded68439a114,"SELECT 'AT45DB041B-CU' AS part_number, SUM(purchase_quantity) AS total_qty, SUM(purchase_quantity*actual_unit_cost) AS total_amount FROM purchase_orders WHERE part_number={{part_number}} AND strftime('%Y', purchase_date)={{year}};","part_number, year",3,2023년 AT45DB041B-CU의 총 구매 수량과 구매 금액은?
PAT_dee81c1b73b3,"SELECT m.name AS manufacturer_name, SUM(p.purchase_quantity*p.actual_unit_cost) AS total_amount FROM purchase_orders p JOIN manufacturers m ON p.manufacturer_id=m.manufacturer_id WHERE strftime('%Y', p.purchase_date)='2023' AND strftime('%m', p.purchase_date)='03' GROUP BY m.name ORDER BY total_amount DESC LIMIT 10;",,1,2023년 03월 제조사별 구매 금액 TOP 10은?
PAT_df6bf189e1f4,"SELECT 'BCM56115A0IFEBG' AS part_number, SUM(purchase_quantity) AS total_qty, SUM(purchase_quantity*actual_unit_cost) AS total_amount FROM purchase_orders WHERE part_number={{part_number}} AND strftime('%Y', purchase_date)={{year}};","part_number, year",3,2023년 BCM56115A0IFEBG의 총 구매 수량과 구매 금액은?
PAT_dfcec66b108d,"SELECT 'AT45DB041B-CU' AS part_number, SUM(sale_quantity) AS total_qty, SUM(sale_quantity*actual_selling_price) AS total_amount FROM sales_orders WHERE part_number={{part_number}} AND strftime('%Y', sale_date)={{year}};","part_number, year",3,2023년 AT45DB041B-CU의 총 판매 수량과 판매 금액은?
PAT_dff0a5203a2c,"SELECT 'DS3641B+' AS part_number, SUM(sale_quantity) AS total_qty, SUM(sale_quantity*actual_selling_price) AS total_amount FROM sales_orders WHERE part_number={{part_number}} AND strftime('%Y', sale_date)={{year}};","part_number, year",3,2023년 DS3641B+의 총 판매 수량과 판매 금액은?
PAT_e0066cb9e587,"SELECT v.vendor_name, SUM(s.sale_quantity*s.actual_selling_price) AS total_amount FROM sales_orders s JOIN vendors v ON s.vendor_id=v.vendor_id WHERE strftime('%Y', s.sale_date)='2025' AND strftime('%m', s.sale_date)='06' GROUP BY v.vendor_name ORDER BY total_amount DESC LIMIT 10;",,1,2025년 06월 벤더별 판매 금액 TOP 10은?
PAT_e01fbb3e5567,"SELECT 'AT91SAM9260' AS part_number, SUM(sale_quantity) AS total_qty, SUM(sale_quantity*actual_selling_price) AS total_amount FROM sales_orders WHERE part_number={{part_number}} AND strftime('%Y', sale_date)={{year}};","part_number, year",3,2023년 AT91SAM9260의 총 판매 수량과 판매 금액은?
PAT_e046c1511fe2,"SELECT '81-GCM188R71H104KA7D' AS part_number, COALESCE((SELECT SUM(sale_quantity*actual_selling_price) FROM sales_orders WHERE part_number={{part_number}} AND strftime('%Y', sale_date)={{year}}), 0) AS total_sales, COALESCE((SELECT SUM(purchase_quantity*actual_unit_cost) FROM purchase_orders WHERE part_number={{part_number}} AND strftime('%Y', purchase_date)={{year}}), 0) AS total_purchase, COALESCE((SELECT SUM(sale_quantity*actual_selling_price) FROM sales_orders WHERE part_number={{part_number}} AND strftime('%Y', sale_date)={{year}}), 0) - COALESCE((SELECT SUM(purchase_quantity*actual_unit_cost) FROM purchase_orders WHERE part_number={{part_number}} AND strftime('%Y', purchase_date)={{year}}), 0) AS profit;","part_number, year",3,"2023년 81-GCM188R71H104KA7D의 총매출, 총매입, 순이익(흑자/적자)은?"
PAT_e05f53b8a70d,"SELECT 'CX25930-31Z' AS part_number, SUM(sale_quantity) AS total_qty, SUM(sale_quantity*actual_selling_price) AS total_amount FROM sales_orders WHERE part_number={{part_number}} AND strftime('%Y', sale_date)={{year}};","part_number, year",3,2023년 CX25930-31Z의 총 판매 수량과 판매 금액은?
PAT_e06b4818fe14,"SELECT 'BCM4752IUB2G' AS part_number, COALESCE((SELECT SUM(sale_quantity*actual_selling_price) FROM sales_orders WHERE part_number={{part_number}} AND strftime('%Y', sale_date)={{year}}), 0) AS total_sales, COALESCE((SELECT SUM(purchase_quantity*actual_unit_cost) FROM purchase_orders WHERE part_number={{part_number}} AND strftime('%Y', purchase_date)={{year}}), 0) AS total_purchase, COALESCE((SELECT SUM(sale_quantity*actual_selling_price) FROM sales_orders WHERE part_number={{part_number}} AND strftime('%Y', sale_date)={{year}}), 0) - COALESCE((SELECT SUM(purchase_quantity*actual_unit_cost) FROM purchase_orders WHERE part_number={{part_number}} AND strftime('%Y', purchase_date)={{year}}), 0) AS profit;","part_number, year",3,"2023년 BCM4752IUB2G의 총매출, 총매입, 순이익(흑자/적자)은?"
PAT_e0e4725da8d1,"SELECT 'CY7C1314BV18-167BZC' AS part_number, SUM(sale_quantity) AS total_qty, SUM(sale_quantity*actual_selling_price) AS total_amount FROM sales_orders WHERE part_number={{part_number}} AND strftime('%Y', sale_date)={{year}};","part_number, year",3,2023년 CY7C1314BV18-167BZC의 총 판매 수량과 판매 금액은?
PAT_e0e47e2b356e,"SELECT '98EX126-BDN' AS part_number, COALESCE((SELECT SUM(sale_quantity*actual_selling_price) FROM sales_orders WHERE part_number={{part_number}} AND strftime('%Y', sale_date)={{year}}), 0) AS total_sales, COALESCE((SELECT SUM(purchase_quantity*actual_unit_cost) FROM purchase_orders WHERE part_number={{part_number}} AND strftime('%Y', purchase_date)={{year}}), 0) AS total_purchase, COALESCE((SELECT SUM(sale_quantity*actual_selling_price) FROM sales_orders WHERE part_number={{part_number}} AND strftime('%Y', sale_date)={{year}}), 0) - COALESCE((SELECT SUM(purchase_quantity*actual_unit_cost) FROM purchase_orders WHERE part_number={{part_number}} AND strftime('%Y', purchase_date)={{year}}), 0) AS profit;","part_number, year",3,"2023년 98EX126-BDN의 총매출, 총매입, 순이익(흑자/적자)은?"
PAT_e11d2e23310e,"SELECT 'A3P1000-2FG484' AS part_number, SUM(sale_quantity) AS total_qty, SUM(sale_quantity*actual_selling_price) AS total_amount FROM sales_orders WHERE part_number={{part_number}} AND strftime('%Y', sale_date)={{year}};","part_number, year",3,2023년 A3P1000-2FG484의 총 판매 수량과 판매 금액은?
PAT_e19be31d3a47,"SELECT 'AM29LV640DU90RWHIT' AS part_number, SUM(sale_quantity) AS total_qty, SUM(sale_quantity*actual_selling_price) AS total_amount FROM sales_orders WHERE part_number={{part_number}} AND strftime('%Y', sale_date)={{year}};","part_number, year",3,2023년 AM29LV640DU90RWHIT의 총 판매 수량과 판매 금액은?
PAT_e1bb137ea50e,"SELECT 'BCM3380DKFSBG' AS part_number, SUM(sale_quantity) AS total_qty, SUM(sale_quantity*actual_selling_price) AS total_amount FROM sales_orders WHERE part_number={{part_number}} AND strftime('%Y', sale_date)={{year}};","part_number, year",3,2023년 BCM3380DKFSBG의 총 판매 수량과 판매 금액은?
PAT_e1d1ceeb46af,"SELECT 'EP2SGXF1152AA' AS part_number, SUM(purchase_quantity) AS total_qty, SUM(purchase_quantity*actual_unit_cost) AS total_amount FROM purchase_orders WHERE part_number={{part_number}} AND strftime('%Y', purchase_date)={{year}};","part_number, year",3,2023년 EP2SGXF1152AA의 총 구매 수량과 구매 금액은?
PAT_e1d57af29b3d,"SELECT 'EP1C4F400C7N' AS part_number, SUM(purchase_quantity) AS total_qty, SUM(purchase_quantity*actual_unit_cost) AS total_amount FROM purchase_orders WHERE part_number={{part_number}} AND strftime('%Y', purchase_date)={{year}};","part_number, year",3,2023년 EP1C4F400C7N의 총 구매 수량과 구매 금액은?
PAT_e1ed4ba445d7,"SELECT 'CA91L862A-50CE' AS part_number, SUM(sale_quantity) AS total_qty, SUM(sale_quantity*actual_selling_price) AS total_amount FROM sales_orders WHERE part_number={{part_number}} AND strftime('%Y', sale_date)={{year}};","part_number, year",3,2023년 CA91L862A-50CE의 총 판매 수량과 판매 금액은?
PAT_e20bd860cb7d,"SELECT 'FW21154BE' AS part_number, COALESCE((SELECT SUM(sale_quantity*actual_selling_price) FROM sales_orders WHERE part_number={{part_number}} AND strftime('%Y', sale_date)={{year}}), 0) AS total_sales, COALESCE((SELECT SUM(purchase_quantity*actual_unit_cost) FROM purchase_orders WHERE part_number={{part_number}} AND strftime('%Y', purchase_date)={{year}}), 0) AS total_purchase, COALESCE((SELECT SUM(sale_quantity*actual_selling_price) FROM sales_orders WHERE part_number={{part_number}} AND strftime('%Y', sale_date)={{year}}), 0) - COALESCE((SELECT SUM(purchase_quantity*actual_unit_cost) FROM purchase_orders WHERE part_number={{part_number}} AND strftime('%Y', purchase_date)={{year}}), 0) AS profit;","part_number, year",3,"2023년 FW21154BE의 총매출, 총매입, 순이익(흑자/적자)은?"
PAT_e2294cd6aa8c,"SELECT 'ADSP-BF532SBBC400' AS part_number, SUM(sale_quantity) AS total_qty, SUM(sale_quantity*actual_selling_price) AS total_amount FROM sales_orders WHERE part_number={{part_number}} AND strftime('%Y', sale_date)={{year}};","part_number, year",3,2023년 ADSP-BF532SBBC400의 총 판매 수량과 판매 금액은?
PAT_e252c8d7ce8a,"SELECT 'DN-FE6001DVA0-ES' AS part_number, SUM(purchase_quantity) AS total_qty, SUM(purchase_quantity*actual_unit_cost) AS total_amount FROM purchase_orders WHERE part_number={{part_number}} AND strftime('%Y', purchase_date)={{year}};","part_number, year",3,2023년 DN-FE6001DVA0-ES의 총 구매 수량과 구매 금액은?
PAT_e27f6b5d6d29,"SELECT part_number, description, std_unit_cost, std_selling_price FROM products WHERE part_number={{part_number}};",part_number,300,"10AX115H3F34E2SG 제품의 설명, 표준원가, 표준판매가는?"
PAT_e2c4ee4a6da4,"SELECT 'BCM5650IPB' AS part_number, COALESCE((SELECT SUM(sale_quantity*actual_selling_price) FROM sales_orders WHERE part_number={{part_number}} AND strftime('%Y', sale_date)={{year}}), 0) AS total_sales, COALESCE((SELECT SUM(purchase_quantity*actual_unit_cost) FROM purchase_orders WHERE part_number={{part_number}} AND strftime('%Y', purchase_date)={{year}}), 0) AS total_purchase, COALESCE((SELECT SUM(sale_quantity*actual_selling_price) FROM sales_orders WHERE part_number={{part_number}} AND strftime('%Y', sale_date)={{year}}), 0) - COALESCE((SELECT SUM(purchase_quantity*actual_unit_cost) FROM purchase_orders WHERE part_number={{part_number}} AND strftime('%Y', purchase_date)={{year}}), 0) AS profit;","part_number, year",3,"2023년 BCM5650IPB의 총매출, 총매입, 순이익(흑자/적자)은?"
PAT_e2de278383df,"SELECT 'EDE5132AABG-6E-F' AS part_number, COALESCE((SELECT SUM(sale_quantity*actual_selling_price) FROM sales_orders WHERE part_number={{part_number}} AND strftime('%Y', sale_date)={{year}}), 0) AS total_sales, COALESCE((SELECT SUM(purchase_quantity*actual_unit_cost) FROM purchase_orders WHERE part_number={{part_number}} AND strftime('%Y', purchase_date)={{year}}), 0) AS total_purchase, COALESCE((SELECT SUM(sale_quantity*actual_selling_price) FROM sales_orders WHERE part_number={{part_number}} AND strftime('%Y', sale_date)={{year}}), 0) - COALESCE((SELECT SUM(purchase_quantity*actual_unit_cost) FROM purchase_orders WHERE part_number={{part_number}} AND strftime('%Y', purchase_date)={{year}}), 0) AS profit;","part_number, year",3,"2023년 EDE5132AABG-6E-F의 총매출, 총매입, 순이익(흑자/적자)은?"
PAT_e326fe8eefb4,"SELECT 'EP1S25F780C7' AS part_number, SUM(purchase_quantity) AS total_qty, SUM(purchase_quantity*actual_unit_cost) AS total_amount FROM purchase_orders WHERE part_number={{part_number}} AND strftime('%Y', purchase_date)={{year}};","part_number, year",3,2023년 EP1S25F780C7의 총 구매 수량과 구매 금액은?
PAT_e39b1f2802e2,"SELECT m.name AS manufacturer_name, SUM(p.purchase_quantity*p.actual_unit_cost) AS total_amount FROM purchase_orders p JOIN manufacturers m ON p.manufacturer_id=m.manufacturer_id WHERE strftime('%Y', p.purchase_date)='2023' AND strftime('%m', p.purchase_date)='02' GROUP BY m.name ORDER BY total_amount DESC LIMIT 10;",,1,2023년 02월 제조사별 구매 금액 TOP 10은?
PAT_e3b9b83f8124,"SELECT '213X4VCAA21' AS part_number, SUM(purchase_quantity) AS total_qty, SUM(purchase_quantity*actual_unit_cost) AS total_amount FROM purchase_orders WHERE part_number={{part_number}} AND strftime('%Y', purchase_date)={{year}};","part_number, year",3,2023년 213X4VCAA21의 총 구매 수량과 구매 금액은?
PAT_e3dbfe7be7a0,"SELECT 'BCM5324MKPB' AS part_number, SUM(purchase_quantity) AS total_qty, SUM(purchase_quantity*actual_unit_cost) AS total_amount FROM purchase_orders WHERE part_number={{part_number}} AND strftime('%Y', purchase_date)={{year}};","part_number, year",3,2023년 BCM5324MKPB의 총 구매 수량과 구매 금액은?
PAT_e42a167d0807,"SELECT 'LTC4364IMS-1#TRPBF' AS part_number, COALESCE((SELECT SUM(sale_quantity*actual_selling_price) FROM sales_orders WHERE part_number={{part_number}} AND strftime('%Y', sale_date)={{year}}), 0) AS total_sales, COALESCE((SELECT SUM(purchase_quantity*actual_unit_cost) FROM purchase_orders WHERE part_number={{part_number}} AND strftime('%Y', purchase_date)={{year}}), 0) AS total_purchase, COALESCE((SELECT SUM(sale_quantity*actual_selling_price) FROM sales_orders WHERE part_number={{part_number}} AND strftime('%Y', sale_date)={{year}}), 0) - COALESCE((SELECT SUM(purchase_quantity*actual_unit_cost) FROM purchase_orders WHERE part_number={{part_number}} AND strftime('%Y', purchase_date)={{year}}), 0) AS profit;","part_number, year",3,"2023년 LTC4364IMS-1#TRPBF의 총매출, 총매입, 순이익(흑자/적자)은?"
PAT_e430e26828d9,"SELECT 'EP4CGX110DF31C8N' AS part_number, COALESCE((SELECT SUM(sale_quantity*actual_selling_price) FROM sales_orders WHERE part_number={{part_number}} AND strftime('%Y', sale_date)={{year}}), 0) AS total_sales, COALESCE((SELECT SUM(purchase_quantity*actual_unit_cost) FROM purchase_orders WHERE part_number={{part_number}} AND strftime('%Y', purchase_date)={{year}}), 0) AS total_purchase, COALESCE((SELECT SUM(sale_quantity*actual_selling_price) FROM sales_orders WHERE part_number={{part_number}} AND strftime('%Y', sale_date)={{year}}), 0) - COALESCE((SELECT SUM(purchase_quantity*actual_unit_cost) FROM purchase_orders WHERE part_number={{part_number}} AND strftime('%Y', purchase_date)={{year}}), 0) AS profit;","part_number, year",3,"2023년 EP4CGX110DF31C8N의 총매출, 총매입, 순이익(흑자/적자)은?"
PAT_e46bd81ab609,"SELECT 'BCM3390ZRKFSBG' AS part_number, SUM(sale_quantity) AS total_qty, SUM(sale_quantity*actual_selling_price) AS total_amount FROM sales_orders WHERE part_number={{part_number}} AND strftime('%Y', sale_date)={{year}};","part_number, year",3,2023년 BCM3390ZRKFSBG의 총 판매 수량과 판매 금액은?
PAT_e46f2f86577a,"SELECT v.vendor_name, SUM(s.sale_quantity*s.actual_selling_price) AS total_amount FROM sales_orders s JOIN vendors v ON s.vendor_id=v.vendor_id WHERE strftime('%Y', s.sale_date)='2024' AND strftime('%m', s.sale_date)='08' GROUP BY v.vendor_name ORDER BY total_amount DESC LIMIT 10;",,1,2024년 08월 벤더별 판매 금액 TOP 10은?
PAT_e48fbefbad00,"SELECT 'AD6636BBCZ' AS part_number, COALESCE((SELECT SUM(sale_quantity*actual_selling_price) FROM sales_orders WHERE part_number={{part_number}} AND strftime('%Y', sale_date)={{year}}), 0) AS total_sales, COALESCE((SELECT SUM(purchase_quantity*actual_unit_cost) FROM purchase_orders WHERE part_number={{part_number}} AND strftime('%Y', purchase_date)={{year}}), 0) AS total_purchase, COALESCE((SELECT SUM(sale_quantity*actual_selling_price) FROM sales_orders WHERE part_number={{part_number}} AND strftime('%Y', sale_date)={{year}}), 0) - COALESCE((SELECT SUM(purchase_quantity*actual_unit_cost) FROM purchase_orders WHERE part_number={{part_number}} AND strftime('%Y', purchase_date)={{year}}), 0) AS profit;","part_number, year",3,"2023년 AD6636BBCZ의 총매출, 총매입, 순이익(흑자/적자)은?"
PAT_e4bf69b60f20,"SELECT 'CA91L862A-50IL' AS part_number, SUM(sale_quantity) AS total_qty, SUM(sale_quantity*actual_selling_price) AS total_amount FROM sales_orders WHERE part_number={{part_number}} AND strftime('%Y', sale_date)={{year}};","part_number, year",3,2023년 CA91L862A-50IL의 총 판매 수량과 판매 금액은?
PAT_e52ab8141d18,"SELECT m.name AS manufacturer_name, SUM(p.purchase_quantity*p.actual_unit_cost) AS total_amount FROM purchase_orders p JOIN manufacturers m ON p.manufacturer_id=m.manufacturer_id WHERE strftime('%Y', p.purchase_date)='2025' AND strftime('%m', p.purchase_date)='01' GROUP BY m.name ORDER BY total_amount DESC LIMIT 10;",,1,2025년 01월 제조사별 구매 금액 TOP 10은?
PAT_e53fba9107d6,"SELECT 'CY7C1021BV33L-15BAIT' AS part_number, SUM(sale_quantity) AS total_qty, SUM(sale_quantity*actual_selling_price) AS total_amount FROM sales_orders WHERE part_number={{part_number}} AND strftime('%Y', sale_date)={{year}};","part_number, year",3,2023년 CY7C1021BV33L-15BAIT의 총 판매 수량과 판매 금액은?
PAT_e5a053c7673e,"SELECT 'EP2C20F484I8N' AS part_number, SUM(purchase_quantity) AS total_qty, SUM(purchase_quantity*actual_unit_cost) AS total_amount FROM purchase_orders WHERE part_number={{part_number}} AND strftime('%Y', purchase_date)={{year}};","part_number, year",3,2023년 EP2C20F484I8N의 총 구매 수량과 구매 금액은?
PAT_e5a8ed2405ac,"SELECT 'DL-165' AS part_number, COALESCE((SELECT SUM(sale_quantity*actual_selling_price) FROM sales_orders WHERE part_number={{part_number}} AND strftime('%Y', sale_date)={{year}}), 0) AS total_sales, COALESCE((SELECT SUM(purchase_quantity*actual_unit_cost) FROM purchase_orders WHERE part_number={{part_number}} AND strftime('%Y', purchase_date)={{year}}), 0) AS total_purchase, COALESCE((SELECT SUM(sale_quantity*actual_selling_price) FROM sales_orders WHERE part_number={{part_number}} AND strftime('%Y', sale_date)={{year}}), 0) - COALESCE((SELECT SUM(purchase_quantity*actual_unit_cost) FROM purchase_orders WHERE part_number={{part_number}} AND strftime('%Y', purchase_date)={{year}}), 0) AS profit;","part_number, year",3,"2023년 DL-165의 총매출, 총매입, 순이익(흑자/적자)은?"
PAT_e5b10e228679,"SELECT 'XC4005E-4TQ144C' AS part_number, COALESCE((SELECT SUM(sale_quantity*actual_selling_price) FROM sales_orders WHERE part_number={{part_number}} AND strftime('%Y', sale_date)={{year}}), 0) AS total_sales, COALESCE((SELECT SUM(purchase_quantity*actual_unit_cost) FROM purchase_orders WHERE part_number={{part_number}} AND strftime('%Y', purchase_date)={{year}}), 0) AS total_purchase, COALESCE((SELECT SUM(sale_quantity*actual_selling_price) FROM sales_orders WHERE part_number={{part_number}} AND strftime('%Y', sale_date)={{year}}), 0) - COALESCE((SELECT SUM(purchase_quantity*actual_unit_cost) FROM purchase_orders WHERE part_number={{part_number}} AND strftime('%Y', purchase_date)={{year}}), 0) AS profit;","part_number, year",3,"2023년 XC4005E-4TQ144C의 총매출, 총매입, 순이익(흑자/적자)은?"
PAT_e5db5a175a02,"SELECT pr.part_number, pr.description, SUM(p.purchase_quantity) AS total_qty FROM purchase_orders p JOIN products pr ON p.part_number=pr.part_number WHERE strftime('%Y', p.purchase_date)='2025' GROUP BY pr.part_number, pr.description ORDER BY total_qty DESC LIMIT 20;",,1,2025년 제품 설명 기준 구매 수량 TOP 20은?
PAT_e6b4d0d90fa3,"SELECT 'NLC565050T-1R0K-PF' AS part_number, COALESCE((SELECT SUM(sale_quantity*actual_selling_price) FROM sales_orders WHERE part_number={{part_number}} AND strftime('%Y', sale_date)={{year}}), 0) AS total_sales, COALESCE((SELECT SUM(purchase_quantity*actual_unit_cost) FROM purchase_orders WHERE part_number={{part_number}} AND strftime('%Y', purchase_date)={{year}}), 0) AS total_purchase, COALESCE((SELECT SUM(sale_quantity*actual_selling_price) FROM sales_orders WHERE part_number={{part_number}} AND strftime('%Y', sale_date)={{year}}), 0) - COALESCE((SELECT SUM(purchase_quantity*actual_unit_cost) FROM purchase_orders WHERE part_number={{part_number}} AND strftime('%Y', purchase_date)={{year}}), 0) AS profit;","part_number, year",3,"2023년 NLC565050T-1R0K-PF의 총매출, 총매입, 순이익(흑자/적자)은?"
PAT_e6c505698d9f,"SELECT 'CYPCY7C1314BV18-250BZXC' AS part_number, SUM(purchase_quantity) AS total_qty, SUM(purchase_quantity*actual_unit_cost) AS total_amount FROM purchase_orders WHERE part_number={{part_number}} AND strftime('%Y', purchase_date)={{year}};","part_number, year",3,2023년 CYPCY7C1314BV18-250BZXC의 총 구매 수량과 구매 금액은?
PAT_e6ef84bafc0c,"SELECT 'EPF10K50SFC256-3' AS part_number, COALESCE((SELECT SUM(sale_quantity*actual_selling_price) FROM sales_orders WHERE part_number={{part_number}} AND strftime('%Y', sale_date)={{year}}), 0) AS total_sales, COALESCE((SELECT SUM(purchase_quantity*actual_unit_cost) FROM purchase_orders WHERE part_number={{part_number}} AND strftime('%Y', purchase_date)={{year}}), 0) AS total_purchase, COALESCE((SELECT SUM(sale_quantity*actual_selling_price) FROM sales_orders WHERE part_number={{part_number}} AND strftime('%Y', sale_date)={{year}}), 0) - COALESCE((SELECT SUM(purchase_quantity*actual_unit_cost) FROM purchase_orders WHERE part_number={{part_number}} AND strftime('%Y', purchase_date)={{year}}), 0) AS profit;","part_number, year",3,"2023년 EPF10K50SFC256-3의 총매출, 총매입, 순이익(흑자/적자)은?"
PAT_e72906a8c026,"SELECT 'EP1S40B956C6' AS part_number, SUM(sale_quantity) AS total_qty, SUM(sale_quantity*actual_selling_price) AS total_amount FROM sales_orders WHERE part_number={{part_number}} AND strftime('%Y', sale_date)={{year}};","part_number, year",3,2023년 EP1S40B956C6의 총 판매 수량과 판매 금액은?
PAT_e76f56dcef5d,"SELECT 'BCM3390ZRKFSBG' AS part_number, COALESCE((SELECT SUM(sale_quantity*actual_selling_price) FROM sales_orders WHERE part_number={{part_number}} AND strftime('%Y', sale_date)={{year}}), 0) AS total_sales, COALESCE((SELECT SUM(purchase_quantity*actual_unit_cost) FROM purchase_orders WHERE part_number={{part_number}} AND strftime('%Y', purchase_date)={{year}}), 0) AS total_purchase, COALESCE((SELECT SUM(sale_quantity*actual_selling_price) FROM sales_orders WHERE part_number={{part_number}} AND strftime('%Y', sale_date)={{year}}), 0) - COALESCE((SELECT SUM(purchase_quantity*actual_unit_cost) FROM purchase_orders WHERE part_number={{part_number}} AND strftime('%Y', purchase_date)={{year}}), 0) AS profit;","part_number, year",3,"2023년 BCM3390ZRKFSBG의 총매출, 총매입, 순이익(흑자/적자)은?"
PAT_e7725a88b0f8,"SELECT 'ADSP-BF533SBBC500' AS part_number, COALESCE((SELECT SUM(sale_quantity*actual_selling_price) FROM sales_orders WHERE part_number={{part_number}} AND strftime('%Y', sale_date)={{year}}), 0) AS total_sales, COALESCE((SELECT SUM(purchase_quantity*actual_unit_cost) FROM purchase_orders WHERE part_number={{part_number}} AND strftime('%Y', purchase_date)={{year}}), 0) AS total_purchase, COALESCE((SELECT SUM(sale_quantity*actual_selling_price) FROM sales_orders WHERE part_number={{part_number}} AND strftime('%Y', sale_date)={{year}}), 0) - COALESCE((SELECT SUM(purchase_quantity*actual_unit_cost) FROM purchase_orders WHERE part_number={{part_number}} AND strftime('%Y', purchase_date)={{year}}), 0) AS profit;","part_number, year",3,"2023년 ADSP-BF533SBBC500의 총매출, 총매입, 순이익(흑자/적자)은?"
PAT_e77c7f519de0,"SELECT 'CY7C1515KV18-250BZC' AS part_number, SUM(sale_quantity) AS total_qty, SUM(sale_quantity*actual_selling_price) AS total_amount FROM sales_orders WHERE part_number={{part_number}} AND strftime('%Y', sale_date)={{year}};","part_number, year",3,2023년 CY7C1515KV18-250BZC의 총 판매 수량과 판매 금액은?
PAT_e8236af86c95,"SELECT 'BCM5387IFBG' AS part_number, SUM(purchase_quantity) AS total_qty, SUM(purchase_quantity*actual_unit_cost) AS total_amount FROM purchase_orders WHERE part_number={{part_number}} AND strftime('%Y', purchase_date)={{year}};","part_number, year",3,2023년 BCM5387IFBG의 총 구매 수량과 구매 금액은?
PAT_e889e3efb065,"SELECT 'CYUSB3014-BZXC' AS part_number, SUM(sale_quantity) AS total_qty, SUM(sale_quantity*actual_selling_price) AS total_amount FROM sales_orders WHERE part_number={{part_number}} AND strftime('%Y', sale_date)={{year}};","part_number, year",3,2023년 CYUSB3014-BZXC의 총 판매 수량과 판매 금액은?
PAT_e8ad98dd60c6,"SELECT 'LE87281NQCT' AS part_number, COALESCE((SELECT SUM(sale_quantity*actual_selling_price) FROM sales_orders WHERE part_number={{part_number}} AND strftime('%Y', sale_date)={{year}}), 0) AS total_sales, COALESCE((SELECT SUM(purchase_quantity*actual_unit_cost) FROM purchase_orders WHERE part_number={{part_number}} AND strftime('%Y', purchase_date)={{year}}), 0) AS total_purchase, COALESCE((SELECT SUM(sale_quantity*actual_selling_price) FROM sales_orders WHERE part_number={{part_number}} AND strftime('%Y', sale_date)={{year}}), 0) - COALESCE((SELECT SUM(purchase_quantity*actual_unit_cost) FROM purchase_orders WHERE part_number={{part_number}} AND strftime('%Y', purchase_date)={{year}}), 0) AS profit;","part_number, year",3,"2023년 LE87281NQCT의 총매출, 총매입, 순이익(흑자/적자)은?"
PAT_e8ec213a77eb,"SELECT 'CYP15G0401DXB-BGXI' AS part_number, SUM(sale_quantity) AS total_qty, SUM(sale_quantity*actual_selling_price) AS total_amount FROM sales_orders WHERE part_number={{part_number}} AND strftime('%Y', sale_date)={{year}};","part_number, year",3,2023년 CYP15G0401DXB-BGXI의 총 판매 수량과 판매 금액은?
PAT_e9284ac54a1c,"SELECT m.manufacturer_id, m.name AS manufacturer_name, SUM(p.purchase_quantity) AS total_qty, SUM(p.purchase_quantity*p.actual_unit_cost) AS total_amount FROM purchase_orders p JOIN manufacturers m ON p.manufacturer_id=m.manufacturer_id WHERE p.manufacturer_id={{manufacturer_id}} AND strftime('%Y', p.purchase_date)='2024' GROUP BY m.manufacturer_id, m.name;",manufacturer_id,69,2024년 제조사 1의 총 구매 수량과 구매 금액은?
PAT_e92bb485a3b6,"SELECT 'BCM5352KPBG' AS part_number, SUM(purchase_quantity) AS total_qty, SUM(purchase_quantity*actual_unit_cost) AS total_amount FROM purchase_orders WHERE part_number={{part_number}} AND strftime('%Y', purchase_date)={{year}};","part_number, year",3,2023년 BCM5352KPBG의 총 구매 수량과 구매 금액은?
PAT_e99390b3d659,"SELECT 'EPC16UC88' AS part_number, COALESCE((SELECT SUM(sale_quantity*actual_selling_price) FROM sales_orders WHERE part_number={{part_number}} AND strftime('%Y', sale_date)={{year}}), 0) AS total_sales, COALESCE((SELECT SUM(purchase_quantity*actual_unit_cost) FROM purchase_orders WHERE part_number={{part_number}} AND strftime('%Y', purchase_date)={{year}}), 0) AS total_purchase, COALESCE((SELECT SUM(sale_quantity*actual_selling_price) FROM sales_orders WHERE part_number={{part_number}} AND strftime('%Y', sale_date)={{year}}), 0) - COALESCE((SELECT SUM(purchase_quantity*actual_unit_cost) FROM purchase_orders WHERE part_number={{part_number}} AND strftime('%Y', purchase_date)={{year}}), 0) AS profit;","part_number, year",3,"2023년 EPC16UC88의 총매출, 총매입, 순이익(흑자/적자)은?"
PAT_e9ae03374658,"SELECT 'BCM7401RKPB33G' AS part_number, SUM(sale_quantity) AS total_qty, SUM(sale_quantity*actual_selling_price) AS total_amount FROM sales_orders WHERE part_number={{part_number}} AND strftime('%Y', sale_date)={{year}};","part_number, year",3,2023년 BCM7401RKPB33G의 총 판매 수량과 판매 금액은?
PAT_e9dec338ba8e,"SELECT 'CSD18532Q5B' AS part_number, SUM(sale_quantity) AS total_qty, SUM(sale_quantity*actual_selling_price) AS total_amount FROM sales_orders WHERE part_number={{part_number}} AND strftime('%Y', sale_date)={{year}};","part_number, year",3,2023년 CSD18532Q5B의 총 판매 수량과 판매 금액은?
PAT_ea479cf7a913,"SELECT 'CY7C1347G-133BGXC' AS part_number, SUM(sale_quantity) AS total_qty, SUM(sale_quantity*actual_selling_price) AS total_amount FROM sales_orders WHERE part_number={{part_number}} AND strftime('%Y', sale_date)={{year}};","part_number, year",3,2023년 CY7C1347G-133BGXC의 총 판매 수량과 판매 금액은?
PAT_ea786fe998fa,"SELECT v.vendor_id, v.vendor_name, SUM(s.sale_quantity) AS total_qty, SUM(s.sale_quantity*s.actual_selling_price) AS total_amount FROM sales_orders s JOIN vendors v ON s.vendor_id=v.vendor_id WHERE s.vendor_id={{vendor_id}} AND strftime('%Y', s.sale_date)='2024' GROUP BY v.vendor_id, v.vendor_name;",vendor_id,29,2024년 벤더 1의 총 판매 수량과 판매 금액은?
PAT_ea9d86c4a218,"SELECT 'EP1C12F324C8N' AS part_number, SUM(purchase_quantity) AS total_qty, SUM(purchase_quantity*actual_unit_cost) AS total_amount FROM purchase_orders WHERE part_number={{part_number}} AND strftime('%Y', purchase_date)={{year}};","part_number, year",3,2023년 EP1C12F324C8N의 총 구매 수량과 구매 금액은?
PAT_eac001997e74,"SELECT 'CXE16KDT-1' AS part_number, COALESCE((SELECT SUM(sale_quantity*actual_selling_price) FROM sales_orders WHERE part_number={{part_number}} AND strftime('%Y', sale_date)={{year}}), 0) AS total_sales, COALESCE((SELECT SUM(purchase_quantity*actual_unit_cost) FROM purchase_orders WHERE part_number={{part_number}} AND strftime('%Y', purchase_date)={{year}}), 0) AS total_purchase, COALESCE((SELECT SUM(sale_quantity*actual_selling_price) FROM sales_orders WHERE part_number={{part_number}} AND strftime('%Y', sale_date)={{year}}), 0) - COALESCE((SELECT SUM(purchase_quantity*actual_unit_cost) FROM purchase_orders WHERE part_number={{part_number}} AND strftime('%Y', purchase_date)={{year}}), 0) AS profit;","part_number, year",3,"2023년 CXE16KDT-1의 총매출, 총매입, 순이익(흑자/적자)은?"
PAT_eb1f1e74f273,"SELECT 'BCM5650KPBG' AS part_number, COALESCE((SELECT SUM(sale_quantity*actual_selling_price) FROM sales_orders WHERE part_number={{part_number}} AND strftime('%Y', sale_date)={{year}}), 0) AS total_sales, COALESCE((SELECT SUM(purchase_quantity*actual_unit_cost) FROM purchase_orders WHERE part_number={{part_number}} AND strftime('%Y', purchase_date)={{year}}), 0) AS total_purchase, COALESCE((SELECT SUM(sale_quantity*actual_selling_price) FROM sales_orders WHERE part_number={{part_number}} AND strftime('%Y', sale_date)={{year}}), 0) - COALESCE((SELECT SUM(purchase_quantity*actual_unit_cost) FROM purchase_orders WHERE part_number={{part_number}} AND strftime('%Y', purchase_date)={{year}}), 0) AS profit;","part_number, year",3,"2023년 BCM5650KPBG의 총매출, 총매입, 순이익(흑자/적자)은?"
PAT_eb7660ffbc45,"SELECT 'EP3SE80F780I3N' AS part_number, SUM(purchase_quantity) AS total_qty, SUM(purchase_quantity*actual_unit_cost) AS total_amount FROM purchase_orders WHERE part_number={{part_number}} AND strftime('%Y', purchase_date)={{year}};","part_number, year",3,2023년 EP3SE80F780I3N의 총 구매 수량과 구매 금액은?
PAT_eb914d28c678,"SELECT 'BCM3556FKFSB5G' AS part_number, COALESCE((SELECT SUM(sale_quantity*actual_selling_price) FROM sales_orders WHERE part_number={{part_number}} AND strftime('%Y', sale_date)={{year}}), 0) AS total_sales, COALESCE((SELECT SUM(purchase_quantity*actual_unit_cost) FROM purchase_orders WHERE part_number={{part_number}} AND strftime('%Y', purchase_date)={{year}}), 0) AS total_purchase, COALESCE((SELECT SUM(sale_quantity*actual_selling_price) FROM sales_orders WHERE part_number={{part_number}} AND strftime('%Y', sale_date)={{year}}), 0) - COALESCE((SELECT SUM(purchase_quantity*actual_unit_cost) FROM purchase_orders WHERE part_number={{part_number}} AND strftime('%Y', purchase_date)={{year}}), 0) AS profit;","part_number, year",3,"2023년 BCM3556FKFSB5G의 총매출, 총매입, 순이익(흑자/적자)은?"
PAT_ebbb43c915bf,"SELECT 'FW21555BB' AS part_number, SUM(purchase_quantity) AS total_qty, SUM(purchase_quantity*actual_unit_cost) AS total_amount FROM purchase_orders WHERE part_number={{part_number}} AND strftime('%Y', purchase_date)={{year}};","part_number, year",3,2023년 FW21555BB의 총 구매 수량과 구매 금액은?
PAT_ec02dff370e0,"SELECT 'EDB1332BDBH-1DAAT' AS part_number, COALESCE((SELECT SUM(sale_quantity*actual_selling_price) FROM sales_orders WHERE part_number={{part_number}} AND strftime('%Y', sale_date)={{year}}), 0) AS total_sales, COALESCE((SELECT SUM(purchase_quantity*actual_unit_cost) FROM purchase_orders WHERE part_number={{part_number}} AND strftime('%Y', purchase_date)={{year}}), 0) AS total_purchase, COALESCE((SELECT SUM(sale_quantity*actual_selling_price) FROM sales_orders WHERE part_number={{part_number}} AND strftime('%Y', sale_date)={{year}}), 0) - COALESCE((SELECT SUM(purchase_quantity*actual_unit_cost) FROM purchase_orders WHERE part_number={{part_number}} AND strftime('%Y', purchase_date)={{year}}), 0) AS profit;","part_number, year",3,"2023년 EDB1332BDBH-1DAAT의 총매출, 총매입, 순이익(흑자/적자)은?"
PAT_ec5058e2bb6c,"SELECT m.name AS manufacturer_name, SUM(p.purchase_quantity*p.actual_unit_cost) AS total_amount FROM purchase_orders p JOIN manufacturers m ON p.manufacturer_id=m.manufacturer_id WHERE strftime('%Y', p.purchase_date)='2025' AND strftime('%m', p.purchase_date)='06' GROUP BY m.name ORDER BY total_amount DESC LIMIT 10;",,1,2025년 06월 제조사별 구매 금액 TOP 10은?
PAT_ec80c61eae1f,"SELECT 'EP2C50F672C8N' AS part_number, SUM(purchase_quantity) AS total_qty, SUM(purchase_quantity*actual_unit_cost) AS total_amount FROM purchase_orders WHERE part_number={{part_number}} AND strftime('%Y', purchase_date)={{year}};","part_number, year",3,2023년 EP2C50F672C8N의 총 구매 수량과 구매 금액은?
PAT_ec825a8b4115,"SELECT v.vendor_name, SUM(s.sale_quantity*s.actual_selling_price) AS total_amount FROM sales_orders s JOIN vendors v ON s.vendor_id=v.vendor_id WHERE strftime('%Y', s.sale_date)='2023' AND strftime('%m', s.sale_date)='05' GROUP BY v.vendor_name ORDER BY total_amount DESC LIMIT 10;",,1,2023년 05월 벤더별 판매 금액 TOP 10은?
PAT_edb3fe66cbfe,"SELECT 'EP10K100ABC600-1' AS part_number, SUM(purchase_quantity) AS total_qty, SUM(purchase_quantity*actual_unit_cost) AS total_amount FROM purchase_orders WHERE part_number={{part_number}} AND strftime('%Y', purchase_date)={{year}};","part_number, year",3,2023년 EP10K100ABC600-1의 총 구매 수량과 구매 금액은?
PAT_edb82f0de728,"SELECT 'CY62167DV30LL-70BVXI' AS part_number, COALESCE((SELECT SUM(sale_quantity*actual_selling_price) FROM sales_orders WHERE part_number={{part_number}} AND strftime('%Y', sale_date)={{year}}), 0) AS total_sales, COALESCE((SELECT SUM(purchase_quantity*actual_unit_cost) FROM purchase_orders WHERE part_number={{part_number}} AND strftime('%Y', purchase_date)={{year}}), 0) AS total_purchase, COALESCE((SELECT SUM(sale_quantity*actual_selling_price) FROM sales_orders WHERE part_number={{part_number}} AND strftime('%Y', sale_date)={{year}}), 0) - COALESCE((SELECT SUM(purchase_quantity*actual_unit_cost) FROM purchase_orders WHERE part_number={{part_number}} AND strftime('%Y', purchase_date)={{year}}), 0) AS profit;","part_number, year",3,"2023년 CY62167DV30LL-70BVXI의 총매출, 총매입, 순이익(흑자/적자)은?"
PAT_edd4642f82bb,"SELECT 'CY7C1515KV18-300BZXI' AS part_number, COALESCE((SELECT SUM(sale_quantity*actual_selling_price) FROM sales_orders WHERE part_number={{part_number}} AND strftime('%Y', sale_date)={{year}}), 0) AS total_sales, COALESCE((SELECT SUM(purchase_quantity*actual_unit_cost) FROM purchase_orders WHERE part_number={{part_number}} AND strftime('%Y', purchase_date)={{year}}), 0) AS total_purchase, COALESCE((SELECT SUM(sale_quantity*actual_selling_price) FROM sales_orders WHERE part_number={{part_number}} AND strftime('%Y', sale_date)={{year}}), 0) - COALESCE((SELECT SUM(purchase_quantity*actual_unit_cost) FROM purchase_orders WHERE part_number={{part_number}} AND strftime('%Y', purchase_date)={{year}}), 0) AS profit;","part_number, year",3,"2023년 CY7C1515KV18-300BZXI의 총매출, 총매입, 순이익(흑자/적자)은?"
PAT_edfa99e89f62,"SELECT 'BCM5481UA2IML' AS part_number, SUM(sale_quantity) AS total_qty, SUM(sale_quantity*actual_selling_price) AS total_amount FROM sales_orders WHERE part_number={{part_number}} AND strftime('%Y', sale_date)={{year}};","part_number, year",3,2023년 BCM5481UA2IML의 총 판매 수량과 판매 금액은?
PAT_ee3cebe198dd,"SELECT 'BCM8152CIFBG' AS part_number, COALESCE((SELECT SUM(sale_quantity*actual_selling_price) FROM sales_orders WHERE part_number={{part_number}} AND strftime('%Y', sale_date)={{year}}), 0) AS total_sales, COALESCE((SELECT SUM(purchase_quantity*actual_unit_cost) FROM purchase_orders WHERE part_number={{part_number}} AND strftime('%Y', purchase_date)={{year}}), 0) AS total_purchase, COALESCE((SELECT SUM(sale_quantity*actual_selling_price) FROM sales_orders WHERE part_number={{part_number}} AND strftime('%Y', sale_date)={{year}}), 0) - COALESCE((SELECT SUM(purchase_quantity*actual_unit_cost) FROM purchase_orders WHERE part_number={{part_number}} AND strftime('%Y', purchase_date)={{year}}), 0) AS profit;","part_number, year",3,"2023년 BCM8152CIFBG의 총매출, 총매입, 순이익(흑자/적자)은?"
PAT_eebec418963a,"SELECT '5CEFA5F23I7N' AS part_number, SUM(purchase_quantity) AS total_qty, SUM(purchase_quantity*actual_unit_cost) AS total_amount FROM purchase_orders WHERE part_number={{part_number}} AND strftime('%Y', purchase_date)={{year}};","part_number, year",3,2023년 5CEFA5F23I7N의 총 구매 수량과 구매 금액은?
PAT_eec3181a53d9,"SELECT 'BCM5321MKPBG' AS part_number, SUM(purchase_quantity) AS total_qty, SUM(purchase_quantity*actual_unit_cost) AS total_amount FROM purchase_orders WHERE part_number={{part_number}} AND strftime('%Y', purchase_date)={{year}};","part_number, year",3,2023년 BCM5321MKPBG의 총 구매 수량과 구매 금액은?
PAT_eec5a55a9556,"SELECT 'EP20K60EFC324-1' AS part_number, COALESCE((SELECT SUM(sale_quantity*actual_selling_price) FROM sales_orders WHERE part_number={{part_number}} AND strftime('%Y', sale_date)={{year}}), 0) AS total_sales, COALESCE((SELECT SUM(purchase_quantity*actual_unit_cost) FROM purchase_orders WHERE part_number={{part_number}} AND strftime('%Y', purchase_date)={{year}}), 0) AS total_purchase, COALESCE((SELECT SUM(sale_quantity*actual_selling_price) FROM sales_orders WHERE part_number={{part_number}} AND strftime('%Y', sale_date)={{year}}), 0) - COALESCE((SELECT SUM(purchase_quantity*actual_unit_cost) FROM purchase_orders WHERE part_number={{part_number}} AND strftime('%Y', purchase_date)={{year}}), 0) AS profit;","part_number, year",3,"2023년 EP20K60EFC324-1의 총매출, 총매입, 순이익(흑자/적자)은?"
PAT_ef01c86b557b,"SELECT 'BCM7601YKFEBG' AS part_number, SUM(sale_quantity) AS total_qty, SUM(sale_quantity*actual_selling_price) AS total_amount FROM sales_orders WHERE part_number={{part_number}} AND strftime('%Y', sale_date)={{year}};","part_number, year",3,2023년 BCM7601YKFEBG의 총 판매 수량과 판매 금액은?
PAT_ef16c7307616,"SELECT 'BCM5650KPBG' AS part_number, SUM(sale_quantity) AS total_qty, SUM(sale_quantity*actual_selling_price) AS total_amount FROM sales_orders WHERE part_number={{part_number}} AND strftime('%Y', sale_date)={{year}};","part_number, year",3,2023년 BCM5650KPBG의 총 판매 수량과 판매 금액은?
PAT_ef35b95401f2,"SELECT 'EP1K100FC484-3N' AS part_number, SUM(purchase_quantity) AS total_qty, SUM(purchase_quantity*actual_unit_cost) AS total_amount FROM purchase_orders WHERE part_number={{part_number}} AND strftime('%Y', purchase_date)={{year}};","part_number, year",3,2023년 EP1K100FC484-3N의 총 구매 수량과 구매 금액은?
PAT_ef3cbb06cfeb,"SELECT 'CY7C1061DV33-10BVXI' AS part_number, COALESCE((SELECT SUM(sale_quantity*actual_selling_price) FROM sales_orders WHERE part_number={{part_number}} AND strftime('%Y', sale_date)={{year}}), 0) AS total_sales, COALESCE((SELECT SUM(purchase_quantity*actual_unit_cost) FROM purchase_orders WHERE part_number={{part_number}} AND strftime('%Y', purchase_date)={{year}}), 0) AS total_purchase, COALESCE((SELECT SUM(sale_quantity*actual_selling_price) FROM sales_orders WHERE part_number={{part_number}} AND strftime('%Y', sale_date)={{year}}), 0) - COALESCE((SELECT SUM(purchase_quantity*actual_unit_cost) FROM purchase_orders WHERE part_number={{part_number}} AND strftime('%Y', purchase_date)={{year}}), 0) AS profit;","part_number, year",3,"2023년 CY7C1061DV33-10BVXI의 총매출, 총매입, 순이익(흑자/적자)은?"
PAT_f07c389eba7e,"SELECT 'ADSP-21369KBPZ-2A' AS part_number, SUM(purchase_quantity) AS total_qty, SUM(purchase_quantity*actual_unit_cost) AS total_amount FROM purchase_orders WHERE part_number={{part_number}} AND strftime('%Y', purchase_date)={{year}};","part_number, year",3,2023년 ADSP-21369KBPZ-2A의 총 구매 수량과 구매 금액은?
PAT_f0e5af568694,"SELECT v.vendor_name, SUM(s.sale_quantity*s.actual_selling_price) AS total_amount FROM sales_orders s JOIN vendors v ON s.vendor_id=v.vendor_id WHERE strftime('%Y', s.sale_date)='2024' AND strftime('%m', s.sale_date)='10' GROUP BY v.vendor_name ORDER BY total_amount DESC LIMIT 10;",,1,2024년 10월 벤더별 판매 금액 TOP 10은?
PAT_f11505f798f3,"SELECT 'BCM5482SA1KFB' AS part_number, SUM(sale_quantity) AS total_qty, SUM(sale_quantity*actual_selling_price) AS total_amount FROM sales_orders WHERE part_number={{part_number}} AND strftime('%Y', sale_date)={{year}};","part_number, year",3,2023년 BCM5482SA1KFB의 총 판매 수량과 판매 금액은?
PAT_f1417d70dfe3,"SELECT 'BCM63138DVKFSBG' AS part_number, SUM(sale_quantity) AS total_qty, SUM(sale_quantity*actual_selling_price) AS total_amount FROM sales_orders WHERE part_number={{part_number}} AND strftime('%Y', sale_date)={{year}};","part_number, year",3,2023년 BCM63138DVKFSBG의 총 판매 수량과 판매 금액은?
PAT_f16eefc03158,"SELECT 'BCM8152CIFBG' AS part_number, SUM(purchase_quantity) AS total_qty, SUM(purchase_quantity*actual_unit_cost) AS total_amount FROM purchase_orders WHERE part_number={{part_number}} AND strftime('%Y', purchase_date)={{year}};","part_number, year",3,2023년 BCM8152CIFBG의 총 구매 수량과 구매 금액은?
PAT_f179a0b32781,"SELECT 'AT89C5130A-PUTUM' AS part_number, SUM(purchase_quantity) AS total_qty, SUM(purchase_quantity*actual_unit_cost) AS total_amount FROM purchase_orders WHERE part_number={{part_number}} AND strftime('%Y', purchase_date)={{year}};","part_number, year",3,2023년 AT89C5130A-PUTUM의 총 구매 수량과 구매 금액은?
PAT_f1d6d9f1b21a,"SELECT 'CY37256VP256-66BBI' AS part_number, SUM(sale_quantity) AS total_qty, SUM(sale_quantity*actual_selling_price) AS total_amount FROM sales_orders WHERE part_number={{part_number}} AND strftime('%Y', sale_date)={{year}};","part_number, year",3,2023년 CY37256VP256-66BBI의 총 판매 수량과 판매 금액은?
PAT_f23761518e97,"SELECT 'EP1S10F672I7' AS part_number, SUM(sale_quantity) AS total_qty, SUM(sale_quantity*actual_selling_price) AS total_amount FROM sales_orders WHERE part_number={{part_number}} AND strftime('%Y', sale_date)={{year}};","part_number, year",3,2023년 EP1S10F672I7의 총 판매 수량과 판매 금액은?
PAT_f33215748e46,"SELECT 'AC82GL40-SLGGM' AS part_number, COALESCE((SELECT SUM(sale_quantity*actual_selling_price) FROM sales_orders WHERE part_number={{part_number}} AND strftime('%Y', sale_date)={{year}}), 0) AS total_sales, COALESCE((SELECT SUM(purchase_quantity*actual_unit_cost) FROM purchase_orders WHERE part_number={{part_number}} AND strftime('%Y', purchase_date)={{year}}), 0) AS total_purchase, COALESCE((SELECT SUM(sale_quantity*actual_selling_price) FROM sales_orders WHERE part_number={{part_number}} AND strftime('%Y', sale_date)={{year}}), 0) - COALESCE((SELECT SUM(purchase_quantity*actual_unit_cost) FROM purchase_orders WHERE part_number={{part_number}} AND strftime('%Y', purchase_date)={{year}}), 0) AS profit;","part_number, year",3,"2023년 AC82GL40-SLGGM의 총매출, 총매입, 순이익(흑자/적자)은?"
PAT_f367975af3b9,"SELECT 'EP2C20F484I8N' AS part_number, COALESCE((SELECT SUM(sale_quantity*actual_selling_price) FROM sales_orders WHERE part_number={{part_number}} AND strftime('%Y', sale_date)={{year}}), 0) AS total_sales, COALESCE((SELECT SUM(purchase_quantity*actual_unit_cost) FROM purchase_orders WHERE part_number={{part_number}} AND strftime('%Y', purchase_date)={{year}}), 0) AS total_purchase, COALESCE((SELECT SUM(sale_quantity*actual_selling_price) FROM sales_orders WHERE part_number={{part_number}} AND strftime('%Y', sale_date)={{year}}), 0) - COALESCE((SELECT SUM(purchase_quantity*actual_unit_cost) FROM purchase_orders WHERE part_number={{part_number}} AND strftime('%Y', purchase_date)={{year}}), 0) AS profit;","part_number, year",3,"2023년 EP2C20F484I8N의 총매출, 총매입, 순이익(흑자/적자)은?"
PAT_f37591ae8c9e,"SELECT '10CX105YF780E6G' AS part_number, SUM(sale_quantity) AS total_qty, SUM(sale_quantity*actual_selling_price) AS total_amount FROM sales_orders WHERE part_number={{part_number}} AND strftime('%Y', sale_date)={{year}};","part_number, year",3,2023년 10CX105YF780E6G의 총 판매 수량과 판매 금액은?
PAT_f38e16bbf679,"SELECT 'EPF10K130EFI484-2' AS part_number, COALESCE((SELECT SUM(sale_quantity*actual_selling_price) FROM sales_orders WHERE part_number={{part_number}} AND strftime('%Y', sale_date)={{year}}), 0) AS total_sales, COALESCE((SELECT SUM(purchase_quantity*actual_unit_cost) FROM purchase_orders WHERE part_number={{part_number}} AND strftime('%Y', purchase_date)={{year}}), 0) AS total_purchase, COALESCE((SELECT SUM(sale_quantity*actual_selling_price) FROM sales_orders WHERE part_number={{part_number}} AND strftime('%Y', sale_date)={{year}}), 0) - COALESCE((SELECT SUM(purchase_quantity*actual_unit_cost) FROM purchase_orders WHERE part_number={{part_number}} AND strftime('%Y', purchase_date)={{year}}), 0) AS profit;","part_number, year",3,"2023년 EPF10K130EFI484-2의 총매출, 총매입, 순이익(흑자/적자)은?"
PAT_f41c5d01c7ee,"SELECT '88E1111-B2-BAB1I000' AS part_number, SUM(purchase_quantity) AS total_qty, SUM(purchase_quantity*actual_unit_cost) AS total_amount FROM purchase_orders WHERE part_number={{part_number}} AND strftime('%Y', purchase_date)={{year}};","part_number, year",3,2023년 88E1111-B2-BAB1I000의 총 구매 수량과 구매 금액은?
PAT_f42031335cfe,"SELECT 'EP3C40F780C8N' AS part_number, SUM(sale_quantity) AS total_qty, SUM(sale_quantity*actual_selling_price) AS total_amount FROM sales_orders WHERE part_number={{part_number}} AND strftime('%Y', sale_date)={{year}};","part_number, year",3,2023년 EP3C40F780C8N의 총 판매 수량과 판매 금액은?
PAT_f4909d0553e1,"SELECT 'BCM5228FA4KPFG' AS part_number, SUM(sale_quantity) AS total_qty, SUM(sale_quantity*actual_selling_price) AS total_amount FROM sales_orders WHERE part_number={{part_number}} AND strftime('%Y', sale_date)={{year}};","part_number, year",3,2023년 BCM5228FA4KPFG의 총 판매 수량과 판매 금액은?
PAT_f4d9f28382f1,"SELECT 'CN5010-300BG564I-CP-G' AS part_number, SUM(sale_quantity) AS total_qty, SUM(sale_quantity*actual_selling_price) AS total_amount FROM sales_orders WHERE part_number={{part_number}} AND strftime('%Y', sale_date)={{year}};","part_number, year",3,2023년 CN5010-300BG564I-CP-G의 총 판매 수량과 판매 금액은?
PAT_f5044315a996,"SELECT 'EP20K200EBC356-1' AS part_number, COALESCE((SELECT SUM(sale_quantity*actual_selling_price) FROM sales_orders WHERE part_number={{part_number}} AND strftime('%Y', sale_date)={{year}}), 0) AS total_sales, COALESCE((SELECT SUM(purchase_quantity*actual_unit_cost) FROM purchase_orders WHERE part_number={{part_number}} AND strftime('%Y', purchase_date)={{year}}), 0) AS total_purchase, COALESCE((SELECT SUM(sale_quantity*actual_selling_price) FROM sales_orders WHERE part_number={{part_number}} AND strftime('%Y', sale_date)={{year}}), 0) - COALESCE((SELECT SUM(purchase_quantity*actual_unit_cost) FROM purchase_orders WHERE part_number={{part_number}} AND strftime('%Y', purchase_date)={{year}}), 0) AS profit;","part_number, year",3,"2023년 EP20K200EBC356-1의 총매출, 총매입, 순이익(흑자/적자)은?"
PAT_f5298993f5c3,"SELECT 'ADSP-21MOD980N-000' AS part_number, COALESCE((SELECT SUM(sale_quantity*actual_selling_price) FROM sales_orders WHERE part_number={{part_number}} AND strftime('%Y', sale_date)={{year}}), 0) AS total_sales, COALESCE((SELECT SUM(purchase_quantity*actual_unit_cost) FROM purchase_orders WHERE part_number={{part_number}} AND strftime('%Y', purchase_date)={{year}}), 0) AS total_purchase, COALESCE((SELECT SUM(sale_quantity*actual_selling_price) FROM sales_orders WHERE part_number={{part_number}} AND strftime('%Y', sale_date)={{year}}), 0) - COALESCE((SELECT SUM(purchase_quantity*actual_unit_cost) FROM purchase_orders WHERE part_number={{part_number}} AND strftime('%Y', purchase_date)={{year}}), 0) AS profit;","part_number, year",3,"2023년 ADSP-21MOD980N-000의 총매출, 총매입, 순이익(흑자/적자)은?"
PAT_f54cfd1d8be6,"SELECT 'BCM6522IPBG' AS part_number, SUM(sale_quantity) AS total_qty, SUM(sale_quantity*actual_selling_price) AS total_amount FROM sales_orders WHERE part_number={{part_number}} AND strftime('%Y', sale_date)={{year}};","part_number, year",3,2023년 BCM6522IPBG의 총 판매 수량과 판매 금액은?
PAT_f554d6216b43,"SELECT 'EP1C6F256C7N' AS part_number, SUM(sale_quantity) AS total_qty, SUM(sale_quantity*actual_selling_price) AS total_amount FROM sales_orders WHERE part_number={{part_number}} AND strftime('%Y', sale_date)={{year}};","part_number, year",3,2023년 EP1C6F256C7N의 총 판매 수량과 판매 금액은?
PAT_f63afde3903e,"SELECT 'AD6636BBCZ' AS part_number, SUM(purchase_quantity) AS total_qty, SUM(purchase_quantity*actual_unit_cost) AS total_amount FROM purchase_orders WHERE part_number={{part_number}} AND strftime('%Y', purchase_date)={{year}};","part_number, year",3,2023년 AD6636BBCZ의 총 구매 수량과 구매 금액은?
PAT_f65eaa30620d,"SELECT v.vendor_id, v.vendor_name, SUM(s.sale_quantity) AS total_qty, SUM(s.sale_quantity*s.actual_selling_price) AS total_amount FROM sales_orders s JOIN vendors v ON s.vendor_id=v.vendor_id WHERE s.vendor_id={{vendor_id}} AND strftime('%Y', s.sale_date)='2025' GROUP BY v.vendor_id, v.vendor_name;",vendor_id,29,2025년 벤더 1의 총 판매 수량과 판매 금액은?
PAT_f669bfa09010,"SELECT 'HD64F38104FPV' AS part_number, SUM(sale_quantity) AS total_qty, SUM(sale_quantity*actual_selling_price) AS total_amount FROM sales_orders WHERE part_number={{part_number}} AND strftime('%Y', sale_date)={{year}};","part_number, year",3,2023년 HD64F38104FPV의 총 판매 수량과 판매 금액은?
PAT_f68b4d3f5531,"SELECT v.vendor_name, SUM(s.sale_quantity*s.actual_selling_price) AS total_amount FROM sales_orders s JOIN vendors v ON s.vendor_id=v.vendor_id WHERE strftime('%Y', s.sale_date)='2024' AND strftime('%m', s.sale_date)='12' GROUP BY v.vendor_name ORDER BY total_amount DESC LIMIT 10;",,1,2024년 12월 벤더별 판매 금액 TOP 10은?
PAT_f6ae060aae80,"SELECT 'EP4SGX360HF35C2N' AS part_number, SUM(sale_quantity) AS total_qty, SUM(sale_quantity*actual_selling_price) AS total_amount FROM sales_orders WHERE part_number={{part_number}} AND strftime('%Y', sale_date)={{year}};","part_number, year",3,2023년 EP4SGX360HF35C2N의 총 판매 수량과 판매 금액은?
PAT_f6b614d5dafa,"SELECT 'AD6657BBCZ' AS part_number, SUM(sale_quantity) AS total_qty, SUM(sale_quantity*actual_selling_price) AS total_amount FROM sales_orders WHERE part_number={{part_number}} AND strftime('%Y', sale_date)={{year}};","part_number, year",3,2023년 AD6657BBCZ의 총 판매 수량과 판매 금액은?
PAT_f71314a02dde,"SELECT 'BCM5646B0KPB' AS part_number, SUM(sale_quantity) AS total_qty, SUM(sale_quantity*actual_selling_price) AS total_amount FROM sales_orders WHERE part_number={{part_number}} AND strftime('%Y', sale_date)={{year}};","part_number, year",3,2023년 BCM5646B0KPB의 총 판매 수량과 판매 금액은?
PAT_f72ccf5a6dca,"SELECT 'CN5230C-600BG729-SCP-Y' AS part_number, SUM(purchase_quantity) AS total_qty, SUM(purchase_quantity*actual_unit_cost) AS total_amount FROM purchase_orders WHERE part_number={{part_number}} AND strftime('%Y', purchase_date)={{year}};","part_number, year",3,2023년 CN5230C-600BG729-SCP-Y의 총 구매 수량과 구매 금액은?
PAT_f8584fdd6ce1,"SELECT 'BCM56842LA1IFRBG' AS part_number, COALESCE((SELECT SUM(sale_quantity*actual_selling_price) FROM sales_orders WHERE part_number={{part_number}} AND strftime('%Y', sale_date)={{year}}), 0) AS total_sales, COALESCE((SELECT SUM(purchase_quantity*actual_unit_cost) FROM purchase_orders WHERE part_number={{part_number}} AND strftime('%Y', purchase_date)={{year}}), 0) AS total_purchase, COALESCE((SELECT SUM(sale_quantity*actual_selling_price) FROM sales_orders WHERE part_number={{part_number}} AND strftime('%Y', sale_date)={{year}}), 0) - COALESCE((SELECT SUM(purchase_quantity*actual_unit_cost) FROM purchase_orders WHERE part_number={{part_number}} AND strftime('%Y', purchase_date)={{year}}), 0) AS profit;","part_number, year",3,"2023년 BCM56842LA1IFRBG의 총매출, 총매입, 순이익(흑자/적자)은?"
PAT_f9006e0aad4e,"SELECT 'LE87402MQCT' AS part_number, SUM(purchase_quantity) AS total_qty, SUM(purchase_quantity*actual_unit_cost) AS total_amount FROM purchase_orders WHERE part_number={{part_number}} AND strftime('%Y', purchase_date)={{year}};","part_number, year",3,2023년 LE87402MQCT의 총 구매 수량과 구매 금액은?
PAT_f90ed166ea8b,"SELECT 'BCM5753KFBG' AS part_number, SUM(sale_quantity) AS total_qty, SUM(sale_quantity*actual_selling_price) AS total_amount FROM sales_orders WHERE part_number={{part_number}} AND strftime('%Y', sale_date)={{year}};","part_number, year",3,2023년 BCM5753KFBG의 총 판매 수량과 판매 금액은?
PAT_f90fe9c7372c,"SELECT 'AT24C256U2-10UI-2.7' AS part_number, SUM(purchase_quantity) AS total_qty, SUM(purchase_quantity*actual_unit_cost) AS total_amount FROM purchase_orders WHERE part_number={{part_number}} AND strftime('%Y', purchase_date)={{year}};","part_number, year",3,2023년 AT24C256U2-10UI-2.7의 총 구매 수량과 구매 금액은?
PAT_f9512d99670e,"SELECT 'BCM6522IPBG' AS part_number, SUM(purchase_quantity) AS total_qty, SUM(purchase_quantity*actual_unit_cost) AS total_amount FROM purchase_orders WHERE part_number={{part_number}} AND strftime('%Y', purchase_date)={{year}};","part_number, year",3,2023년 BCM6522IPBG의 총 구매 수량과 구매 금액은?
PAT_f98ddba8dca6,"SELECT m.name AS manufacturer_name, SUM(p.purchase_quantity*p.actual_unit_cost) AS total_amount FROM purchase_orders p JOIN manufacturers m ON p.manufacturer_id=m.manufacturer_id WHERE strftime('%Y', p.purchase_date)='2024' AND strftime('%m', p.purchase_date)='01' GROUP BY m.name ORDER BY total_amount DESC LIMIT 10;",,1,2024년 01월 제조사별 구매 금액 TOP 10은?
PAT_f9e7fe6f85ac,"SELECT 'EP1S40B956C6' AS part_number, COALESCE((SELECT SUM(sale_quantity*actual_selling_price) FROM sales_orders WHERE part_number={{part_number}} AND strftime('%Y', sale_date)={{year}}), 0) AS total_sales, COALESCE((SELECT SUM(purchase_quantity*actual_unit_cost) FROM purchase_orders WHERE part_number={{part_number}} AND strftime('%Y', purchase_date)={{year}}), 0) AS total_purchase, COALESCE((SELECT SUM(sale_quantity*actual_selling_price) FROM sales_orders WHERE part_number={{part_number}} AND strftime('%Y', sale_date)={{year}}), 0) - COALESCE((SELECT SUM(purchase_quantity*actual_unit_cost) FROM purchase_orders WHERE part_number={{part_number}} AND strftime('%Y', purchase_date)={{year}}), 0) AS profit;","part_number, year",3,"2023년 EP1S40B956C6의 총매출, 총매입, 순이익(흑자/적자)은?"
PAT_fa1a675060f0,"SELECT 'BCM5656KPBG' AS part_number, COALESCE((SELECT SUM(sale_quantity*actual_selling_price) FROM sales_orders WHERE part_number={{part_number}} AND strftime('%Y', sale_date)={{year}}), 0) AS total_sales, COALESCE((SELECT SUM(purchase_quantity*actual_unit_cost) FROM purchase_orders WHERE part_number={{part_number}} AND strftime('%Y', purchase_date)={{year}}), 0) AS total_purchase, COALESCE((SELECT SUM(sale_quantity*actual_selling_price) FROM sales_orders WHERE part_number={{part_number}} AND strftime('%Y', sale_date)={{year}}), 0) - COALESCE((SELECT SUM(purchase_quantity*actual_unit_cost) FROM purchase_orders WHERE part_number={{part_number}} AND strftime('%Y', purchase_date)={{year}}), 0) AS profit;","part_number, year",3,"2023년 BCM5656KPBG의 총매출, 총매입, 순이익(흑자/적자)은?"
PAT_fa4871ee4d2c,"SELECT 'BCM5266A0KFBG' AS part_number, SUM(purchase_quantity) AS total_qty, SUM(purchase_quantity*actual_unit_cost) AS total_amount FROM purchase_orders WHERE part_number={{part_number}} AND strftime('%Y', purchase_date)={{year}};","part_number, year",3,2023년 BCM5266A0KFBG의 총 구매 수량과 구매 금액은?
PAT_fa5913bae04b,"SELECT 'ADSP-BF527KBCZ-6A' AS part_number, SUM(sale_quantity) AS total_qty, SUM(sale_quantity*actual_selling_price) AS total_amount FROM sales_orders WHERE part_number={{part_number}} AND strftime('%Y', sale_date)={{year}};","part_number, year",3,2023년 ADSP-BF527KBCZ-6A의 총 판매 수량과 판매 금액은?
PAT_fab8281cf01f,"SELECT 'BCM3380DKFSBG' AS part_number, SUM(purchase_quantity) AS total_qty, SUM(purchase_quantity*actual_unit_cost) AS total_amount FROM purchase_orders WHERE part_number={{part_number}} AND strftime('%Y', purchase_date)={{year}};","part_number, year",3,2023년 BCM3380DKFSBG의 총 구매 수량과 구매 금액은?
PAT_fae25fd09284,"SELECT 'BCM3341A0KPBG' AS part_number, SUM(purchase_quantity) AS total_qty, SUM(purchase_quantity*actual_unit_cost) AS total_amount FROM purchase_orders WHERE part_number={{part_number}} AND strftime('%Y', purchase_date)={{year}};","part_number, year",3,2023년 BCM3341A0KPBG의 총 구매 수량과 구매 금액은?
PAT_fb06932fbcc0,"SELECT 'ADSP-BF524KBCZ-3' AS part_number, SUM(sale_quantity) AS total_qty, SUM(sale_quantity*actual_selling_price) AS total_amount FROM sales_orders WHERE part_number={{part_number}} AND strftime('%Y', sale_date)={{year}};","part_number, year",3,2023년 ADSP-BF524KBCZ-3의 총 판매 수량과 판매 금액은?
PAT_fba977386869,"SELECT 'BCM5650IPB' AS part_number, SUM(purchase_quantity) AS total_qty, SUM(purchase_quantity*actual_unit_cost) AS total_amount FROM purchase_orders WHERE part_number={{part_number}} AND strftime('%Y', purchase_date)={{year}};","part_number, year",3,2023년 BCM5650IPB의 총 구매 수량과 구매 금액은?
PAT_fbae01657068,"SELECT 'BCM3378KFBG' AS part_number, COALESCE((SELECT SUM(sale_quantity*actual_selling_price) FROM sales_orders WHERE part_number={{part_number}} AND strftime('%Y', sale_date)={{year}}), 0) AS total_sales, COALESCE((SELECT SUM(purchase_quantity*actual_unit_cost) FROM purchase_orders WHERE part_number={{part_number}} AND strftime('%Y', purchase_date)={{year}}), 0) AS total_purchase, COALESCE((SELECT SUM(sale_quantity*actual_selling_price) FROM sales_orders WHERE part_number={{part_number}} AND strftime('%Y', sale_date)={{year}}), 0) - COALESCE((SELECT SUM(purchase_quantity*actual_unit_cost) FROM purchase_orders WHERE part_number={{part_number}} AND strftime('%Y', purchase_date)={{year}}), 0) AS profit;","part_number, year",3,"2023년 BCM3378KFBG의 총매출, 총매입, 순이익(흑자/적자)은?"
PAT_fc787d49d2d8,"SELECT 'CY7C1370DV25-200BZCT' AS part_number, COALESCE((SELECT SUM(sale_quantity*actual_selling_price) FROM sales_orders WHERE part_number={{part_number}} AND strftime('%Y', sale_date)={{year}}), 0) AS total_sales, COALESCE((SELECT SUM(purchase_quantity*actual_unit_cost) FROM purchase_orders WHERE part_number={{part_number}} AND strftime('%Y', purchase_date)={{year}}), 0) AS total_purchase, COALESCE((SELECT SUM(sale_quantity*actual_selling_price) FROM sales_orders WHERE part_number={{part_number}} AND strftime('%Y', sale_date)={{year}}), 0) - COALESCE((SELECT SUM(purchase_quantity*actual_unit_cost) FROM purchase_orders WHERE part_number={{part_number}} AND strftime('%Y', purchase_date)={{year}}), 0) AS profit;","part_number, year",3,"2023년 CY7C1370DV25-200BZCT의 총매출, 총매입, 순이익(흑자/적자)은?"
PAT_fc8cdddae6d3,"SELECT '88E1111-B2-BAB1I000' AS part_number, COALESCE((SELECT SUM(sale_quantity*actual_selling_price) FROM sales_orders WHERE part_number={{part_number}} AND strftime('%Y', sale_date)={{year}}), 0) AS total_sales, COALESCE((SELECT SUM(purchase_quantity*actual_unit_cost) FROM purchase_orders WHERE part_number={{part_number}} AND strftime('%Y', purchase_date)={{year}}), 0) AS total_purchase, COALESCE((SELECT SUM(sale_quantity*actual_selling_price) FROM sales_orders WHERE part_number={{part_number}} AND strftime('%Y', sale_date)={{year}}), 0) - COALESCE((SELECT SUM(purchase_quantity*actual_unit_cost) FROM purchase_orders WHERE part_number={{part_number}} AND strftime('%Y', purchase_date)={{year}}), 0) AS profit;","part_number, year",3,"2023년 88E1111-B2-BAB1I000의 총매출, 총매입, 순이익(흑자/적자)은?"
PAT_fcbe9de39f0b,"SELECT 'LTC3521IUF#TRPBF' AS part_number, SUM(sale_quantity) AS total_qty, SUM(sale_quantity*actual_selling_price) AS total_amount FROM sales_orders WHERE part_number={{part_number}} AND strftime('%Y', sale_date)={{year}};","part_number, year",3,2023년 LTC3521IUF#TRPBF의 총 판매 수량과 판매 금액은?
PAT_fe63ca5e3fe3,"SELECT 'BCM3361KPBG' AS part_number, SUM(sale_quantity) AS total_qty, SUM(sale_quantity*actual_selling_price) AS total_amount FROM sales_orders WHERE part_number={{part_number}} AND strftime('%Y', sale_date)={{year}};","part_number, year",3,2023년 BCM3361KPBG의 총 판매 수량과 판매 금액은?
PAT_fe7ff1680881,"SELECT 'CY7C1312BV18-167BZC' AS part_number, SUM(sale_quantity) AS total_qty, SUM(sale_quantity*actual_selling_price) AS total_amount FROM sales_orders WHERE part_number={{part_number}} AND strftime('%Y', sale_date)={{year}};","part_number, year",3,2023년 CY7C1312BV18-167BZC의 총 판매 수량과 판매 금액은?
PAT_feac4b3efaa7,"SELECT 'LE87402MQCT' AS part_number, SUM(sale_quantity) AS total_qty, SUM(sale_quantity*actual_selling_price) AS total_amount FROM sales_orders WHERE part_number={{part_number}} AND strftime('%Y', sale_date)={{year}};","part_number, year",3,2023년 LE87402MQCT의 총 판매 수량과 판매 금액은?
PAT_fefa3bcd564d,"SELECT 'AG64EB1N' AS part_number, SUM(purchase_quantity) AS total_qty, SUM(purchase_quantity*actual_unit_cost) AS total_amount FROM purchase_orders WHERE part_number={{part_number}} AND strftime('%Y', purchase_date)={{year}};","part_number, year",3,2023년 AG64EB1N의 총 구매 수량과 구매 금액은?
PAT_ff29dfec7ed4,"SELECT 'BCM7313SKPB8G' AS part_number, COALESCE((SELECT SUM(sale_quantity*actual_selling_price) FROM sales_orders WHERE part_number={{part_number}} AND strftime('%Y', sale_date)={{year}}), 0) AS total_sales, COALESCE((SELECT SUM(purchase_quantity*actual_unit_cost) FROM purchase_orders WHERE part_number={{part_number}} AND strftime('%Y', purchase_date)={{year}}), 0) AS total_purchase, COALESCE((SELECT SUM(sale_quantity*actual_selling_price) FROM sales_orders WHERE part_number={{part_number}} AND strftime('%Y', sale_date)={{year}}), 0) - COALESCE((SELECT SUM(purchase_quantity*actual_unit_cost) FROM purchase_orders WHERE part_number={{part_number}} AND strftime('%Y', purchase_date)={{year}}), 0) AS profit;","part_number, year",3,"2023년 BCM7313SKPB8G의 총매출, 총매입, 순이익(흑자/적자)은?"
PAT_ff40a8e3290b,"SELECT 'CNW5302-250BG624-SCP-G' AS part_number, SUM(purchase_quantity) AS total_qty, SUM(purchase_quantity*actual_unit_cost) AS total_amount FROM purchase_orders WHERE part_number={{part_number}} AND strftime('%Y', purchase_date)={{year}};","part_number, year",3,2023년 CNW5302-250BG624-SCP-G의 총 구매 수량과 구매 금액은?
PAT_ffa709ef35fb,"SELECT 'DSP56321FC240' AS part_number, COALESCE((SELECT SUM(sale_quantity*actual_selling_price) FROM sales_orders WHERE part_number={{part_number}} AND strftime('%Y', sale_date)={{year}}), 0) AS total_sales, COALESCE((SELECT SUM(purchase_quantity*actual_unit_cost) FROM purchase_orders WHERE part_number={{part_number}} AND strftime('%Y', purchase_date)={{year}}), 0) AS total_purchase, COALESCE((SELECT SUM(sale_quantity*actual_selling_price) FROM sales_orders WHERE part_number={{part_number}} AND strftime('%Y', sale_date)={{year}}), 0) - COALESCE((SELECT SUM(purchase_quantity*actual_unit_cost) FROM purchase_orders WHERE part_number={{part_number}} AND strftime('%Y', purchase_date)={{year}}), 0) AS profit;","part_number, year",3,"2023년 DSP56321FC240의 총매출, 총매입, 순이익(흑자/적자)은?"
PAT_ffa923625415,"SELECT 'CY7C1305TV25-167BZC' AS part_number, SUM(purchase_quantity) AS total_qty, SUM(purchase_quantity*actual_unit_cost) AS total_amount FROM purchase_orders WHERE part_number={{part_number}} AND strftime('%Y', purchase_date)={{year}};","part_number, year",3,2023년 CY7C1305TV25-167BZC의 총 구매 수량과 구매 금액은?
PAT_ffaf37f1f56f,"SELECT '10M16SAU169I7G' AS part_number, SUM(sale_quantity) AS total_qty, SUM(sale_quantity*actual_selling_price) AS total_amount FROM sales_orders WHERE part_number={{part_number}} AND strftime('%Y', sale_date)={{year}};","part_number, year",3,2023년 10M16SAU169I7G의 총 판매 수량과 판매 금액은?
PAT_ffc04fa10d0f,"SELECT 'FWIXP425BB' AS part_number, COALESCE((SELECT SUM(sale_quantity*actual_selling_price) FROM sales_orders WHERE part_number={{part_number}} AND strftime('%Y', sale_date)={{year}}), 0) AS total_sales, COALESCE((SELECT SUM(purchase_quantity*actual_unit_cost) FROM purchase_orders WHERE part_number={{part_number}} AND strftime('%Y', purchase_date)={{year}}), 0) AS total_purchase, COALESCE((SELECT SUM(sale_quantity*actual_selling_price) FROM sales_orders WHERE part_number={{part_number}} AND strftime('%Y', sale_date)={{year}}), 0) - COALESCE((SELECT SUM(purchase_quantity*actual_unit_cost) FROM purchase_orders WHERE part_number={{part_number}} AND strftime('%Y', purchase_date)={{year}}), 0) AS profit;","part_number, year",3,"2023년 FWIXP425BB의 총매출, 총매입, 순이익(흑자/적자)은?"
